held_system,method,n,MAE_10A_mOhm,MAE_20A_mOhm
5,RBF_plus_adaptive_workpoint,400,0.0889282847355317,0.08993115240051236
5,RBF_plus_causal_Wiener_time,400,0.10948356743172681,0.09586193884343047
5,global_median,400,0.12714791867149497,0.12836905364737564
5,global_plus_adaptive_workpoint,400,0.07771859417745455,0.08497971059941328
5,global_plus_causal_Wiener_time,400,0.08622185370032903,0.08787879826228397
5,last_same_cell_step,400,0.1262833342912916,0.11242196810252998
5,linear_plus_causal_Wiener_time,400,0.08928957698795774,0.08100163210997931
5,workpoint_RBF_approx,400,0.13119627702517853,0.10343868564875244
5,workpoint_linear_ridge,400,0.12667549974325173,0.09998972766767494
6,RBF_plus_adaptive_workpoint,28119,0.16613804818706077,0.16382622680243744
6,RBF_plus_causal_Wiener_time,28119,0.16811552059147497,0.17107546068648152
6,global_median,28119,0.2615120940826569,0.2606877876120533
6,global_plus_adaptive_workpoint,28119,0.17112999231434334,0.16414608553408352
6,global_plus_causal_Wiener_time,28119,0.17273572045921404,0.17030206902260653
6,last_same_cell_step,28119,0.2692704810682269,0.24213283235600389
6,linear_plus_causal_Wiener_time,28119,0.18277473911054118,0.1727409050504026
6,workpoint_RBF_approx,28119,0.2795832692570868,0.2813881163208409
6,workpoint_linear_ridge,28119,0.2921604956488358,0.2840754849701
8,RBF_plus_adaptive_workpoint,21662,0.28856243041543833,0.27540062488103256
8,RBF_plus_causal_Wiener_time,21662,0.3003936341667888,0.2833387995195741
8,global_median,21662,0.2766607111126279,0.27664935355815223
8,global_plus_adaptive_workpoint,21662,0.2678259276752483,0.26573723620473366
8,global_plus_causal_Wiener_time,21662,0.27796589332620353,0.27426665582809767
8,last_same_cell_step,21662,0.4489590670117578,0.3929319015099957
8,linear_plus_causal_Wiener_time,21662,0.2804580667278033,0.27004065296147234
8,workpoint_RBF_approx,21662,0.2996820001590632,0.2852187474100151
8,workpoint_linear_ridge,21662,0.2879195749459655,0.27740086961984955
9,RBF_plus_adaptive_workpoint,6496,0.1006666991597912,0.08592321408481825
9,RBF_plus_causal_Wiener_time,6496,0.14483016415913674,0.11194685008561164
9,global_median,6496,0.1177978226189397,0.122297838627162
9,global_plus_adaptive_workpoint,6496,0.07016684036707056,0.07012007534622926
9,global_plus_causal_Wiener_time,6496,0.10047041098458612,0.10270330817535064
9,last_same_cell_step,6496,0.14746914185637686,0.13403586870057654
9,linear_plus_causal_Wiener_time,6496,0.12382370035162536,0.10358919567679911
9,workpoint_RBF_approx,6496,0.18743029536235398,0.1554370127748911
9,workpoint_linear_ridge,6496,0.17470327830636412,0.13397153347525562
10,RBF_plus_adaptive_workpoint,2277,0.17356608414866648,0.14557494210863206
10,RBF_plus_causal_Wiener_time,2277,0.1886170930464613,0.15610075009787883
10,global_median,2277,0.2522090901538494,0.2564917155201469
10,global_plus_adaptive_workpoint,2277,0.1556367428615477,0.1480968265034125
10,global_plus_causal_Wiener_time,2277,0.1752812099067209,0.17428106408410332
10,last_same_cell_step,2277,0.23536716969186663,0.21277283088948068
10,linear_plus_causal_Wiener_time,2277,0.19316641784314156,0.16204157443198836
10,workpoint_RBF_approx,2277,0.22089177921814557,0.2035549909217467
10,workpoint_linear_ridge,2277,0.22363900393917333,0.20658827543548466
12,RBF_plus_adaptive_workpoint,935,0.14180869492014914,0.12959091965742603
12,RBF_plus_causal_Wiener_time,935,0.17136072143698935,0.14075019496892013
12,global_median,935,0.3055345496808297,0.30372821603514566
12,global_plus_adaptive_workpoint,935,0.13042315810402377,0.12652550643516663
12,global_plus_causal_Wiener_time,935,0.14245748401699773,0.13837445390573677
12,last_same_cell_step,935,0.16240948936963068,0.13168531821434826
12,linear_plus_causal_Wiener_time,935,0.15141841176403828,0.13302751064270754
12,workpoint_RBF_approx,935,0.33754542038102864,0.2912339591515015
12,workpoint_linear_ridge,935,0.32510565880449777,0.28192362750646494
18,RBF_plus_adaptive_workpoint,1070,0.2945235486578349,0.25966310746538934
18,RBF_plus_causal_Wiener_time,1070,0.3035721199456007,0.274184464468499
18,global_median,1070,0.25589827170097057,0.2557195622391751
18,global_plus_adaptive_workpoint,1070,0.292572311288067,0.2611465682899648
18,global_plus_causal_Wiener_time,1070,0.30434745392600715,0.27083472346739146
18,last_same_cell_step,1070,0.9877401757070435,0.43192490122818644
18,linear_plus_causal_Wiener_time,1070,0.2976862750166853,0.27274120125497986
18,workpoint_RBF_approx,1070,0.2603802021507561,0.2541652908693233
18,workpoint_linear_ridge,1070,0.2521552268836882,0.25042945557749197
21,RBF_plus_adaptive_workpoint,9672,0.09323023688697758,0.07552778452547095
21,RBF_plus_causal_Wiener_time,9672,0.13557578205889892,0.08773400060173887
21,global_median,9672,0.12313195482538482,0.12229233267900934
21,global_plus_adaptive_workpoint,9672,0.07956607232444633,0.07057093745408612
21,global_plus_causal_Wiener_time,9672,0.08908448158641014,0.0902863157323198
21,last_same_cell_step,9672,0.13505087009163042,0.11320021838421418
21,linear_plus_causal_Wiener_time,9672,0.11139440553118868,0.08442414146102203
21,workpoint_RBF_approx,9672,0.14161267672027628,0.11745439464285692
21,workpoint_linear_ridge,9672,0.13777450460821514,0.1150772300469397
22,RBF_plus_adaptive_workpoint,624,0.04168452979789027,0.0422274839338019
22,RBF_plus_causal_Wiener_time,624,0.07257593907977163,0.05087010004589803
22,global_median,624,0.16374997625696294,0.16560825997748735
22,global_plus_adaptive_workpoint,624,0.05226060335158573,0.052216190293002375
22,global_plus_causal_Wiener_time,624,0.0874481506608478,0.0802750160614207
22,last_same_cell_step,624,0.0986088601245158,0.08491959636159943
22,linear_plus_causal_Wiener_time,624,0.07245600837974332,0.05983475560507168
22,workpoint_RBF_approx,624,0.09625051663310093,0.06705182662487633
22,workpoint_linear_ridge,624,0.10151984852320428,0.08134350289586038
