system,threshold_A,timestamp,cell,I_before_A,I_after_A,delta_I_A,SOC_BMS_pct,temperature_C,v_before_V,v_after_V,R_step_mOhm,R_plausible,step_interval_s,sample_time_bin_3h
27,5,2013-10-15T09:38:35,1,-2.16514420509338,-12.4003715515137,-10.23522734642032,89.3,12.75,3.333,3.325,0.7816142943613202,True,5,127947
27,5,2013-10-15T09:38:35,2,-2.16514420509338,-12.4003715515137,-10.23522734642032,89.3,12.75,3.334,3.322,1.1724214415419805,True,5,127947
27,5,2013-10-15T09:38:35,3,-2.16514420509338,-12.4003715515137,-10.23522734642032,89.3,12.75,3.334,3.324,0.9770178679516721,True,5,127947
27,5,2013-10-15T09:38:35,4,-2.16514420509338,-12.4003715515137,-10.23522734642032,89.3,12.75,3.336,3.327,0.8793160811564744,True,5,127947
27,5,2013-10-15T09:38:35,5,-2.16514420509338,-12.4003715515137,-10.23522734642032,89.3,12.75,3.339,3.329,0.9770178679516287,True,5,127947
27,5,2013-10-15T09:38:35,6,-2.16514420509338,-12.4003715515137,-10.23522734642032,89.3,12.75,3.338,3.329,0.8793160811564744,True,5,127947
27,5,2013-10-15T09:38:35,7,-2.16514420509338,-12.4003715515137,-10.23522734642032,89.3,12.75,3.336,3.327,0.8793160811564744,True,5,127947
27,5,2013-10-15T09:38:35,8,-2.16514420509338,-12.4003715515137,-10.23522734642032,89.3,12.75,3.341,3.332,0.8793160811565178,True,5,127947
27,5,2013-10-15T12:17:25,1,-3.96122980117798,-22.291145324707,-18.32991552352902,81.7,15.0,3.348,3.348,-0.0,False,5,127948
27,5,2013-10-15T12:17:25,2,-3.96122980117798,-22.291145324707,-18.32991552352902,81.7,15.0,3.347,3.343,0.2182225005273724,True,5,127948
27,5,2013-10-15T12:17:25,3,-3.96122980117798,-22.291145324707,-18.32991552352902,81.7,15.0,3.349,3.347,0.10911125026369832,True,5,127948
27,5,2013-10-15T12:17:25,4,-3.96122980117798,-22.291145324707,-18.32991552352902,81.7,15.0,3.351,3.349,0.10911125026367409,True,5,127948
27,5,2013-10-15T12:17:25,5,-3.96122980117798,-22.291145324707,-18.32991552352902,81.7,15.0,3.354,3.35,0.2182225005273724,True,5,127948
27,5,2013-10-15T12:17:25,6,-3.96122980117798,-22.291145324707,-18.32991552352902,81.7,15.0,3.354,3.352,0.10911125026369832,True,5,127948
27,5,2013-10-15T12:17:25,7,-3.96122980117798,-22.291145324707,-18.32991552352902,81.7,15.0,3.352,3.348,0.2182225005273724,True,5,127948
27,5,2013-10-15T12:17:25,8,-3.96122980117798,-22.291145324707,-18.32991552352902,81.7,15.0,3.357,3.353,0.2182225005273724,True,5,127948
27,5,2013-10-15T15:02:05,1,-4.15806150436401,-23.7427749633789,-19.58471345901489,80.5,14.5,3.329,3.31,0.97014439551345,True,5,127949
27,5,2013-10-15T15:02:05,2,-4.15806150436401,-23.7427749633789,-19.58471345901489,80.5,14.5,3.325,3.307,0.9190841641706429,True,5,127949
27,5,2013-10-15T15:02:05,3,-4.15806150436401,-23.7427749633789,-19.58471345901489,80.5,14.5,3.328,3.31,0.9190841641706201,True,5,127949
27,5,2013-10-15T15:02:05,4,-4.15806150436401,-23.7427749633789,-19.58471345901489,80.5,14.5,3.331,3.315,0.8169637014850059,True,5,127949
27,5,2013-10-15T15:02:05,5,-4.15806150436401,-23.7427749633789,-19.58471345901489,80.5,14.5,3.333,3.316,0.8680239328278356,True,5,127949
27,5,2013-10-15T15:02:05,6,-4.15806150436401,-23.7427749633789,-19.58471345901489,80.5,14.5,3.333,3.315,0.9190841641706429,True,5,127949
27,5,2013-10-15T15:02:05,7,-4.15806150436401,-23.7427749633789,-19.58471345901489,80.5,14.5,3.33,3.314,0.8169637014850059,True,5,127949
27,5,2013-10-15T15:02:05,8,-4.15806150436401,-23.7427749633789,-19.58471345901489,80.5,14.5,3.336,3.318,0.9190841641706201,True,5,127949
27,5,2013-10-16T17:34:50,1,-2.48499512672424,-9.10344791412354,-6.618452787399301,81.6,14.25,3.362,3.355,1.0576490042094482,True,5,127957
27,5,2013-10-16T17:34:50,2,-2.48499512672424,-9.10344791412354,-6.618452787399301,81.6,14.25,3.361,3.354,1.0576490042094482,True,5,127957
27,5,2013-10-16T17:34:50,3,-2.48499512672424,-9.10344791412354,-6.618452787399301,81.6,14.25,3.362,3.354,1.208741719096493,True,5,127957
27,5,2013-10-16T17:34:50,4,-2.48499512672424,-9.10344791412354,-6.618452787399301,81.6,14.25,3.365,3.358,1.0576490042094482,True,5,127957
27,5,2013-10-16T17:34:50,5,-2.48499512672424,-9.10344791412354,-6.618452787399301,81.6,14.25,3.368,3.361,1.0576490042093811,True,5,127957
27,5,2013-10-16T17:34:50,6,-2.48499512672424,-9.10344791412354,-6.618452787399301,81.6,14.25,3.368,3.361,1.0576490042093811,True,5,127957
27,5,2013-10-16T17:34:50,7,-2.48499512672424,-9.10344791412354,-6.618452787399301,81.6,14.25,3.366,3.36,0.9065562893224034,True,5,127957
27,5,2013-10-16T17:34:50,8,-2.48499512672424,-9.10344791412354,-6.618452787399301,81.6,14.25,3.372,3.363,1.359834433983538,True,5,127957
27,5,2013-10-16T18:01:55,1,-1.62385821342468,-10.1860198974609,-8.56216168403622,78.2,14.25,3.311,3.304,0.8175505507039554,True,5,127958
27,5,2013-10-16T18:01:55,2,-1.62385821342468,-10.1860198974609,-8.56216168403622,78.2,14.25,3.31,3.301,1.0511364223336273,True,5,127958
27,5,2013-10-16T18:01:55,3,-1.62385821342468,-10.1860198974609,-8.56216168403622,78.2,14.25,3.311,3.303,0.9343434865187913,True,5,127958
27,5,2013-10-16T18:01:55,4,-1.62385821342468,-10.1860198974609,-8.56216168403622,78.2,14.25,3.315,3.308,0.8175505507039554,True,5,127958
27,5,2013-10-16T18:01:55,5,-1.62385821342468,-10.1860198974609,-8.56216168403622,78.2,14.25,3.316,3.307,1.0511364223336273,True,5,127958
27,5,2013-10-16T18:01:55,6,-1.62385821342468,-10.1860198974609,-8.56216168403622,78.2,14.25,3.315,3.308,0.8175505507039554,True,5,127958
27,5,2013-10-16T18:01:55,7,-1.62385821342468,-10.1860198974609,-8.56216168403622,78.2,14.25,3.315,3.306,1.0511364223336273,True,5,127958
27,5,2013-10-16T18:01:55,8,-1.62385821342468,-10.1860198974609,-8.56216168403622,78.2,14.25,3.319,3.31,1.0511364223336273,True,5,127958
27,5,2013-10-28T15:54:30,1,-1.23019564151764,-7.40577745437622,-6.17558181285858,93.9,11.0,3.321,3.307,2.266992880063531,True,5,128053
27,5,2013-10-28T15:54:30,2,-1.23019564151764,-7.40577745437622,-6.17558181285858,93.9,11.0,3.32,3.306,2.2669928800634596,True,5,128053
27,5,2013-10-28T15:54:30,3,-1.23019564151764,-7.40577745437622,-6.17558181285858,93.9,11.0,3.32,3.308,1.9431367543401388,True,5,128053
27,5,2013-10-28T15:54:30,4,-1.23019564151764,-7.40577745437622,-6.17558181285858,93.9,11.0,3.324,3.312,1.9431367543401388,True,5,128053
27,5,2013-10-28T15:54:30,5,-1.23019564151764,-7.40577745437622,-6.17558181285858,93.9,11.0,3.326,3.315,1.7812086914784784,True,5,128053
27,5,2013-10-28T15:54:30,6,-1.23019564151764,-7.40577745437622,-6.17558181285858,93.9,11.0,3.326,3.312,2.266992880063531,True,5,128053
27,5,2013-10-28T15:54:30,7,-1.23019564151764,-7.40577745437622,-6.17558181285858,93.9,11.0,3.324,3.311,2.105064817201799,True,5,128053
27,5,2013-10-28T15:54:30,8,-1.23019564151764,-7.40577745437622,-6.17558181285858,93.9,11.0,3.328,3.315,2.105064817201799,True,5,128053
27,10,2013-10-15T09:38:35,1,-2.16514420509338,-12.4003715515137,-10.23522734642032,89.3,12.75,3.333,3.325,0.7816142943613202,True,5,127947
27,10,2013-10-15T09:38:35,2,-2.16514420509338,-12.4003715515137,-10.23522734642032,89.3,12.75,3.334,3.322,1.1724214415419805,True,5,127947
27,10,2013-10-15T09:38:35,3,-2.16514420509338,-12.4003715515137,-10.23522734642032,89.3,12.75,3.334,3.324,0.9770178679516721,True,5,127947
27,10,2013-10-15T09:38:35,4,-2.16514420509338,-12.4003715515137,-10.23522734642032,89.3,12.75,3.336,3.327,0.8793160811564744,True,5,127947
27,10,2013-10-15T09:38:35,5,-2.16514420509338,-12.4003715515137,-10.23522734642032,89.3,12.75,3.339,3.329,0.9770178679516287,True,5,127947
27,10,2013-10-15T09:38:35,6,-2.16514420509338,-12.4003715515137,-10.23522734642032,89.3,12.75,3.338,3.329,0.8793160811564744,True,5,127947
27,10,2013-10-15T09:38:35,7,-2.16514420509338,-12.4003715515137,-10.23522734642032,89.3,12.75,3.336,3.327,0.8793160811564744,True,5,127947
27,10,2013-10-15T09:38:35,8,-2.16514420509338,-12.4003715515137,-10.23522734642032,89.3,12.75,3.341,3.332,0.8793160811565178,True,5,127947
27,10,2013-10-15T12:17:25,1,-3.96122980117798,-22.291145324707,-18.32991552352902,81.7,15.0,3.348,3.348,-0.0,False,5,127948
27,10,2013-10-15T12:17:25,2,-3.96122980117798,-22.291145324707,-18.32991552352902,81.7,15.0,3.347,3.343,0.2182225005273724,True,5,127948
27,10,2013-10-15T12:17:25,3,-3.96122980117798,-22.291145324707,-18.32991552352902,81.7,15.0,3.349,3.347,0.10911125026369832,True,5,127948
27,10,2013-10-15T12:17:25,4,-3.96122980117798,-22.291145324707,-18.32991552352902,81.7,15.0,3.351,3.349,0.10911125026367409,True,5,127948
27,10,2013-10-15T12:17:25,5,-3.96122980117798,-22.291145324707,-18.32991552352902,81.7,15.0,3.354,3.35,0.2182225005273724,True,5,127948
27,10,2013-10-15T12:17:25,6,-3.96122980117798,-22.291145324707,-18.32991552352902,81.7,15.0,3.354,3.352,0.10911125026369832,True,5,127948
27,10,2013-10-15T12:17:25,7,-3.96122980117798,-22.291145324707,-18.32991552352902,81.7,15.0,3.352,3.348,0.2182225005273724,True,5,127948
27,10,2013-10-15T12:17:25,8,-3.96122980117798,-22.291145324707,-18.32991552352902,81.7,15.0,3.357,3.353,0.2182225005273724,True,5,127948
27,10,2013-10-15T15:02:05,1,-4.15806150436401,-23.7427749633789,-19.58471345901489,80.5,14.5,3.329,3.31,0.97014439551345,True,5,127949
27,10,2013-10-15T15:02:05,2,-4.15806150436401,-23.7427749633789,-19.58471345901489,80.5,14.5,3.325,3.307,0.9190841641706429,True,5,127949
27,10,2013-10-15T15:02:05,3,-4.15806150436401,-23.7427749633789,-19.58471345901489,80.5,14.5,3.328,3.31,0.9190841641706201,True,5,127949
27,10,2013-10-15T15:02:05,4,-4.15806150436401,-23.7427749633789,-19.58471345901489,80.5,14.5,3.331,3.315,0.8169637014850059,True,5,127949
27,10,2013-10-15T15:02:05,5,-4.15806150436401,-23.7427749633789,-19.58471345901489,80.5,14.5,3.333,3.316,0.8680239328278356,True,5,127949
27,10,2013-10-15T15:02:05,6,-4.15806150436401,-23.7427749633789,-19.58471345901489,80.5,14.5,3.333,3.315,0.9190841641706429,True,5,127949
27,10,2013-10-15T15:02:05,7,-4.15806150436401,-23.7427749633789,-19.58471345901489,80.5,14.5,3.33,3.314,0.8169637014850059,True,5,127949
27,10,2013-10-15T15:02:05,8,-4.15806150436401,-23.7427749633789,-19.58471345901489,80.5,14.5,3.336,3.318,0.9190841641706201,True,5,127949
27,10,2013-10-16T17:34:55,1,-9.10344791412354,-23.3245086669922,-14.221060752868661,81.6,14.25,3.355,3.34,1.0547736389477371,True,5,127957
27,10,2013-10-16T17:34:55,2,-9.10344791412354,-23.3245086669922,-14.221060752868661,81.6,14.25,3.354,3.337,1.1954101241407522,True,5,127957
27,10,2013-10-16T17:34:55,3,-9.10344791412354,-23.3245086669922,-14.221060752868661,81.6,14.25,3.354,3.341,0.914137153754691,True,5,127957
27,10,2013-10-16T17:34:55,4,-9.10344791412354,-23.3245086669922,-14.221060752868661,81.6,14.25,3.358,3.344,0.9844553963512296,True,5,127957
27,10,2013-10-16T17:34:55,5,-9.10344791412354,-23.3245086669922,-14.221060752868661,81.6,14.25,3.361,3.347,0.9844553963512296,True,5,127957
27,10,2013-10-16T17:34:55,6,-9.10344791412354,-23.3245086669922,-14.221060752868661,81.6,14.25,3.361,3.347,0.9844553963512296,True,5,127957
27,10,2013-10-16T17:34:55,7,-9.10344791412354,-23.3245086669922,-14.221060752868661,81.6,14.25,3.36,3.345,1.0547736389477058,True,5,127957
27,10,2013-10-16T17:34:55,8,-9.10344791412354,-23.3245086669922,-14.221060752868661,81.6,14.25,3.363,3.349,0.9844553963511984,True,5,127957
27,10,2013-10-28T15:54:35,1,-7.40577745437622,-24.2594585418701,-16.85368108749388,93.9,11.0,3.307,3.299,0.47467374981577964,True,5,128053
27,10,2013-10-28T15:54:35,2,-7.40577745437622,-24.2594585418701,-16.85368108749388,93.9,11.0,3.306,3.295,0.6526764059967036,True,5,128053
27,10,2013-10-28T15:54:35,3,-7.40577745437622,-24.2594585418701,-16.85368108749388,93.9,11.0,3.308,3.299,0.5340079685427456,True,5,128053
27,10,2013-10-28T15:54:35,4,-7.40577745437622,-24.2594585418701,-16.85368108749388,93.9,11.0,3.312,3.304,0.47467374981577964,True,5,128053
27,10,2013-10-28T15:54:35,5,-7.40577745437622,-24.2594585418701,-16.85368108749388,93.9,11.0,3.315,3.305,0.5933421872697114,True,5,128053
27,10,2013-10-28T15:54:35,6,-7.40577745437622,-24.2594585418701,-16.85368108749388,93.9,11.0,3.312,3.304,0.47467374981577964,True,5,128053
27,10,2013-10-28T15:54:35,7,-7.40577745437622,-24.2594585418701,-16.85368108749388,93.9,11.0,3.311,3.304,0.4153395310888138,True,5,128053
27,10,2013-10-28T15:54:35,8,-7.40577745437622,-24.2594585418701,-16.85368108749388,93.9,11.0,3.315,3.307,0.47467374981577964,True,5,128053
27,20,2013-10-15T14:54:00,1,-18.1576881408691,-40.6948699951172,-22.5371818542481,80.8,14.25,3.308,3.3,0.35496895981660026,True,5,127948
27,20,2013-10-15T14:54:00,2,-18.1576881408691,-40.6948699951172,-22.5371818542481,80.8,14.25,3.303,3.297,0.2662267198624404,True,5,127948
27,20,2013-10-15T14:54:00,3,-18.1576881408691,-40.6948699951172,-22.5371818542481,80.8,14.25,3.309,3.302,0.3105978398395302,True,5,127948
27,20,2013-10-15T14:54:00,4,-18.1576881408691,-40.6948699951172,-22.5371818542481,80.8,14.25,3.313,3.306,0.3105978398395302,True,5,127948
27,20,2013-10-15T14:54:00,5,-18.1576881408691,-40.6948699951172,-22.5371818542481,80.8,14.25,3.314,3.307,0.3105978398395302,True,5,127948
27,20,2013-10-15T14:54:00,6,-18.1576881408691,-40.6948699951172,-22.5371818542481,80.8,14.25,3.314,3.306,0.35496895981660026,True,5,127948
27,20,2013-10-15T14:54:00,7,-18.1576881408691,-40.6948699951172,-22.5371818542481,80.8,14.25,3.312,3.306,0.2662267198624404,True,5,127948
27,20,2013-10-15T14:54:00,8,-18.1576881408691,-40.6948699951172,-22.5371818542481,80.8,14.25,3.317,3.309,0.35496895981660026,True,5,127948
