system,filename,size_bytes,file_data_rows,first_timestamp_file,last_timestamp_file,sample_rows,sample_discharge_lt5_fraction,sample_paper_eligible_fraction,sample_paper_eligible_unbalanced_count,sample_balancing_fraction,sample_eligible_balancing_fraction,sample_I_05_A,sample_I_50_A,sample_I_95_A,sample_SOC_05_pct,sample_SOC_50_pct,sample_SOC_95_pct,sample_T_05_C,sample_T_50_C,sample_T_95_C,sample_voltage_spread_95_V,sample_current_lt_minus100_fraction
1,data_sys_1.csv,993816767,6453508,2016-02-17 15:03:03,2019-12-20 15:37:00,140000,0.0077,0.0049785714285714286,697,0.04762857142857143,0.0,-0.0253849737346172,0.0130971446633339,0.9712906181812211,22.7,99.9,100.0,7.0,23.25,32.0,0.5749999999999997,0.00014285714285714287
2,data_sys_2.csv,377831531,2528603,2013-10-30 07:53:05,2016-07-09 06:27:32,140000,0.017364285714285714,0.01285,1783,0.015821428571428573,0.008893829905503057,-0.0761809051036835,0.0253936350345612,0.253936350345612,77.9,98.9,100.0,2.0,14.75,27.0,0.017999999999999794,2.1428571428571428e-05
3,data_sys_3.csv,137687310,937123,2013-03-07 11:15:05,2013-08-14 11:16:00,140000,0.04409285714285714,0.028114285714285713,3579,0.041307142857142855,0.09070121951219512,-0.79214346408844,0.0255530159920454,30.3058757781982,61.0,99.8,100.0,13.75,21.5,32.25,0.028000000000000025,0.0009642857142857143
4,data_sys_4.csv,690633709,4695793,2015-02-09 21:22:22,2016-07-22 10:21:15,140000,0.41750714285714285,0.008592857142857143,1203,0.00022142857142857142,0.0,-9.59368419647217,-3.19789481163025,0.0517120957374573,0.0,0.0,99.5,18.25,21.0,31.5,0.015000000000000124,0.009885714285714286
5,data_sys_5.csv,1454926692,9763491,2013-03-25 05:08:05,2019-02-28 10:36:36,140000,0.006107142857142857,0.0038285714285714286,530,0.03725714285714286,0.011194029850746268,-0.641946971416473,-0.0256778784096241,7.70336389541626,75.3,99.8,100.0,13.0,25.25,31.5,0.020999999999999908,5e-05
6,data_sys_6.csv,2889184963,19248213,2018-04-28 18:45:05,2022-01-10 17:06:00,140000,0.05077857142857143,0.031157142857142855,3967,0.009742857142857143,0.09055479138010088,-34.09589099884031,-0.527195692062378,77.70695495605464,86.0,98.3,99.9,17.75,25.5,32.5,0.041999999999999815,0.03702857142857143
7,data_sys_7.csv,327748004,2142191,2015-04-18 09:58:58,2016-06-19 13:44:59,140000,0.030864285714285716,0.027742857142857142,2523,0.14188571428571428,0.3504119464469619,-3.79500007629395,0.0274319425225258,2.7722339630127,70.3,85.6,100.0,18.0,23.0,31.0,0.10499999999999998,0.00012142857142857143
8,data_sys_8.csv,3622009420,24153489,2016-11-26 15:14:14,2022-03-03 19:04:00,140000,0.06653571428571428,0.05254285714285714,6143,0.02377857142857143,0.1648994018488309,-74.68449478149412,0.0191875379532576,65.83114166259763,57.8,92.8,99.8,18.75,28.75,42.75,0.04499999999999993,0.04264285714285714
9,data_sys_9.csv,746318877,5001702,2015-04-18 12:06:06,2016-10-03 15:24:24,140000,0.07550714285714286,0.049685714285714284,5578,0.02467142857142857,0.19810235767682577,-135.509323120117,-0.667216360569,71.8725433349609,52.9,98.8,100.0,12.5,22.0,30.75,0.04800000000000004,0.054357142857142854
10,data_sys_10.csv,608241652,4058574,2015-06-04 08:09:09,2016-07-25 16:14:24,140000,0.02192142857142857,0.017392857142857144,1267,0.05635,0.47967145790554416,-1.31198465824127,-1.13190841674805,41.571907043457,64.2,91.1,100.0,7.75,17.75,31.5,0.08999999999999986,0.019392857142857142
11,data_sys_11.csv,499200346,3353531,2014-03-09 13:37:37,2016-11-30 16:07:07,140000,0.017414285714285715,0.012,1680,0.0034,0.0,-3.73558259010315,-0.133413672447205,0.613702893257141,0.0,95.8,99.9,9.0,20.0,22.0,0.02499999999999991,0.0
12,data_sys_12.csv,204505914,1337643,2015-06-24 02:04:04,2016-05-09 13:45:45,140000,0.06132857142857143,0.04982142857142857,599,0.2125,0.9141218637992832,-65.13428382873522,-0.132265791296959,70.9473724365234,0.0,93.3,100.0,6.5,22.5,36.75,0.16599999999999993,0.044064285714285716
13,data_sys_13.csv,748301068,5030866,2014-12-07 08:40:05,2016-11-30 15:27:27,140000,0.005885714285714286,0.002007142857142857,281,0.0013142857142857142,0.0,-2.89047622680664,0.0,1.2290918588635347,90.8,99.6,100.0,13.75,19.0,22.0,0.016000000000000014,1.4285714285714285e-05
14,data_sys_14.csv,340555007,2275804,2017-08-05 03:58:30,2018-08-16 15:14:00,140000,0.02217857142857143,0.009592857142857143,1343,0.00075,0.0,-3.98000550270081,0.0082035260275006,6.270908665657037,48.1,97.2,100.0,15.75,20.0,32.0,0.02499999999999991,5e-05
15,data_sys_15.csv,813111566,5434847,2016-03-18 13:31:31,2019-07-19 04:07:52,140000,0.002514285714285714,0.0002785714285714286,39,0.00255,0.0,-1.55298888683319,0.0097601814195513,1.858794635534279,22.8,98.9,100.0,6.0,23.5,32.75,0.021999999999999797,6.428571428571429e-05
16,data_sys_16.csv,457475737,3112126,2013-01-25 09:38:54,2014-03-10 09:18:00,140000,0.021257142857142856,0.017164285714285715,1324,0.07764285714285714,0.4490220557636288,-0.101344063878059,0.0,6.18198776245117,54.9,99.7,100.0,10.75,22.25,33.25,0.07399999999999987,6.428571428571429e-05
17,data_sys_17.csv,770588718,5119679,2013-11-19 23:18:05,2016-04-27 12:17:00,140000,0.014235714285714286,0.00011428571428571428,3,0.07880714285714285,0.8125,-0.570592761039734,0.103744134306908,2.87889981269836,83.6,100.0,100.0,8.75,18.75,26.75,0.04800000000000004,5e-05
18,data_sys_18.csv,492335936,3328859,2013-08-21 14:01:05,2014-06-19 07:23:20,140000,0.33985714285714286,0.06364285714285714,8848,0.043492857142857146,0.006958473625140292,-108.778900146484,0.0254507325589657,97.4477615356445,76.5,97.9,100.0,17.0,26.0,39.5,0.02699999999999969,0.059457142857142854
19,data_sys_19.csv,750146723,5035011,2014-12-19 15:02:05,2016-11-30 16:02:02,140000,0.015471428571428572,0.005242857142857143,734,0.004707142857142857,0.0,-3.03086280822754,-0.0772154033184052,1.13015222549438,78.5,98.9,100.0,11.25,19.0,22.0,0.02499999999999991,1.4285714285714285e-05
20,data_sys_20.csv,747816373,5014944,2014-12-07 09:34:05,2016-11-30 16:05:05,140000,0.0049642857142857145,0.0015928571428571428,222,0.004892857142857143,0.004484304932735426,-2.71860527992249,0.0503445379436016,2.41653800010681,87.9,99.6,100.0,12.5,19.0,22.0,0.02300000000000013,1.4285714285714285e-05
21,data_sys_21.csv,1055248372,6869160,2014-03-24 03:55:05,2016-05-11 14:21:10,140000,0.12955714285714287,0.10688571428571429,4246,0.19560714285714287,0.7162523389468056,-177.584716796875,-0.597115397453308,75.3144226074219,58.4,81.3,99.7,13.75,28.0,37.5,0.042999999999999705,0.09643571428571429
22,data_sys_22.csv,421925849,2825107,2013-04-17 09:14:05,2016-06-13 15:44:00,140000,0.00031428571428571427,0.00013571428571428572,19,0.02195,0.0,-2.42245030403137,-0.0988755226135254,4.94377613067627,57.2,94.7,100.0,9.5,16.5,26.0,0.020000000000000018,5e-05
23,data_sys_23.csv,229198294,1497833,2013-08-07 13:33:05,2014-08-24 01:26:45,140000,0.011657142857142857,0.0,0,0.06274285714285714,,-2.12270951271057,0.0493653379380703,0.12341333925724,15.7,71.7,100.0,4.75,22.0,32.75,2.918,0.00014285714285714287
24,data_sys_24.csv,149852553,1008804,2014-03-24 07:53:05,2015-10-01 07:10:10,140000,0.00035,0.0003071428571428571,43,0.001107142857142857,0.0,-0.419310331344604,0.0,0.0786206871271133,86.3,96.4,100.0,3.0,17.75,25.0,0.16599999999999993,3.571428571428572e-05
25,data_sys_25.csv,65092426,444940,2013-10-23 04:04:05,2014-07-07 10:09:00,140000,0.00014285714285714287,0.0,0,0.007692857142857143,,-0.0254020094871521,0.0254020094871521,0.101608037948608,99.8,100.0,100.0,14.0,19.0,28.0,0.041999999999999815,7.142857142857143e-05
26,data_sys_26.csv,78060627,523961,2015-08-22 06:30:30,2016-02-15 16:50:50,140000,0.0016642857142857143,0.0002357142857142857,33,0.00021428571428571427,0.0,-0.15086021721363074,-0.0812650322914124,0.3023603186011279,52.1,90.2,100.0,4.75,11.0,28.0,0.04800000000000004,0.0005857142857142858
27,data_sys_27.csv,193966743,1315190,2013-04-14 02:44:05,2015-03-17 15:28:33,140000,0.0027785714285714284,0.0,0,0.015764285714285713,,-0.0984156504273415,0.0,0.147623464465141,94.5,99.8,100.0,10.75,17.5,27.5,2.984,0.00011428571428571428
28,data_sys_28.csv,39813382,266067,2014-08-21 08:43:04,2015-02-26 11:22:22,140000,0.0003071428571428571,5.714285714285714e-05,8,0.005671428571428571,0.0,-0.0747601464390755,-0.0496760979294777,0.0498401001095772,43.8,60.2,99.3,6.5,27.0,30.75,0.01100000000000012,0.00013571428571428572
