cell_id,target_ordinal,held_cell,method,target_soh_pp,anchor_soh_pp,pred_soh_pp,error_pp
102Ah_25degC_0p5C_cell3,1,102Ah_25degC_0p5C_cell3,age_count_ridge,100.57,102.13637254901961,96.75743574433464,-3.8125642556653503
102Ah_25degC_0p5C_cell3,2,102Ah_25degC_0p5C_cell3,age_count_ridge,99.885,102.13637254901961,95.93491276354973,-3.9500872364502726
102Ah_25degC_0p5C_cell3,3,102Ah_25degC_0p5C_cell3,age_count_ridge,99.386,102.13637254901961,95.31776977598862,-4.068230224011373
102Ah_25degC_0p5C_cell3,4,102Ah_25degC_0p5C_cell3,age_count_ridge,98.994,102.13637254901961,94.79189365215412,-4.202106347845884
102Ah_25degC_0p5C_cell3,5,102Ah_25degC_0p5C_cell3,age_count_ridge,98.602,102.13637254901961,94.33879942124906,-4.26320057875094
102Ah_25degC_0p5C_cell3,6,102Ah_25degC_0p5C_cell3,age_count_ridge,98.235,102.13637254901961,93.61613379171955,-4.618866208280451
102Ah_25degC_0p5C_cell3,7,102Ah_25degC_0p5C_cell3,age_count_ridge,97.993,102.13637254901961,93.28354545491071,-4.709454545089287
102Ah_25degC_0p5C_cell3,8,102Ah_25degC_0p5C_cell3,age_count_ridge,97.71,102.13637254901961,92.95860811819578,-4.75139188180421
102Ah_25degC_0p5C_cell3,9,102Ah_25degC_0p5C_cell3,age_count_ridge,97.441,102.13637254901961,92.66277650837526,-4.778223491624743
102Ah_25degC_0p5C_cell3,10,102Ah_25degC_0p5C_cell3,age_count_ridge,97.212,102.13637254901961,92.39158369418472,-4.820416305815286
102Ah_25degC_0p5C_cell3,11,102Ah_25degC_0p5C_cell3,age_count_ridge,97.027,102.13637254901961,92.14179260028087,-4.885207399719135
102Ah_25degC_0p5C_cell3,12,102Ah_25degC_0p5C_cell3,age_count_ridge,96.825,102.13637254901961,91.89471092368288,-4.930289076317123
102Ah_25degC_0p5C_cell3,13,102Ah_25degC_0p5C_cell3,age_count_ridge,96.653,102.13637254901961,91.66541940684608,-4.987580593153922
102Ah_25degC_0p5C_cell3,14,102Ah_25degC_0p5C_cell3,age_count_ridge,96.449,102.13637254901961,91.43681973020149,-5.012180269798506
102Ah_25degC_0p5C_cell3,15,102Ah_25degC_0p5C_cell3,age_count_ridge,96.24,102.13637254901961,91.21625468544875,-5.023745314551249
102Ah_25degC_0p5C_cell3,16,102Ah_25degC_0p5C_cell3,age_count_ridge,96.134,102.13637254901961,90.96953209127793,-5.164467908722074
102Ah_25degC_0p5C_cell3,17,102Ah_25degC_0p5C_cell3,age_count_ridge,95.949,102.13637254901961,90.75270239878287,-5.196297601217125
102Ah_25degC_0p5C_cell3,18,102Ah_25degC_0p5C_cell3,age_count_ridge,95.782,102.13637254901961,90.55213675407225,-5.229863245927746
102Ah_25degC_0p5C_cell3,19,102Ah_25degC_0p5C_cell3,age_count_ridge,95.643,102.13637254901961,90.36241811743848,-5.2805818825615205
102Ah_25degC_0p5C_cell3,20,102Ah_25degC_0p5C_cell3,age_count_ridge,95.469,102.13637254901961,90.16157443468956,-5.307425565310439
102Ah_25degC_0p5C_cell3,21,102Ah_25degC_0p5C_cell3,age_count_ridge,95.318,102.13637254901961,89.98032910147721,-5.337670898522788
102Ah_25degC_0p5C_cell3,22,102Ah_25degC_0p5C_cell3,age_count_ridge,95.076,102.13637254901961,89.60763660588081,-5.46836339411918
102Ah_25degC_0p5C_cell3,23,102Ah_25degC_0p5C_cell3,age_count_ridge,94.944,102.13637254901961,89.4372979789834,-5.506702021016608
102Ah_25degC_0p5C_cell3,24,102Ah_25degC_0p5C_cell3,age_count_ridge,94.756,102.13637254901961,89.26402010576912,-5.49197989423088
102Ah_25degC_0p5C_cell3,25,102Ah_25degC_0p5C_cell3,age_count_ridge,94.621,102.13637254901961,89.08557082752559,-5.535429172474409
102Ah_25degC_0p5C_cell3,26,102Ah_25degC_0p5C_cell3,age_count_ridge,94.566,102.13637254901961,88.88923311844555,-5.676766881554457
102Ah_25degC_0p5C_cell3,27,102Ah_25degC_0p5C_cell3,age_count_ridge,94.418,102.13637254901961,88.72454591980959,-5.6934540801904205
102Ah_25degC_0p5C_cell3,28,102Ah_25degC_0p5C_cell3,age_count_ridge,94.238,102.13637254901961,88.56171324951106,-5.676286750488941
102Ah_25degC_0p5C_cell3,29,102Ah_25degC_0p5C_cell3,age_count_ridge,94.035,102.13637254901961,88.40571191110122,-5.629288088898775
102Ah_25degC_0p5C_cell3,30,102Ah_25degC_0p5C_cell3,age_count_ridge,93.975,102.13637254901961,88.24716404303108,-5.727835956968917
102Ah_25degC_0p5C_cell3,1,102Ah_25degC_0p5C_cell3,PCA_frozen_ridge,100.57,102.13637254901961,24.32194647895348,-76.24805352104651
102Ah_25degC_0p5C_cell3,2,102Ah_25degC_0p5C_cell3,PCA_frozen_ridge,99.885,102.13637254901961,49.259349436828934,-50.62565056317107
102Ah_25degC_0p5C_cell3,3,102Ah_25degC_0p5C_cell3,PCA_frozen_ridge,99.386,102.13637254901961,50.79297667602782,-48.593023323972176
102Ah_25degC_0p5C_cell3,4,102Ah_25degC_0p5C_cell3,PCA_frozen_ridge,98.994,102.13637254901961,49.454504746876175,-49.539495253123825
102Ah_25degC_0p5C_cell3,5,102Ah_25degC_0p5C_cell3,PCA_frozen_ridge,98.602,102.13637254901961,49.47698266673134,-49.125017333268666
102Ah_25degC_0p5C_cell3,6,102Ah_25degC_0p5C_cell3,PCA_frozen_ridge,98.235,102.13637254901961,19.250107260001997,-78.984892739998
102Ah_25degC_0p5C_cell3,7,102Ah_25degC_0p5C_cell3,PCA_frozen_ridge,97.993,102.13637254901961,20.405867774993112,-77.58713222500688
102Ah_25degC_0p5C_cell3,8,102Ah_25degC_0p5C_cell3,PCA_frozen_ridge,97.71,102.13637254901961,19.34039590892074,-78.36960409107925
102Ah_25degC_0p5C_cell3,9,102Ah_25degC_0p5C_cell3,PCA_frozen_ridge,97.441,102.13637254901961,20.099478767136205,-77.3415212328638
102Ah_25degC_0p5C_cell3,10,102Ah_25degC_0p5C_cell3,PCA_frozen_ridge,97.212,102.13637254901961,18.833405090242152,-78.37859490975785
102Ah_25degC_0p5C_cell3,11,102Ah_25degC_0p5C_cell3,PCA_frozen_ridge,97.027,102.13637254901961,16.014446264238003,-81.012553735762
102Ah_25degC_0p5C_cell3,12,102Ah_25degC_0p5C_cell3,PCA_frozen_ridge,96.825,102.13637254901961,18.76324217862083,-78.06175782137917
102Ah_25degC_0p5C_cell3,13,102Ah_25degC_0p5C_cell3,PCA_frozen_ridge,96.653,102.13637254901961,17.18224326756014,-79.47075673243987
102Ah_25degC_0p5C_cell3,14,102Ah_25degC_0p5C_cell3,PCA_frozen_ridge,96.449,102.13637254901961,17.700780428905617,-78.74821957109438
102Ah_25degC_0p5C_cell3,15,102Ah_25degC_0p5C_cell3,PCA_frozen_ridge,96.24,102.13637254901961,16.905037665787574,-79.33496233421242
102Ah_25degC_0p5C_cell3,16,102Ah_25degC_0p5C_cell3,PCA_frozen_ridge,96.134,102.13637254901961,17.27175713980587,-78.86224286019413
102Ah_25degC_0p5C_cell3,17,102Ah_25degC_0p5C_cell3,PCA_frozen_ridge,95.949,102.13637254901961,15.95052142469342,-79.99847857530658
102Ah_25degC_0p5C_cell3,18,102Ah_25degC_0p5C_cell3,PCA_frozen_ridge,95.782,102.13637254901961,14.972992616308048,-80.80900738369195
102Ah_25degC_0p5C_cell3,19,102Ah_25degC_0p5C_cell3,PCA_frozen_ridge,95.643,102.13637254901961,15.44674940693352,-80.19625059306648
102Ah_25degC_0p5C_cell3,20,102Ah_25degC_0p5C_cell3,PCA_frozen_ridge,95.469,102.13637254901961,13.595856013454522,-81.87314398654547
102Ah_25degC_0p5C_cell3,21,102Ah_25degC_0p5C_cell3,PCA_frozen_ridge,95.318,102.13637254901961,14.03811936327034,-81.27988063672966
102Ah_25degC_0p5C_cell3,22,102Ah_25degC_0p5C_cell3,PCA_frozen_ridge,95.076,102.13637254901961,12.388381070028785,-82.68761892997121
102Ah_25degC_0p5C_cell3,23,102Ah_25degC_0p5C_cell3,PCA_frozen_ridge,94.944,102.13637254901961,13.305518545196364,-81.63848145480364
102Ah_25degC_0p5C_cell3,24,102Ah_25degC_0p5C_cell3,PCA_frozen_ridge,94.756,102.13637254901961,14.910736824192625,-79.84526317580737
102Ah_25degC_0p5C_cell3,25,102Ah_25degC_0p5C_cell3,PCA_frozen_ridge,94.621,102.13637254901961,14.982094244409367,-79.63890575559063
102Ah_25degC_0p5C_cell3,26,102Ah_25degC_0p5C_cell3,PCA_frozen_ridge,94.566,102.13637254901961,12.313133993429474,-82.25286600657053
102Ah_25degC_0p5C_cell3,27,102Ah_25degC_0p5C_cell3,PCA_frozen_ridge,94.418,102.13637254901961,12.03548743029863,-82.38251256970138
102Ah_25degC_0p5C_cell3,28,102Ah_25degC_0p5C_cell3,PCA_frozen_ridge,94.238,102.13637254901961,12.729507312147817,-81.50849268785218
102Ah_25degC_0p5C_cell3,29,102Ah_25degC_0p5C_cell3,PCA_frozen_ridge,94.035,102.13637254901961,14.152915200306538,-79.88208479969346
102Ah_25degC_0p5C_cell3,30,102Ah_25degC_0p5C_cell3,PCA_frozen_ridge,93.975,102.13637254901961,13.43157851660807,-80.54342148339192
102Ah_25degC_0p5C_cell3,1,102Ah_25degC_0p5C_cell3,PCA_no_voltage_control,100.57,102.13637254901961,140.1432435072456,39.57324350724559
102Ah_25degC_0p5C_cell3,2,102Ah_25degC_0p5C_cell3,PCA_no_voltage_control,99.885,102.13637254901961,177.62166032991854,77.73666032991854
102Ah_25degC_0p5C_cell3,3,102Ah_25degC_0p5C_cell3,PCA_no_voltage_control,99.386,102.13637254901961,177.70612253114655,78.32012253114655
102Ah_25degC_0p5C_cell3,4,102Ah_25degC_0p5C_cell3,PCA_no_voltage_control,98.994,102.13637254901961,178.0926453967674,79.09864539676741
102Ah_25degC_0p5C_cell3,5,102Ah_25degC_0p5C_cell3,PCA_no_voltage_control,98.602,102.13637254901961,197.47376690624674,98.87176690624673
102Ah_25degC_0p5C_cell3,6,102Ah_25degC_0p5C_cell3,PCA_no_voltage_control,98.235,102.13637254901961,123.2905215978009,25.055521597800904
102Ah_25degC_0p5C_cell3,7,102Ah_25degC_0p5C_cell3,PCA_no_voltage_control,97.993,102.13637254901961,123.82186250152712,25.828862501527126
102Ah_25degC_0p5C_cell3,8,102Ah_25degC_0p5C_cell3,PCA_no_voltage_control,97.71,102.13637254901961,122.04917322167395,24.33917322167396
102Ah_25degC_0p5C_cell3,9,102Ah_25degC_0p5C_cell3,PCA_no_voltage_control,97.441,102.13637254901961,123.62445730314373,26.183457303143726
102Ah_25degC_0p5C_cell3,10,102Ah_25degC_0p5C_cell3,PCA_no_voltage_control,97.212,102.13637254901961,122.95659105796284,25.744591057962836
102Ah_25degC_0p5C_cell3,11,102Ah_25degC_0p5C_cell3,PCA_no_voltage_control,97.027,102.13637254901961,45.365142942535066,-51.661857057464935
102Ah_25degC_0p5C_cell3,12,102Ah_25degC_0p5C_cell3,PCA_no_voltage_control,96.825,102.13637254901961,126.05851032810607,29.233510328106064
102Ah_25degC_0p5C_cell3,13,102Ah_25degC_0p5C_cell3,PCA_no_voltage_control,96.653,102.13637254901961,119.87013222332482,23.21713222332481
102Ah_25degC_0p5C_cell3,14,102Ah_25degC_0p5C_cell3,PCA_no_voltage_control,96.449,102.13637254901961,120.65552061250244,24.206520612502445
102Ah_25degC_0p5C_cell3,15,102Ah_25degC_0p5C_cell3,PCA_no_voltage_control,96.24,102.13637254901961,120.38393868864583,24.143938688645832
102Ah_25degC_0p5C_cell3,16,102Ah_25degC_0p5C_cell3,PCA_no_voltage_control,96.134,102.13637254901961,120.97392936194292,24.83992936194292
102Ah_25degC_0p5C_cell3,17,102Ah_25degC_0p5C_cell3,PCA_no_voltage_control,95.949,102.13637254901961,119.65087657001406,23.701876570014065
102Ah_25degC_0p5C_cell3,18,102Ah_25degC_0p5C_cell3,PCA_no_voltage_control,95.782,102.13637254901961,121.54350270118783,25.761502701187837
102Ah_25degC_0p5C_cell3,19,102Ah_25degC_0p5C_cell3,PCA_no_voltage_control,95.643,102.13637254901961,117.30937975725779,21.666379757257786
102Ah_25degC_0p5C_cell3,20,102Ah_25degC_0p5C_cell3,PCA_no_voltage_control,95.469,102.13637254901961,117.53414980797191,22.06514980797192
102Ah_25degC_0p5C_cell3,21,102Ah_25degC_0p5C_cell3,PCA_no_voltage_control,95.318,102.13637254901961,115.71939612587877,20.401396125878776
102Ah_25degC_0p5C_cell3,22,102Ah_25degC_0p5C_cell3,PCA_no_voltage_control,95.076,102.13637254901961,119.25725911812962,24.18125911812963
102Ah_25degC_0p5C_cell3,23,102Ah_25degC_0p5C_cell3,PCA_no_voltage_control,94.944,102.13637254901961,114.55234745286141,19.60834745286141
102Ah_25degC_0p5C_cell3,24,102Ah_25degC_0p5C_cell3,PCA_no_voltage_control,94.756,102.13637254901961,116.92731029677829,22.171310296778287
102Ah_25degC_0p5C_cell3,25,102Ah_25degC_0p5C_cell3,PCA_no_voltage_control,94.621,102.13637254901961,116.72401660756074,22.103016607560747
102Ah_25degC_0p5C_cell3,26,102Ah_25degC_0p5C_cell3,PCA_no_voltage_control,94.566,102.13637254901961,113.90423458451689,19.338234584516883
102Ah_25degC_0p5C_cell3,27,102Ah_25degC_0p5C_cell3,PCA_no_voltage_control,94.418,102.13637254901961,117.32102938598749,22.90302938598748
102Ah_25degC_0p5C_cell3,28,102Ah_25degC_0p5C_cell3,PCA_no_voltage_control,94.238,102.13637254901961,113.93532450525144,19.697324505251444
102Ah_25degC_0p5C_cell3,29,102Ah_25degC_0p5C_cell3,PCA_no_voltage_control,94.035,102.13637254901961,115.71989714288779,21.68489714288779
102Ah_25degC_0p5C_cell3,30,102Ah_25degC_0p5C_cell3,PCA_no_voltage_control,93.975,102.13637254901961,115.45465988130826,21.479659881308265
102Ah_25degC_1C_cell3,1,102Ah_25degC_1C_cell3,age_count_ridge,98.416,102.52715686274509,96.62647646236805,-1.7895235376319505
102Ah_25degC_1C_cell3,2,102Ah_25degC_1C_cell3,age_count_ridge,97.313,102.52715686274509,95.39163217546029,-1.9213678245397148
102Ah_25degC_1C_cell3,3,102Ah_25degC_1C_cell3,age_count_ridge,96.453,102.52715686274509,94.33153662294696,-2.121463377053047
102Ah_25degC_1C_cell3,4,102Ah_25degC_1C_cell3,age_count_ridge,95.685,102.52715686274509,93.45431475762152,-2.2306852423784846
102Ah_25degC_1C_cell3,5,102Ah_25degC_1C_cell3,age_count_ridge,95.032,102.52715686274509,92.72789456954177,-2.304105430458222
102Ah_25degC_1C_cell3,6,102Ah_25degC_1C_cell3,age_count_ridge,94.387,102.52715686274509,92.03031445071395,-2.3566855492860554
102Ah_25degC_1C_cell3,7,102Ah_25degC_1C_cell3,age_count_ridge,93.84,102.52715686274509,91.38897533562287,-2.4510246643771296
102Ah_25degC_1C_cell3,8,102Ah_25degC_1C_cell3,age_count_ridge,91.223,102.52715686274509,89.23543173019038,-1.9875682698096142
102Ah_25degC_1C_cell3,9,102Ah_25degC_1C_cell3,age_count_ridge,90.681,102.52715686274509,88.73984121859164,-1.9411587814083617
102Ah_25degC_1C_cell3,10,102Ah_25degC_1C_cell3,age_count_ridge,90.145,102.52715686274509,88.25371684295837,-1.8912831570416273
102Ah_25degC_1C_cell3,11,102Ah_25degC_1C_cell3,age_count_ridge,88.091,102.52715686274509,86.56502823861948,-1.525971761380518
102Ah_25degC_1C_cell3,12,102Ah_25degC_1C_cell3,age_count_ridge,87.634,102.52715686274509,86.11556194794575,-1.5184380520542504
102Ah_25degC_1C_cell3,13,102Ah_25degC_1C_cell3,age_count_ridge,87.186,102.52715686274509,85.57160110919031,-1.6143988908096958
102Ah_25degC_1C_cell3,14,102Ah_25degC_1C_cell3,age_count_ridge,86.59,102.52715686274509,85.13484845856063,-1.4551515414393776
102Ah_25degC_1C_cell3,15,102Ah_25degC_1C_cell3,age_count_ridge,86.06,102.52715686274509,84.63889667920448,-1.421103320795524
102Ah_25degC_1C_cell3,16,102Ah_25degC_1C_cell3,age_count_ridge,85.611,102.52715686274509,84.21618532095732,-1.3948146790426819
102Ah_25degC_1C_cell3,17,102Ah_25degC_1C_cell3,age_count_ridge,85.114,102.52715686274509,83.75602119253038,-1.357978807469621
102Ah_25degC_1C_cell3,18,102Ah_25degC_1C_cell3,age_count_ridge,84.615,102.52715686274509,83.33517193172574,-1.2798280682742558
102Ah_25degC_1C_cell3,19,102Ah_25degC_1C_cell3,age_count_ridge,84.043,102.52715686274509,82.86704269906073,-1.1759573009392739
102Ah_25degC_1C_cell3,20,102Ah_25degC_1C_cell3,age_count_ridge,83.473,102.52715686274509,82.45599633667615,-1.0170036633238482
102Ah_25degC_1C_cell3,21,102Ah_25degC_1C_cell3,age_count_ridge,82.835,102.52715686274509,82.04014924749447,-0.7948507525055248
102Ah_25degC_1C_cell3,22,102Ah_25degC_1C_cell3,age_count_ridge,81.961,102.52715686274509,81.50043767018809,-0.46056232981190703
102Ah_25degC_1C_cell3,23,102Ah_25degC_1C_cell3,age_count_ridge,81.241,102.52715686274509,81.08593706934624,-0.15506293065375587
102Ah_25degC_1C_cell3,24,102Ah_25degC_1C_cell3,age_count_ridge,80.472,102.52715686274509,80.67903340082071,0.20703340082071975
102Ah_25degC_1C_cell3,25,102Ah_25degC_1C_cell3,age_count_ridge,79.606,102.52715686274509,80.27949776650077,0.6734977665007733
102Ah_25degC_1C_cell3,26,102Ah_25degC_1C_cell3,age_count_ridge,78.648,102.52715686274509,79.88677895540091,1.2387789554009174
102Ah_25degC_1C_cell3,27,102Ah_25degC_1C_cell3,age_count_ridge,77.549,102.52715686274509,79.48402601988406,1.9350260198840488
102Ah_25degC_1C_cell3,28,102Ah_25degC_1C_cell3,age_count_ridge,76.204,102.52715686274509,79.07682787812305,2.8728278781230614
102Ah_25degC_1C_cell3,29,102Ah_25degC_1C_cell3,age_count_ridge,73.38,102.52715686274509,76.2635212151196,2.8835212151196004
102Ah_25degC_1C_cell3,30,102Ah_25degC_1C_cell3,age_count_ridge,70.854,102.52715686274509,76.48609721357175,5.632097213571754
102Ah_25degC_1C_cell3,1,102Ah_25degC_1C_cell3,PCA_frozen_ridge,98.416,102.52715686274509,97.57994221418784,-0.8360577858121587
102Ah_25degC_1C_cell3,2,102Ah_25degC_1C_cell3,PCA_frozen_ridge,97.313,102.52715686274509,96.67653457676714,-0.6364654232328633
102Ah_25degC_1C_cell3,3,102Ah_25degC_1C_cell3,PCA_frozen_ridge,96.453,102.52715686274509,94.9779504859056,-1.4750495140944082
102Ah_25degC_1C_cell3,4,102Ah_25degC_1C_cell3,PCA_frozen_ridge,95.685,102.52715686274509,95.02675960225275,-0.6582403977472495
102Ah_25degC_1C_cell3,5,102Ah_25degC_1C_cell3,PCA_frozen_ridge,95.032,102.52715686274509,93.68568282838814,-1.346317171611858
102Ah_25degC_1C_cell3,6,102Ah_25degC_1C_cell3,PCA_frozen_ridge,94.387,102.52715686274509,93.03623278609531,-1.350767213904689
102Ah_25degC_1C_cell3,7,102Ah_25degC_1C_cell3,PCA_frozen_ridge,93.84,102.52715686274509,92.19571883930993,-1.6442811606900705
102Ah_25degC_1C_cell3,8,102Ah_25degC_1C_cell3,PCA_frozen_ridge,91.223,102.52715686274509,91.94385417545784,0.7208541754578448
102Ah_25degC_1C_cell3,9,102Ah_25degC_1C_cell3,PCA_frozen_ridge,90.681,102.52715686274509,88.8033168951088,-1.8776831048912044
102Ah_25degC_1C_cell3,10,102Ah_25degC_1C_cell3,PCA_frozen_ridge,90.145,102.52715686274509,93.63746018130489,3.4924601813048923
102Ah_25degC_1C_cell3,11,102Ah_25degC_1C_cell3,PCA_frozen_ridge,88.091,102.52715686274509,88.44374384953689,0.35274384953689264
102Ah_25degC_1C_cell3,12,102Ah_25degC_1C_cell3,PCA_frozen_ridge,87.634,102.52715686274509,88.84464217780632,1.2106421778063208
102Ah_25degC_1C_cell3,13,102Ah_25degC_1C_cell3,PCA_frozen_ridge,87.186,102.52715686274509,85.72626030603304,-1.4597396939669665
102Ah_25degC_1C_cell3,14,102Ah_25degC_1C_cell3,PCA_frozen_ridge,86.59,102.52715686274509,87.01749580181188,0.4274958018118724
102Ah_25degC_1C_cell3,15,102Ah_25degC_1C_cell3,PCA_frozen_ridge,86.06,102.52715686274509,86.43537398591081,0.3753739859108123
102Ah_25degC_1C_cell3,16,102Ah_25degC_1C_cell3,PCA_frozen_ridge,85.611,102.52715686274509,85.49367884754295,-0.11732115245705188
102Ah_25degC_1C_cell3,17,102Ah_25degC_1C_cell3,PCA_frozen_ridge,85.114,102.52715686274509,83.73141104817456,-1.38258895182544
102Ah_25degC_1C_cell3,18,102Ah_25degC_1C_cell3,PCA_frozen_ridge,84.615,102.52715686274509,85.51079987955106,0.8957998795510633
102Ah_25degC_1C_cell3,19,102Ah_25degC_1C_cell3,PCA_frozen_ridge,84.043,102.52715686274509,83.64187650915548,-0.40112349084452603
102Ah_25degC_1C_cell3,20,102Ah_25degC_1C_cell3,PCA_frozen_ridge,83.473,102.52715686274509,84.62515680994262,1.1521568099426247
102Ah_25degC_1C_cell3,21,102Ah_25degC_1C_cell3,PCA_frozen_ridge,82.835,102.52715686274509,84.2768819221569,1.4418819221569095
102Ah_25degC_1C_cell3,22,102Ah_25degC_1C_cell3,PCA_frozen_ridge,81.961,102.52715686274509,85.03345079174186,3.0724507917418578
102Ah_25degC_1C_cell3,23,102Ah_25degC_1C_cell3,PCA_frozen_ridge,81.241,102.52715686274509,84.3062537248753,3.065253724875305
102Ah_25degC_1C_cell3,24,102Ah_25degC_1C_cell3,PCA_frozen_ridge,80.472,102.52715686274509,83.67570570772483,3.2037057077248363
102Ah_25degC_1C_cell3,25,102Ah_25degC_1C_cell3,PCA_frozen_ridge,79.606,102.52715686274509,81.31033000634788,1.7043300063478881
102Ah_25degC_1C_cell3,26,102Ah_25degC_1C_cell3,PCA_frozen_ridge,78.648,102.52715686274509,84.13129197099335,5.483291970993349
102Ah_25degC_1C_cell3,27,102Ah_25degC_1C_cell3,PCA_frozen_ridge,77.549,102.52715686274509,84.34529725060176,6.796297250601754
102Ah_25degC_1C_cell3,28,102Ah_25degC_1C_cell3,PCA_frozen_ridge,76.204,102.52715686274509,83.2607043794681,7.056704379468101
102Ah_25degC_1C_cell3,29,102Ah_25degC_1C_cell3,PCA_frozen_ridge,73.38,102.52715686274509,81.85983835858259,8.479838358582597
102Ah_25degC_1C_cell3,30,102Ah_25degC_1C_cell3,PCA_frozen_ridge,70.854,102.52715686274509,82.47866738776048,11.624667387760482
102Ah_25degC_1C_cell3,1,102Ah_25degC_1C_cell3,PCA_no_voltage_control,98.416,102.52715686274509,96.75297887471719,-1.6630211252828104
102Ah_25degC_1C_cell3,2,102Ah_25degC_1C_cell3,PCA_no_voltage_control,97.313,102.52715686274509,95.34353084019793,-1.969469159802074
102Ah_25degC_1C_cell3,3,102Ah_25degC_1C_cell3,PCA_no_voltage_control,96.453,102.52715686274509,94.33053749192298,-2.122462508077021
102Ah_25degC_1C_cell3,4,102Ah_25degC_1C_cell3,PCA_no_voltage_control,95.685,102.52715686274509,93.5853061539907,-2.099693846009302
102Ah_25degC_1C_cell3,5,102Ah_25degC_1C_cell3,PCA_no_voltage_control,95.032,102.52715686274509,92.77379346046253,-2.2582065395374684
102Ah_25degC_1C_cell3,6,102Ah_25degC_1C_cell3,PCA_no_voltage_control,94.387,102.52715686274509,92.20286272973232,-2.1841372702676836
102Ah_25degC_1C_cell3,7,102Ah_25degC_1C_cell3,PCA_no_voltage_control,93.84,102.52715686274509,91.59521116043015,-2.24478883956985
102Ah_25degC_1C_cell3,8,102Ah_25degC_1C_cell3,PCA_no_voltage_control,91.223,102.52715686274509,89.26610420646738,-1.9568957935326239
102Ah_25degC_1C_cell3,9,102Ah_25degC_1C_cell3,PCA_no_voltage_control,90.681,102.52715686274509,89.43972642684585,-1.241273573154146
102Ah_25degC_1C_cell3,10,102Ah_25degC_1C_cell3,PCA_no_voltage_control,90.145,102.52715686274509,88.70173515844688,-1.4432648415531162
102Ah_25degC_1C_cell3,11,102Ah_25degC_1C_cell3,PCA_no_voltage_control,88.091,102.52715686274509,87.02448425149133,-1.0665157485086638
102Ah_25degC_1C_cell3,12,102Ah_25degC_1C_cell3,PCA_no_voltage_control,87.634,102.52715686274509,86.60362113227822,-1.0303788677217796
102Ah_25degC_1C_cell3,13,102Ah_25degC_1C_cell3,PCA_no_voltage_control,87.186,102.52715686274509,86.17907391279302,-1.0069260872069918
102Ah_25degC_1C_cell3,14,102Ah_25degC_1C_cell3,PCA_no_voltage_control,86.59,102.52715686274509,85.66724203753533,-0.9227579624646722
102Ah_25degC_1C_cell3,15,102Ah_25degC_1C_cell3,PCA_no_voltage_control,86.06,102.52715686274509,85.28093455960465,-0.7790654403953567
102Ah_25degC_1C_cell3,16,102Ah_25degC_1C_cell3,PCA_no_voltage_control,85.611,102.52715686274509,85.0141700580346,-0.5968299419654102
102Ah_25degC_1C_cell3,17,102Ah_25degC_1C_cell3,PCA_no_voltage_control,85.114,102.52715686274509,84.64703719632999,-0.46696280367001464
102Ah_25degC_1C_cell3,18,102Ah_25degC_1C_cell3,PCA_no_voltage_control,84.615,102.52715686274509,83.83179664746675,-0.7832033525332491
102Ah_25degC_1C_cell3,19,102Ah_25degC_1C_cell3,PCA_no_voltage_control,84.043,102.52715686274509,83.89265354203286,-0.15034645796714585
102Ah_25degC_1C_cell3,20,102Ah_25degC_1C_cell3,PCA_no_voltage_control,83.473,102.52715686274509,83.2046667685425,-0.268333231457504
102Ah_25degC_1C_cell3,21,102Ah_25degC_1C_cell3,PCA_no_voltage_control,82.835,102.52715686274509,82.77996755746625,-0.05503244253374362
102Ah_25degC_1C_cell3,22,102Ah_25degC_1C_cell3,PCA_no_voltage_control,81.961,102.52715686274509,82.37639711268778,0.4153971126877849
102Ah_25degC_1C_cell3,23,102Ah_25degC_1C_cell3,PCA_no_voltage_control,81.241,102.52715686274509,81.93226602815318,0.69126602815318
102Ah_25degC_1C_cell3,24,102Ah_25degC_1C_cell3,PCA_no_voltage_control,80.472,102.52715686274509,81.40108615622243,0.9290861562224393
102Ah_25degC_1C_cell3,25,102Ah_25degC_1C_cell3,PCA_no_voltage_control,79.606,102.52715686274509,81.3543583595267,1.748358359526705
102Ah_25degC_1C_cell3,26,102Ah_25degC_1C_cell3,PCA_no_voltage_control,78.648,102.52715686274509,80.76061775546853,2.112617755468534
102Ah_25degC_1C_cell3,27,102Ah_25degC_1C_cell3,PCA_no_voltage_control,77.549,102.52715686274509,80.46944670782963,2.920446707829626
102Ah_25degC_1C_cell3,28,102Ah_25degC_1C_cell3,PCA_no_voltage_control,76.204,102.52715686274509,80.11156799221966,3.9075679922196684
102Ah_25degC_1C_cell3,29,102Ah_25degC_1C_cell3,PCA_no_voltage_control,73.38,102.52715686274509,77.89884938497084,4.518849384970849
102Ah_25degC_1C_cell3,30,102Ah_25degC_1C_cell3,PCA_no_voltage_control,70.854,102.52715686274509,78.06955681734058,7.215556817340584
102Ah_35degC_1C_cell1,1,102Ah_35degC_1C_cell1,age_count_ridge,97.944,102.1385294117647,95.72975650048757,-2.2142434995124347
102Ah_35degC_1C_cell1,2,102Ah_35degC_1C_cell1,age_count_ridge,96.746,102.1385294117647,94.2188801903556,-2.5271198096443896
102Ah_35degC_1C_cell1,3,102Ah_35degC_1C_cell1,age_count_ridge,95.84,102.1385294117647,93.0560060109629,-2.7839939890371
102Ah_35degC_1C_cell1,4,102Ah_35degC_1C_cell1,age_count_ridge,95.05,102.1385294117647,92.04675576653693,-3.0032442334630645
102Ah_35degC_1C_cell1,5,102Ah_35degC_1C_cell1,age_count_ridge,94.325,102.1385294117647,91.11831436022933,-3.2066856397706687
102Ah_35degC_1C_cell1,6,102Ah_35degC_1C_cell1,age_count_ridge,93.595,102.1385294117647,90.22725334252986,-3.3677466574701356
102Ah_35degC_1C_cell1,7,102Ah_35degC_1C_cell1,age_count_ridge,92.852,102.1385294117647,89.2567322962366,-3.5952677037633975
102Ah_35degC_1C_cell1,8,102Ah_35degC_1C_cell1,age_count_ridge,92.207,102.1385294117647,88.46991583329367,-3.7370841667063246
102Ah_35degC_1C_cell1,9,102Ah_35degC_1C_cell1,age_count_ridge,91.607,102.1385294117647,87.62490214710495,-3.982097852895052
102Ah_35degC_1C_cell1,10,102Ah_35degC_1C_cell1,age_count_ridge,90.941,102.1385294117647,86.88451652039436,-4.056483479605646
102Ah_35degC_1C_cell1,11,102Ah_35degC_1C_cell1,age_count_ridge,89.839,102.1385294117647,86.1561492187095,-3.6828507812904974
102Ah_35degC_1C_cell1,12,102Ah_35degC_1C_cell1,age_count_ridge,89.102,102.1385294117647,85.28874693411345,-3.813253065886556
102Ah_35degC_1C_cell1,13,102Ah_35degC_1C_cell1,age_count_ridge,88.517,102.1385294117647,84.59343348271632,-3.9235665172836747
102Ah_35degC_1C_cell1,14,102Ah_35degC_1C_cell1,age_count_ridge,87.874,102.1385294117647,83.90720701077986,-3.9667929892201386
102Ah_35degC_1C_cell1,15,102Ah_35degC_1C_cell1,age_count_ridge,87.254,102.1385294117647,83.22570334402484,-4.0282966559751685
102Ah_35degC_1C_cell1,16,102Ah_35degC_1C_cell1,age_count_ridge,86.669,102.1385294117647,82.52205173229345,-4.146948267706549
102Ah_35degC_1C_cell1,17,102Ah_35degC_1C_cell1,age_count_ridge,86.04,102.1385294117647,81.79763819766958,-4.2423618023304215
102Ah_35degC_1C_cell1,18,102Ah_35degC_1C_cell1,age_count_ridge,85.225,102.1385294117647,81.06636887433743,-4.158631125662566
102Ah_35degC_1C_cell1,19,102Ah_35degC_1C_cell1,age_count_ridge,84.635,102.1385294117647,80.41193223868439,-4.223067761315619
102Ah_35degC_1C_cell1,20,102Ah_35degC_1C_cell1,age_count_ridge,84.066,102.1385294117647,79.7656876307245,-4.3003123692755025
102Ah_35degC_1C_cell1,21,102Ah_35degC_1C_cell1,age_count_ridge,83.481,102.1385294117647,79.11047478914513,-4.370525210854865
102Ah_35degC_1C_cell1,22,102Ah_35degC_1C_cell1,age_count_ridge,82.816,102.1385294117647,78.47330716746625,-4.342692832533757
102Ah_35degC_1C_cell1,23,102Ah_35degC_1C_cell1,age_count_ridge,82.089,102.1385294117647,77.81380459562703,-4.275195404372965
102Ah_35degC_1C_cell1,24,102Ah_35degC_1C_cell1,age_count_ridge,81.26,102.1385294117647,77.07289519830091,-4.187104801699093
102Ah_35degC_1C_cell1,25,102Ah_35degC_1C_cell1,age_count_ridge,80.436,102.1385294117647,76.40936157995138,-4.026638420048627
102Ah_35degC_1C_cell1,26,102Ah_35degC_1C_cell1,age_count_ridge,79.583,102.1385294117647,75.78896174613058,-3.7940382538694166
102Ah_35degC_1C_cell1,27,102Ah_35degC_1C_cell1,age_count_ridge,78.65,102.1385294117647,75.17169036687517,-3.4783096331248373
102Ah_35degC_1C_cell1,28,102Ah_35degC_1C_cell1,age_count_ridge,77.59,102.1385294117647,74.55521026083267,-3.034789739167337
102Ah_35degC_1C_cell1,29,102Ah_35degC_1C_cell1,age_count_ridge,76.374,102.1385294117647,73.83634985133688,-2.5376501486631184
102Ah_35degC_1C_cell1,30,102Ah_35degC_1C_cell1,age_count_ridge,75.089,102.1385294117647,73.22736410600062,-1.8616358939993773
102Ah_35degC_1C_cell1,1,102Ah_35degC_1C_cell1,PCA_frozen_ridge,97.944,102.1385294117647,89.01570440762582,-8.928295592374184
102Ah_35degC_1C_cell1,2,102Ah_35degC_1C_cell1,PCA_frozen_ridge,96.746,102.1385294117647,104.3842535149005,7.638253514900498
102Ah_35degC_1C_cell1,3,102Ah_35degC_1C_cell1,PCA_frozen_ridge,95.84,102.1385294117647,108.0237908956368,12.18379089563679
102Ah_35degC_1C_cell1,4,102Ah_35degC_1C_cell1,PCA_frozen_ridge,95.05,102.1385294117647,97.37871889564737,2.32871889564737
102Ah_35degC_1C_cell1,5,102Ah_35degC_1C_cell1,PCA_frozen_ridge,94.325,102.1385294117647,96.68267330721643,2.35767330721643
102Ah_35degC_1C_cell1,6,102Ah_35degC_1C_cell1,PCA_frozen_ridge,93.595,102.1385294117647,95.5904855884177,1.9954855884177078
102Ah_35degC_1C_cell1,7,102Ah_35degC_1C_cell1,PCA_frozen_ridge,92.852,102.1385294117647,94.13498808715926,1.2829880871592536
102Ah_35degC_1C_cell1,8,102Ah_35degC_1C_cell1,PCA_frozen_ridge,92.207,102.1385294117647,93.09074053118843,0.8837405311884368
102Ah_35degC_1C_cell1,9,102Ah_35degC_1C_cell1,PCA_frozen_ridge,91.607,102.1385294117647,97.25754177601391,5.65054177601391
102Ah_35degC_1C_cell1,10,102Ah_35degC_1C_cell1,PCA_frozen_ridge,90.941,102.1385294117647,83.91243964443404,-7.028560355565958
102Ah_35degC_1C_cell1,11,102Ah_35degC_1C_cell1,PCA_frozen_ridge,89.839,102.1385294117647,99.40747272514113,9.568472725141135
102Ah_35degC_1C_cell1,12,102Ah_35degC_1C_cell1,PCA_frozen_ridge,89.102,102.1385294117647,97.67551917339487,8.573519173394871
102Ah_35degC_1C_cell1,13,102Ah_35degC_1C_cell1,PCA_frozen_ridge,88.517,102.1385294117647,90.98294630809342,2.4659463080934216
102Ah_35degC_1C_cell1,14,102Ah_35degC_1C_cell1,PCA_frozen_ridge,87.874,102.1385294117647,89.59365128008372,1.719651280083724
102Ah_35degC_1C_cell1,15,102Ah_35degC_1C_cell1,PCA_frozen_ridge,87.254,102.1385294117647,75.01396590202069,-12.240034097979319
102Ah_35degC_1C_cell1,16,102Ah_35degC_1C_cell1,PCA_frozen_ridge,86.669,102.1385294117647,78.63712918393148,-8.031870816068519
102Ah_35degC_1C_cell1,17,102Ah_35degC_1C_cell1,PCA_frozen_ridge,86.04,102.1385294117647,78.40996243474558,-7.630037565254426
102Ah_35degC_1C_cell1,18,102Ah_35degC_1C_cell1,PCA_frozen_ridge,85.225,102.1385294117647,74.75941950665452,-10.46558049334547
102Ah_35degC_1C_cell1,19,102Ah_35degC_1C_cell1,PCA_frozen_ridge,84.635,102.1385294117647,75.7995155465747,-8.835484453425309
102Ah_35degC_1C_cell1,20,102Ah_35degC_1C_cell1,PCA_frozen_ridge,84.066,102.1385294117647,72.60250696604092,-11.463493033959082
102Ah_35degC_1C_cell1,21,102Ah_35degC_1C_cell1,PCA_frozen_ridge,83.481,102.1385294117647,71.26710178372223,-12.21389821627777
102Ah_35degC_1C_cell1,22,102Ah_35degC_1C_cell1,PCA_frozen_ridge,82.816,102.1385294117647,68.43029721464981,-14.38570278535019
102Ah_35degC_1C_cell1,23,102Ah_35degC_1C_cell1,PCA_frozen_ridge,82.089,102.1385294117647,66.6482869366541,-15.440713063345896
102Ah_35degC_1C_cell1,24,102Ah_35degC_1C_cell1,PCA_frozen_ridge,81.26,102.1385294117647,110.33694915401986,29.076949154019857
102Ah_35degC_1C_cell1,25,102Ah_35degC_1C_cell1,PCA_frozen_ridge,80.436,102.1385294117647,92.28066769570438,11.844667695704374
102Ah_35degC_1C_cell1,26,102Ah_35degC_1C_cell1,PCA_frozen_ridge,79.583,102.1385294117647,80.56766270901979,0.984662709019787
102Ah_35degC_1C_cell1,27,102Ah_35degC_1C_cell1,PCA_frozen_ridge,78.65,102.1385294117647,78.17309031806461,-0.4769096819353962
102Ah_35degC_1C_cell1,28,102Ah_35degC_1C_cell1,PCA_frozen_ridge,77.59,102.1385294117647,65.31059695278822,-12.279403047211787
102Ah_35degC_1C_cell1,29,102Ah_35degC_1C_cell1,PCA_frozen_ridge,76.374,102.1385294117647,48.90020005938818,-27.473799940611812
102Ah_35degC_1C_cell1,30,102Ah_35degC_1C_cell1,PCA_frozen_ridge,75.089,102.1385294117647,79.67880632913399,4.589806329133992
102Ah_35degC_1C_cell1,1,102Ah_35degC_1C_cell1,PCA_no_voltage_control,97.944,102.1385294117647,100.95392204986332,3.00992204986332
102Ah_35degC_1C_cell1,2,102Ah_35degC_1C_cell1,PCA_no_voltage_control,96.746,102.1385294117647,98.24940224111901,1.5034022411190193
102Ah_35degC_1C_cell1,3,102Ah_35degC_1C_cell1,PCA_no_voltage_control,95.84,102.1385294117647,97.67860569257948,1.8386056925794776
102Ah_35degC_1C_cell1,4,102Ah_35degC_1C_cell1,PCA_no_voltage_control,95.05,102.1385294117647,97.81791925441806,2.767919254418061
102Ah_35degC_1C_cell1,5,102Ah_35degC_1C_cell1,PCA_no_voltage_control,94.325,102.1385294117647,93.94845455577703,-0.37654544422296965
102Ah_35degC_1C_cell1,6,102Ah_35degC_1C_cell1,PCA_no_voltage_control,93.595,102.1385294117647,93.93666598172004,0.34166598172004115
102Ah_35degC_1C_cell1,7,102Ah_35degC_1C_cell1,PCA_no_voltage_control,92.852,102.1385294117647,91.78580784583077,-1.0661921541692294
102Ah_35degC_1C_cell1,8,102Ah_35degC_1C_cell1,PCA_no_voltage_control,92.207,102.1385294117647,89.80048565547796,-2.406514344522037
102Ah_35degC_1C_cell1,9,102Ah_35degC_1C_cell1,PCA_no_voltage_control,91.607,102.1385294117647,89.5718598306575,-2.0351401693424975
102Ah_35degC_1C_cell1,10,102Ah_35degC_1C_cell1,PCA_no_voltage_control,90.941,102.1385294117647,88.31925871824203,-2.621741281757977
102Ah_35degC_1C_cell1,11,102Ah_35degC_1C_cell1,PCA_no_voltage_control,89.839,102.1385294117647,86.00922248042323,-3.8297775195767656
102Ah_35degC_1C_cell1,12,102Ah_35degC_1C_cell1,PCA_no_voltage_control,89.102,102.1385294117647,85.16256299296872,-3.9394370070312874
102Ah_35degC_1C_cell1,13,102Ah_35degC_1C_cell1,PCA_no_voltage_control,88.517,102.1385294117647,83.96742332698594,-4.549576673014059
102Ah_35degC_1C_cell1,14,102Ah_35degC_1C_cell1,PCA_no_voltage_control,87.874,102.1385294117647,82.07331062385313,-5.800689376146863
102Ah_35degC_1C_cell1,15,102Ah_35degC_1C_cell1,PCA_no_voltage_control,87.254,102.1385294117647,79.70648157052982,-7.547518429470188
102Ah_35degC_1C_cell1,16,102Ah_35degC_1C_cell1,PCA_no_voltage_control,86.669,102.1385294117647,80.52717178701745,-6.141828212982546
102Ah_35degC_1C_cell1,17,102Ah_35degC_1C_cell1,PCA_no_voltage_control,86.04,102.1385294117647,78.0569149605447,-7.983085039455304
102Ah_35degC_1C_cell1,18,102Ah_35degC_1C_cell1,PCA_no_voltage_control,85.225,102.1385294117647,78.63161055576896,-6.593389444231036
102Ah_35degC_1C_cell1,19,102Ah_35degC_1C_cell1,PCA_no_voltage_control,84.635,102.1385294117647,77.3246583945011,-7.310341605498905
102Ah_35degC_1C_cell1,20,102Ah_35degC_1C_cell1,PCA_no_voltage_control,84.066,102.1385294117647,76.09542443340644,-7.970575566593567
102Ah_35degC_1C_cell1,21,102Ah_35degC_1C_cell1,PCA_no_voltage_control,83.481,102.1385294117647,74.22230287194651,-9.258697128053484
102Ah_35degC_1C_cell1,22,102Ah_35degC_1C_cell1,PCA_no_voltage_control,82.816,102.1385294117647,73.16760780858212,-9.648392191417884
102Ah_35degC_1C_cell1,23,102Ah_35degC_1C_cell1,PCA_no_voltage_control,82.089,102.1385294117647,70.38122598058334,-11.70777401941666
102Ah_35degC_1C_cell1,24,102Ah_35degC_1C_cell1,PCA_no_voltage_control,81.26,102.1385294117647,87.55477852769255,6.294778527692543
102Ah_35degC_1C_cell1,25,102Ah_35degC_1C_cell1,PCA_no_voltage_control,80.436,102.1385294117647,84.72560583574759,4.2896058357475795
102Ah_35degC_1C_cell1,26,102Ah_35degC_1C_cell1,PCA_no_voltage_control,79.583,102.1385294117647,82.85876095296231,3.2757609529623153
102Ah_35degC_1C_cell1,27,102Ah_35degC_1C_cell1,PCA_no_voltage_control,78.65,102.1385294117647,81.24466005144839,2.594660051448386
102Ah_35degC_1C_cell1,28,102Ah_35degC_1C_cell1,PCA_no_voltage_control,77.59,102.1385294117647,63.97476093364925,-13.615239066350753
102Ah_35degC_1C_cell1,29,102Ah_35degC_1C_cell1,PCA_no_voltage_control,76.374,102.1385294117647,75.46794963821287,-0.9060503617871234
102Ah_35degC_1C_cell1,30,102Ah_35degC_1C_cell1,PCA_no_voltage_control,75.089,102.1385294117647,76.54959687521048,1.4605968752104843
102Ah_45degC_0p5C_cell3,1,102Ah_45degC_0p5C_cell3,age_count_ridge,97.213,103.01980392156864,95.00914305612693,-2.2038569438730633
102Ah_45degC_0p5C_cell3,2,102Ah_45degC_0p5C_cell3,age_count_ridge,96.093,103.01980392156864,93.8463138502683,-2.246686149731701
102Ah_45degC_0p5C_cell3,3,102Ah_45degC_0p5C_cell3,age_count_ridge,95.183,103.01980392156864,92.90245691131554,-2.2805430886844675
102Ah_45degC_0p5C_cell3,4,102Ah_45degC_0p5C_cell3,age_count_ridge,94.405,103.01980392156864,92.01588480548695,-2.389115194513053
102Ah_45degC_0p5C_cell3,5,102Ah_45degC_0p5C_cell3,age_count_ridge,93.579,103.01980392156864,91.09174532552196,-2.487254674478038
102Ah_45degC_0p5C_cell3,6,102Ah_45degC_0p5C_cell3,age_count_ridge,92.867,103.01980392156864,90.3982748622474,-2.4687251377525996
102Ah_45degC_0p5C_cell3,7,102Ah_45degC_0p5C_cell3,age_count_ridge,92.307,103.01980392156864,89.27617779923997,-3.030822200760028
102Ah_45degC_0p5C_cell3,8,102Ah_45degC_0p5C_cell3,age_count_ridge,91.334,103.01980392156864,88.35841259564992,-2.9755874043500796
102Ah_45degC_0p5C_cell3,9,102Ah_45degC_0p5C_cell3,age_count_ridge,90.546,103.01980392156864,87.74733359940015,-2.7986664005998563
102Ah_45degC_0p5C_cell3,10,102Ah_45degC_0p5C_cell3,age_count_ridge,89.71,103.01980392156864,87.06854294530903,-2.64145705469096
102Ah_45degC_0p5C_cell3,11,102Ah_45degC_0p5C_cell3,age_count_ridge,88.797,103.01980392156864,86.40931945187981,-2.387680548120187
102Ah_45degC_0p5C_cell3,12,102Ah_45degC_0p5C_cell3,age_count_ridge,88.025,103.01980392156864,85.86510863213319,-2.1598913678668197
102Ah_45degC_0p5C_cell3,13,102Ah_45degC_0p5C_cell3,age_count_ridge,87.256,103.01980392156864,85.34788477192056,-1.9081152280794385
102Ah_45degC_0p5C_cell3,14,102Ah_45degC_0p5C_cell3,age_count_ridge,86.448,103.01980392156864,84.83670686144053,-1.6112931385594607
102Ah_45degC_0p5C_cell3,15,102Ah_45degC_0p5C_cell3,age_count_ridge,85.454,103.01980392156864,83.91855945668829,-1.535440543311708
102Ah_45degC_0p5C_cell3,16,102Ah_45degC_0p5C_cell3,age_count_ridge,84.767,103.01980392156864,83.72394990765886,-1.043050092341133
102Ah_45degC_0p5C_cell3,17,102Ah_45degC_0p5C_cell3,age_count_ridge,83.861,103.01980392156864,83.19905935686029,-0.6619406431397152
102Ah_45degC_0p5C_cell3,18,102Ah_45degC_0p5C_cell3,age_count_ridge,82.921,103.01980392156864,82.72204239366826,-0.19895760633174575
102Ah_45degC_0p5C_cell3,19,102Ah_45degC_0p5C_cell3,age_count_ridge,81.859,103.01980392156864,82.25240034153077,0.3934003415307785
102Ah_45degC_0p5C_cell3,20,102Ah_45degC_0p5C_cell3,age_count_ridge,80.568,103.01980392156864,81.66699134972754,1.098991349727541
102Ah_45degC_0p5C_cell3,21,102Ah_45degC_0p5C_cell3,age_count_ridge,78.862,103.01980392156864,81.04508491683565,2.1830849168356536
102Ah_45degC_0p5C_cell3,22,102Ah_45degC_0p5C_cell3,age_count_ridge,77.351,103.01980392156864,80.59604191678027,3.2450419167802664
102Ah_45degC_0p5C_cell3,23,102Ah_45degC_0p5C_cell3,age_count_ridge,75.585,103.01980392156864,80.07467885442418,4.489678854424184
102Ah_45degC_0p5C_cell3,24,102Ah_45degC_0p5C_cell3,age_count_ridge,73.377,103.01980392156864,79.32614183097466,5.949141830974668
102Ah_45degC_0p5C_cell3,25,102Ah_45degC_0p5C_cell3,age_count_ridge,71.212,103.01980392156864,78.86093931602441,7.648939316024411
102Ah_45degC_0p5C_cell3,26,102Ah_45degC_0p5C_cell3,age_count_ridge,68.96,103.01980392156864,78.44323062810423,9.483230628104238
102Ah_45degC_0p5C_cell3,27,102Ah_45degC_0p5C_cell3,age_count_ridge,66.665,103.01980392156864,78.02909707707079,11.364097077070781
102Ah_45degC_0p5C_cell3,28,102Ah_45degC_0p5C_cell3,age_count_ridge,64.205,103.01980392156864,76.07515830026279,11.870158300262787
102Ah_45degC_0p5C_cell3,29,102Ah_45degC_0p5C_cell3,age_count_ridge,63.18,103.01980392156864,56.89001588125908,-6.289984118740918
102Ah_45degC_0p5C_cell3,30,102Ah_45degC_0p5C_cell3,age_count_ridge,61.901,103.01980392156864,77.21879164266558,15.317791642665576
102Ah_45degC_0p5C_cell3,1,102Ah_45degC_0p5C_cell3,PCA_frozen_ridge,97.213,103.01980392156864,99.58040890676685,2.3674089067668547
102Ah_45degC_0p5C_cell3,2,102Ah_45degC_0p5C_cell3,PCA_frozen_ridge,96.093,103.01980392156864,100.24589350367476,4.152893503674761
102Ah_45degC_0p5C_cell3,3,102Ah_45degC_0p5C_cell3,PCA_frozen_ridge,95.183,103.01980392156864,99.6761670016936,4.4931670016935925
102Ah_45degC_0p5C_cell3,4,102Ah_45degC_0p5C_cell3,PCA_frozen_ridge,94.405,103.01980392156864,89.5004890403329,-4.904510959667107
102Ah_45degC_0p5C_cell3,5,102Ah_45degC_0p5C_cell3,PCA_frozen_ridge,93.579,103.01980392156864,97.48340216609147,3.9044021660914723
102Ah_45degC_0p5C_cell3,6,102Ah_45degC_0p5C_cell3,PCA_frozen_ridge,92.867,103.01980392156864,88.28484680728825,-4.582153192711758
102Ah_45degC_0p5C_cell3,7,102Ah_45degC_0p5C_cell3,PCA_frozen_ridge,92.307,103.01980392156864,86.13671984292931,-6.170280157070692
102Ah_45degC_0p5C_cell3,8,102Ah_45degC_0p5C_cell3,PCA_frozen_ridge,91.334,103.01980392156864,91.13309536246115,-0.200904637538855
102Ah_45degC_0p5C_cell3,9,102Ah_45degC_0p5C_cell3,PCA_frozen_ridge,90.546,103.01980392156864,84.97476433402362,-5.571235665976388
102Ah_45degC_0p5C_cell3,10,102Ah_45degC_0p5C_cell3,PCA_frozen_ridge,89.71,103.01980392156864,82.72749724776025,-6.982502752239739
102Ah_45degC_0p5C_cell3,11,102Ah_45degC_0p5C_cell3,PCA_frozen_ridge,88.797,103.01980392156864,84.56255703138405,-4.2344429686159515
102Ah_45degC_0p5C_cell3,12,102Ah_45degC_0p5C_cell3,PCA_frozen_ridge,88.025,103.01980392156864,90.23470781243493,2.209707812434928
102Ah_45degC_0p5C_cell3,13,102Ah_45degC_0p5C_cell3,PCA_frozen_ridge,87.256,103.01980392156864,80.12671368534936,-7.129286314650642
102Ah_45degC_0p5C_cell3,14,102Ah_45degC_0p5C_cell3,PCA_frozen_ridge,86.448,103.01980392156864,88.65031708721821,2.202317087218219
102Ah_45degC_0p5C_cell3,15,102Ah_45degC_0p5C_cell3,PCA_frozen_ridge,85.454,103.01980392156864,79.82936047718859,-5.624639522811407
102Ah_45degC_0p5C_cell3,16,102Ah_45degC_0p5C_cell3,PCA_frozen_ridge,84.767,103.01980392156864,77.36734234102057,-7.399657658979422
102Ah_45degC_0p5C_cell3,17,102Ah_45degC_0p5C_cell3,PCA_frozen_ridge,83.861,103.01980392156864,76.22652843821416,-7.634471561785844
102Ah_45degC_0p5C_cell3,18,102Ah_45degC_0p5C_cell3,PCA_frozen_ridge,82.921,103.01980392156864,79.74255348175785,-3.178446518242154
102Ah_45degC_0p5C_cell3,19,102Ah_45degC_0p5C_cell3,PCA_frozen_ridge,81.859,103.01980392156864,88.02070062324199,6.161700623241998
102Ah_45degC_0p5C_cell3,20,102Ah_45degC_0p5C_cell3,PCA_frozen_ridge,80.568,103.01980392156864,91.03716213351325,10.469162133513251
102Ah_45degC_0p5C_cell3,21,102Ah_45degC_0p5C_cell3,PCA_frozen_ridge,78.862,103.01980392156864,93.12266231685405,14.260662316854052
102Ah_45degC_0p5C_cell3,22,102Ah_45degC_0p5C_cell3,PCA_frozen_ridge,77.351,103.01980392156864,93.28265128363304,15.931651283633045
102Ah_45degC_0p5C_cell3,23,102Ah_45degC_0p5C_cell3,PCA_frozen_ridge,75.585,103.01980392156864,73.6520753933318,-1.9329246066681947
102Ah_45degC_0p5C_cell3,24,102Ah_45degC_0p5C_cell3,PCA_frozen_ridge,73.377,103.01980392156864,90.76740437008397,17.39040437008397
102Ah_45degC_0p5C_cell3,25,102Ah_45degC_0p5C_cell3,PCA_frozen_ridge,71.212,103.01980392156864,89.90953959295746,18.697539592957455
102Ah_45degC_0p5C_cell3,26,102Ah_45degC_0p5C_cell3,PCA_frozen_ridge,68.96,103.01980392156864,83.90041989988171,14.940419899881718
102Ah_45degC_0p5C_cell3,27,102Ah_45degC_0p5C_cell3,PCA_frozen_ridge,66.665,103.01980392156864,90.10990510581072,23.44490510581072
102Ah_45degC_0p5C_cell3,28,102Ah_45degC_0p5C_cell3,PCA_frozen_ridge,64.205,103.01980392156864,87.03887685417196,22.83387685417196
102Ah_45degC_0p5C_cell3,29,102Ah_45degC_0p5C_cell3,PCA_frozen_ridge,63.18,103.01980392156864,65.13611577449461,1.956115774494613
102Ah_45degC_0p5C_cell3,30,102Ah_45degC_0p5C_cell3,PCA_frozen_ridge,61.901,103.01980392156864,87.11535035532364,25.21435035532364
102Ah_45degC_0p5C_cell3,1,102Ah_45degC_0p5C_cell3,PCA_no_voltage_control,97.213,103.01980392156864,96.71786298894112,-0.49513701105887264
102Ah_45degC_0p5C_cell3,2,102Ah_45degC_0p5C_cell3,PCA_no_voltage_control,96.093,103.01980392156864,96.11439056402604,0.02139056402603501
102Ah_45degC_0p5C_cell3,3,102Ah_45degC_0p5C_cell3,PCA_no_voltage_control,95.183,103.01980392156864,95.34222661513581,0.1592266151358075
102Ah_45degC_0p5C_cell3,4,102Ah_45degC_0p5C_cell3,PCA_no_voltage_control,94.405,103.01980392156864,96.88167387832316,2.4766738783231546
102Ah_45degC_0p5C_cell3,5,102Ah_45degC_0p5C_cell3,PCA_no_voltage_control,93.579,103.01980392156864,93.28871082902842,-0.290289170971576
102Ah_45degC_0p5C_cell3,6,102Ah_45degC_0p5C_cell3,PCA_no_voltage_control,92.867,103.01980392156864,96.09581164434321,3.22881164434321
102Ah_45degC_0p5C_cell3,7,102Ah_45degC_0p5C_cell3,PCA_no_voltage_control,92.307,103.01980392156864,93.71542751480226,1.4084275148022556
102Ah_45degC_0p5C_cell3,8,102Ah_45degC_0p5C_cell3,PCA_no_voltage_control,91.334,103.01980392156864,86.19772090647709,-5.136279093522916
102Ah_45degC_0p5C_cell3,9,102Ah_45degC_0p5C_cell3,PCA_no_voltage_control,90.546,103.01980392156864,92.59587018055511,2.0498701805551036
102Ah_45degC_0p5C_cell3,10,102Ah_45degC_0p5C_cell3,PCA_no_voltage_control,89.71,103.01980392156864,90.88364897692153,1.173648976921541
102Ah_45degC_0p5C_cell3,11,102Ah_45degC_0p5C_cell3,PCA_no_voltage_control,88.797,103.01980392156864,94.30364850447832,5.506648504478321
102Ah_45degC_0p5C_cell3,12,102Ah_45degC_0p5C_cell3,PCA_no_voltage_control,88.025,103.01980392156864,87.0768361903625,-0.9481638096375065
102Ah_45degC_0p5C_cell3,13,102Ah_45degC_0p5C_cell3,PCA_no_voltage_control,87.256,103.01980392156864,87.47224931552545,0.21624931552544524
102Ah_45degC_0p5C_cell3,14,102Ah_45degC_0p5C_cell3,PCA_no_voltage_control,86.448,103.01980392156864,83.66074370660554,-2.7872562933944494
102Ah_45degC_0p5C_cell3,15,102Ah_45degC_0p5C_cell3,PCA_no_voltage_control,85.454,103.01980392156864,88.33111087222181,2.87711087222182
102Ah_45degC_0p5C_cell3,16,102Ah_45degC_0p5C_cell3,PCA_no_voltage_control,84.767,103.01980392156864,85.66689321839004,0.8998932183900479
102Ah_45degC_0p5C_cell3,17,102Ah_45degC_0p5C_cell3,PCA_no_voltage_control,83.861,103.01980392156864,85.508724779635,1.6477247796349985
102Ah_45degC_0p5C_cell3,18,102Ah_45degC_0p5C_cell3,PCA_no_voltage_control,82.921,103.01980392156864,86.1154951993098,3.1944951993097987
102Ah_45degC_0p5C_cell3,19,102Ah_45degC_0p5C_cell3,PCA_no_voltage_control,81.859,103.01980392156864,80.92568317671142,-0.9333168232885782
102Ah_45degC_0p5C_cell3,20,102Ah_45degC_0p5C_cell3,PCA_no_voltage_control,80.568,103.01980392156864,80.08182840260156,-0.48617159739843885
102Ah_45degC_0p5C_cell3,21,102Ah_45degC_0p5C_cell3,PCA_no_voltage_control,78.862,103.01980392156864,79.84519224056153,0.9831922405615359
102Ah_45degC_0p5C_cell3,22,102Ah_45degC_0p5C_cell3,PCA_no_voltage_control,77.351,103.01980392156864,79.47273041757592,2.121730417575918
102Ah_45degC_0p5C_cell3,23,102Ah_45degC_0p5C_cell3,PCA_no_voltage_control,75.585,103.01980392156864,80.24152293314565,4.656522933145652
102Ah_45degC_0p5C_cell3,24,102Ah_45degC_0p5C_cell3,PCA_no_voltage_control,73.377,103.01980392156864,74.99081599248356,1.6138159924835662
102Ah_45degC_0p5C_cell3,25,102Ah_45degC_0p5C_cell3,PCA_no_voltage_control,71.212,103.01980392156864,73.6902892032096,2.4782892032095987
102Ah_45degC_0p5C_cell3,26,102Ah_45degC_0p5C_cell3,PCA_no_voltage_control,68.96,103.01980392156864,70.60436391303278,1.644363913032791
102Ah_45degC_0p5C_cell3,27,102Ah_45degC_0p5C_cell3,PCA_no_voltage_control,66.665,103.01980392156864,75.01144798991388,8.34644798991387
102Ah_45degC_0p5C_cell3,28,102Ah_45degC_0p5C_cell3,PCA_no_voltage_control,64.205,103.01980392156864,72.61340913042363,8.408409130423635
102Ah_45degC_0p5C_cell3,29,102Ah_45degC_0p5C_cell3,PCA_no_voltage_control,63.18,103.01980392156864,52.76493876634753,-10.415061233652473
102Ah_45degC_0p5C_cell3,30,102Ah_45degC_0p5C_cell3,PCA_no_voltage_control,61.901,103.01980392156864,73.66457410465128,11.763574104651276
102Ah_45degC_1C_cell1,1,102Ah_45degC_1C_cell1,age_count_ridge,98.462,102.61176470588235,98.2168686881284,-0.24513131187160297
102Ah_45degC_1C_cell1,2,102Ah_45degC_1C_cell1,age_count_ridge,97.488,102.61176470588235,97.15612334060353,-0.33187665939647104
102Ah_45degC_1C_cell1,3,102Ah_45degC_1C_cell1,age_count_ridge,96.668,102.61176470588235,96.35831688845363,-0.3096831115463772
102Ah_45degC_1C_cell1,4,102Ah_45degC_1C_cell1,age_count_ridge,96.07,102.61176470588235,95.6922370407684,-0.377762959231589
102Ah_45degC_1C_cell1,5,102Ah_45degC_1C_cell1,age_count_ridge,95.532,102.61176470588235,95.0200088919709,-0.5119911080290933
102Ah_45degC_1C_cell1,6,102Ah_45degC_1C_cell1,age_count_ridge,95.047,102.61176470588235,94.50731004713987,-0.5396899528601296
102Ah_45degC_1C_cell1,7,102Ah_45degC_1C_cell1,age_count_ridge,94.61,102.61176470588235,93.99465331451977,-0.6153466854802332
102Ah_45degC_1C_cell1,8,102Ah_45degC_1C_cell1,age_count_ridge,94.15,102.61176470588235,93.5451455527535,-0.6048544472465096
102Ah_45degC_1C_cell1,9,102Ah_45degC_1C_cell1,age_count_ridge,93.732,102.61176470588235,93.12583300461316,-0.6061669953868432
102Ah_45degC_1C_cell1,10,102Ah_45degC_1C_cell1,age_count_ridge,93.34,102.61176470588235,92.73538725162199,-0.6046127483780168
102Ah_45degC_1C_cell1,11,102Ah_45degC_1C_cell1,age_count_ridge,92.94,102.61176470588235,92.34708725324732,-0.592912746752674
102Ah_45degC_1C_cell1,12,102Ah_45degC_1C_cell1,age_count_ridge,92.564,102.61176470588235,91.98809324456863,-0.5759067554313617
102Ah_45degC_1C_cell1,13,102Ah_45degC_1C_cell1,age_count_ridge,92.197,102.61176470588235,91.6376463169329,-0.5593536830671013
102Ah_45degC_1C_cell1,14,102Ah_45degC_1C_cell1,age_count_ridge,91.821,102.61176470588235,91.27394319365044,-0.5470568063495591
102Ah_45degC_1C_cell1,15,102Ah_45degC_1C_cell1,age_count_ridge,91.424,102.61176470588235,90.93571834343079,-0.48828165656921385
102Ah_45degC_1C_cell1,16,102Ah_45degC_1C_cell1,age_count_ridge,90.943,102.61176470588235,90.43302840456761,-0.5099715954323898
102Ah_45degC_1C_cell1,17,102Ah_45degC_1C_cell1,age_count_ridge,90.603,102.61176470588235,90.12428011602326,-0.47871988397673704
102Ah_45degC_1C_cell1,18,102Ah_45degC_1C_cell1,age_count_ridge,90.278,102.61176470588235,89.81489102014477,-0.46310897985523525
102Ah_45degC_1C_cell1,19,102Ah_45degC_1C_cell1,age_count_ridge,89.822,102.61176470588235,89.5134170997004,-0.3085829002995979
102Ah_45degC_1C_cell1,20,102Ah_45degC_1C_cell1,age_count_ridge,89.494,102.61176470588235,89.17108429178393,-0.3229157082160725
102Ah_45degC_1C_cell1,21,102Ah_45degC_1C_cell1,age_count_ridge,89.036,102.61176470588235,88.77290708129632,-0.263092918703677
102Ah_45degC_1C_cell1,22,102Ah_45degC_1C_cell1,age_count_ridge,88.696,102.61176470588235,88.49070532156483,-0.20529467843516613
102Ah_45degC_1C_cell1,23,102Ah_45degC_1C_cell1,age_count_ridge,88.347,102.61176470588235,88.21510458638177,-0.1318954136182242
102Ah_45degC_1C_cell1,24,102Ah_45degC_1C_cell1,age_count_ridge,88.0,102.61176470588235,87.94532999663699,-0.05467000336301453
102Ah_45degC_1C_cell1,25,102Ah_45degC_1C_cell1,age_count_ridge,87.625,102.61176470588235,87.67598593363216,0.05098593363216253
102Ah_45degC_1C_cell1,26,102Ah_45degC_1C_cell1,age_count_ridge,87.258,102.61176470588235,87.40922092438387,0.15122092438387824
102Ah_45degC_1C_cell1,27,102Ah_45degC_1C_cell1,age_count_ridge,86.915,102.61176470588235,87.11089163132385,0.19589163132384613
102Ah_45degC_1C_cell1,28,102Ah_45degC_1C_cell1,age_count_ridge,86.361,102.61176470588235,86.66745194503793,0.30645194503792084
102Ah_45degC_1C_cell1,29,102Ah_45degC_1C_cell1,age_count_ridge,85.894,102.61176470588235,86.36533643409295,0.47133643409294734
102Ah_45degC_1C_cell1,30,102Ah_45degC_1C_cell1,age_count_ridge,85.512,102.61176470588235,86.11459323372807,0.6025932337280722
102Ah_45degC_1C_cell1,1,102Ah_45degC_1C_cell1,PCA_frozen_ridge,98.462,102.61176470588235,101.36896134048693,2.90696134048693
102Ah_45degC_1C_cell1,2,102Ah_45degC_1C_cell1,PCA_frozen_ridge,97.488,102.61176470588235,100.37572990756205,2.887729907562047
102Ah_45degC_1C_cell1,3,102Ah_45degC_1C_cell1,PCA_frozen_ridge,96.668,102.61176470588235,99.87158351729006,3.203583517290056
102Ah_45degC_1C_cell1,4,102Ah_45degC_1C_cell1,PCA_frozen_ridge,96.07,102.61176470588235,99.25500835994433,3.1850083599443337
102Ah_45degC_1C_cell1,5,102Ah_45degC_1C_cell1,PCA_frozen_ridge,95.532,102.61176470588235,99.3026692570164,3.770669257016408
102Ah_45degC_1C_cell1,6,102Ah_45degC_1C_cell1,PCA_frozen_ridge,95.047,102.61176470588235,98.61740223923994,3.5704022392399395
102Ah_45degC_1C_cell1,7,102Ah_45degC_1C_cell1,PCA_frozen_ridge,94.61,102.61176470588235,98.13888701739245,3.5288870173924494
102Ah_45degC_1C_cell1,8,102Ah_45degC_1C_cell1,PCA_frozen_ridge,94.15,102.61176470588235,98.02498253778765,3.874982537787645
102Ah_45degC_1C_cell1,9,102Ah_45degC_1C_cell1,PCA_frozen_ridge,93.732,102.61176470588235,97.54031926704143,3.8083192670414263
102Ah_45degC_1C_cell1,10,102Ah_45degC_1C_cell1,PCA_frozen_ridge,93.34,102.61176470588235,97.45560951984692,4.115609519846913
102Ah_45degC_1C_cell1,11,102Ah_45degC_1C_cell1,PCA_frozen_ridge,92.94,102.61176470588235,96.92592611705797,3.9859261170579714
102Ah_45degC_1C_cell1,12,102Ah_45degC_1C_cell1,PCA_frozen_ridge,92.564,102.61176470588235,96.75926218462939,4.195262184629399
102Ah_45degC_1C_cell1,13,102Ah_45degC_1C_cell1,PCA_frozen_ridge,92.197,102.61176470588235,96.23330086459985,4.036300864599852
102Ah_45degC_1C_cell1,14,102Ah_45degC_1C_cell1,PCA_frozen_ridge,91.821,102.61176470588235,96.07856104342032,4.257561043420324
102Ah_45degC_1C_cell1,15,102Ah_45degC_1C_cell1,PCA_frozen_ridge,91.424,102.61176470588235,95.63574044814271,4.211740448142706
102Ah_45degC_1C_cell1,16,102Ah_45degC_1C_cell1,PCA_frozen_ridge,90.943,102.61176470588235,95.1131553896083,4.170155389608297
102Ah_45degC_1C_cell1,17,102Ah_45degC_1C_cell1,PCA_frozen_ridge,90.603,102.61176470588235,95.00351932938771,4.40051932938772
102Ah_45degC_1C_cell1,18,102Ah_45degC_1C_cell1,PCA_frozen_ridge,90.278,102.61176470588235,96.03893404378334,5.760934043783337
102Ah_45degC_1C_cell1,19,102Ah_45degC_1C_cell1,PCA_frozen_ridge,89.822,102.61176470588235,94.37462400213252,4.552624002132518
102Ah_45degC_1C_cell1,20,102Ah_45degC_1C_cell1,PCA_frozen_ridge,89.494,102.61176470588235,94.0391319939104,4.5451319939104025
102Ah_45degC_1C_cell1,21,102Ah_45degC_1C_cell1,PCA_frozen_ridge,89.036,102.61176470588235,93.71904249958607,4.683042499586065
102Ah_45degC_1C_cell1,22,102Ah_45degC_1C_cell1,PCA_frozen_ridge,88.696,102.61176470588235,93.45562074058549,4.75962074058549
102Ah_45degC_1C_cell1,23,102Ah_45degC_1C_cell1,PCA_frozen_ridge,88.347,102.61176470588235,93.19226141887142,4.845261418871431
102Ah_45degC_1C_cell1,24,102Ah_45degC_1C_cell1,PCA_frozen_ridge,88.0,102.61176470588235,92.96112954915428,4.961129549154279
102Ah_45degC_1C_cell1,25,102Ah_45degC_1C_cell1,PCA_frozen_ridge,87.625,102.61176470588235,92.62210353379074,4.997103533790735
102Ah_45degC_1C_cell1,26,102Ah_45degC_1C_cell1,PCA_frozen_ridge,87.258,102.61176470588235,92.31559605450553,5.057596054505538
102Ah_45degC_1C_cell1,27,102Ah_45degC_1C_cell1,PCA_frozen_ridge,86.915,102.61176470588235,91.92659488891977,5.01159488891976
102Ah_45degC_1C_cell1,28,102Ah_45degC_1C_cell1,PCA_frozen_ridge,86.361,102.61176470588235,91.47717414587034,5.116174145870332
102Ah_45degC_1C_cell1,29,102Ah_45degC_1C_cell1,PCA_frozen_ridge,85.894,102.61176470588235,88.8536022869658,2.95960228696579
102Ah_45degC_1C_cell1,30,102Ah_45degC_1C_cell1,PCA_frozen_ridge,85.512,102.61176470588235,90.86773626978736,5.355736269787357
102Ah_45degC_1C_cell1,1,102Ah_45degC_1C_cell1,PCA_no_voltage_control,98.462,102.61176470588235,101.66894592912126,3.206945929121261
102Ah_45degC_1C_cell1,2,102Ah_45degC_1C_cell1,PCA_no_voltage_control,97.488,102.61176470588235,100.65872291526438,3.1707229152643777
102Ah_45degC_1C_cell1,3,102Ah_45degC_1C_cell1,PCA_no_voltage_control,96.668,102.61176470588235,99.93667947245052,3.268679472450515
102Ah_45degC_1C_cell1,4,102Ah_45degC_1C_cell1,PCA_no_voltage_control,96.07,102.61176470588235,99.65379786688123,3.583797866881241
102Ah_45degC_1C_cell1,5,102Ah_45degC_1C_cell1,PCA_no_voltage_control,95.532,102.61176470588235,98.90602163477081,3.3740216347708127
102Ah_45degC_1C_cell1,6,102Ah_45degC_1C_cell1,PCA_no_voltage_control,95.047,102.61176470588235,98.45578069127161,3.408780691271616
102Ah_45degC_1C_cell1,7,102Ah_45degC_1C_cell1,PCA_no_voltage_control,94.61,102.61176470588235,97.7821831882523,3.172183188252305
102Ah_45degC_1C_cell1,8,102Ah_45degC_1C_cell1,PCA_no_voltage_control,94.15,102.61176470588235,97.44034375290175,3.290343752901748
102Ah_45degC_1C_cell1,9,102Ah_45degC_1C_cell1,PCA_no_voltage_control,93.732,102.61176470588235,98.65516610795214,4.923166107952142
102Ah_45degC_1C_cell1,10,102Ah_45degC_1C_cell1,PCA_no_voltage_control,93.34,102.61176470588235,98.16542315816851,4.825423158168505
102Ah_45degC_1C_cell1,11,102Ah_45degC_1C_cell1,PCA_no_voltage_control,92.94,102.61176470588235,97.06854329898307,4.128543298983075
102Ah_45degC_1C_cell1,12,102Ah_45degC_1C_cell1,PCA_no_voltage_control,92.564,102.61176470588235,96.37460661394252,3.810606613942525
102Ah_45degC_1C_cell1,13,102Ah_45degC_1C_cell1,PCA_no_voltage_control,92.197,102.61176470588235,96.84737646482736,4.65037646482736
102Ah_45degC_1C_cell1,14,102Ah_45degC_1C_cell1,PCA_no_voltage_control,91.821,102.61176470588235,96.78733873927948,4.966338739279479
102Ah_45degC_1C_cell1,15,102Ah_45degC_1C_cell1,PCA_no_voltage_control,91.424,102.61176470588235,95.69589120438017,4.271891204380168
102Ah_45degC_1C_cell1,16,102Ah_45degC_1C_cell1,PCA_no_voltage_control,90.943,102.61176470588235,95.18059222740341,4.237592227403411
102Ah_45degC_1C_cell1,17,102Ah_45degC_1C_cell1,PCA_no_voltage_control,90.603,102.61176470588235,96.09633147566437,5.493331475664377
102Ah_45degC_1C_cell1,18,102Ah_45degC_1C_cell1,PCA_no_voltage_control,90.278,102.61176470588235,94.51869073110662,4.240690731106611
102Ah_45degC_1C_cell1,19,102Ah_45degC_1C_cell1,PCA_no_voltage_control,89.822,102.61176470588235,95.1811109609426,5.359110960942601
102Ah_45degC_1C_cell1,20,102Ah_45degC_1C_cell1,PCA_no_voltage_control,89.494,102.61176470588235,94.74066419647822,5.246664196478221
102Ah_45degC_1C_cell1,21,102Ah_45degC_1C_cell1,PCA_no_voltage_control,89.036,102.61176470588235,92.53503633419218,3.4990363341921835
102Ah_45degC_1C_cell1,22,102Ah_45degC_1C_cell1,PCA_no_voltage_control,88.696,102.61176470588235,92.52516021994147,3.829160219941471
102Ah_45degC_1C_cell1,23,102Ah_45degC_1C_cell1,PCA_no_voltage_control,88.347,102.61176470588235,92.02346306716753,3.676463067167532
102Ah_45degC_1C_cell1,24,102Ah_45degC_1C_cell1,PCA_no_voltage_control,88.0,102.61176470588235,91.89506808147058,3.8950680814705834
102Ah_45degC_1C_cell1,25,102Ah_45degC_1C_cell1,PCA_no_voltage_control,87.625,102.61176470588235,91.74672757772944,4.121727577729445
102Ah_45degC_1C_cell1,26,102Ah_45degC_1C_cell1,PCA_no_voltage_control,87.258,102.61176470588235,90.95928607229783,3.701286072297833
102Ah_45degC_1C_cell1,27,102Ah_45degC_1C_cell1,PCA_no_voltage_control,86.915,102.61176470588235,90.9442420350177,4.029242035017688
102Ah_45degC_1C_cell1,28,102Ah_45degC_1C_cell1,PCA_no_voltage_control,86.361,102.61176470588235,90.87340336628094,4.512403366280935
102Ah_45degC_1C_cell1,29,102Ah_45degC_1C_cell1,PCA_no_voltage_control,85.894,102.61176470588235,81.40336057052183,-4.490639429478179
102Ah_45degC_1C_cell1,30,102Ah_45degC_1C_cell1,PCA_no_voltage_control,85.512,102.61176470588235,91.2065584917494,5.6945584917494045
102Ah_55degC_1C_cell3,1,102Ah_55degC_1C_cell3,age_count_ridge,98.15,102.83911764705883,99.83269604686295,1.6826960468629437
102Ah_55degC_1C_cell3,2,102Ah_55degC_1C_cell3,age_count_ridge,97.002,102.83911764705883,99.25616522113538,2.2541652211353806
102Ah_55degC_1C_cell3,3,102Ah_55degC_1C_cell3,age_count_ridge,93.692,102.83911764705883,97.39139684123792,3.6993968412379274
102Ah_55degC_1C_cell3,4,102Ah_55degC_1C_cell3,age_count_ridge,93.086,102.83911764705883,97.02570800660965,3.9397080066096493
102Ah_55degC_1C_cell3,5,102Ah_55degC_1C_cell3,age_count_ridge,92.505,102.83911764705883,96.66366278896987,4.1586627889698775
102Ah_55degC_1C_cell3,6,102Ah_55degC_1C_cell3,age_count_ridge,91.953,102.83911764705883,96.30761234601974,4.354612346019735
102Ah_55degC_1C_cell3,7,102Ah_55degC_1C_cell3,age_count_ridge,91.407,102.83911764705883,95.91243544220944,4.505435442209446
102Ah_55degC_1C_cell3,8,102Ah_55degC_1C_cell3,age_count_ridge,90.846,102.83911764705883,95.57662473751869,4.730624737518681
102Ah_55degC_1C_cell3,9,102Ah_55degC_1C_cell3,age_count_ridge,90.301,102.83911764705883,95.24558955916507,4.944589559165067
102Ah_55degC_1C_cell3,10,102Ah_55degC_1C_cell3,age_count_ridge,89.744,102.83911764705883,94.9139520978304,5.169952097830404
102Ah_55degC_1C_cell3,11,102Ah_55degC_1C_cell3,age_count_ridge,89.204,102.83911764705883,94.59136216300746,5.387362163007467
102Ah_55degC_1C_cell3,12,102Ah_55degC_1C_cell3,age_count_ridge,88.661,102.83911764705883,94.26714409187817,5.606144091878164
102Ah_55degC_1C_cell3,13,102Ah_55degC_1C_cell3,age_count_ridge,88.039,102.83911764705883,93.74126803448715,5.7022680344871475
102Ah_55degC_1C_cell3,14,102Ah_55degC_1C_cell3,age_count_ridge,87.512,102.83911764705883,93.42564434418426,5.913644344184263
102Ah_55degC_1C_cell3,15,102Ah_55degC_1C_cell3,age_count_ridge,86.962,102.83911764705883,93.11682057890033,6.154820578900328
102Ah_55degC_1C_cell3,16,102Ah_55degC_1C_cell3,age_count_ridge,86.38,102.83911764705883,92.80560875915295,6.425608759152951
102Ah_55degC_1C_cell3,17,102Ah_55degC_1C_cell3,age_count_ridge,85.815,102.83911764705883,92.50184527797379,6.686845277973788
102Ah_55degC_1C_cell3,18,102Ah_55degC_1C_cell3,age_count_ridge,85.108,102.83911764705883,92.1952741514731,7.087274151473096
102Ah_55degC_1C_cell3,19,102Ah_55degC_1C_cell3,age_count_ridge,84.207,102.83911764705883,91.79940862969165,7.592408629691661
102Ah_55degC_1C_cell3,20,102Ah_55degC_1C_cell3,age_count_ridge,83.035,102.83911764705883,91.49790762028526,8.462907620285264
102Ah_55degC_1C_cell3,21,102Ah_55degC_1C_cell3,age_count_ridge,81.814,102.83911764705883,91.20373766868667,9.389737668686678
102Ah_55degC_1C_cell3,22,102Ah_55degC_1C_cell3,age_count_ridge,80.494,102.83911764705883,90.90749607602612,10.41349607602612
102Ah_55degC_1C_cell3,23,102Ah_55degC_1C_cell3,age_count_ridge,79.116,102.83911764705883,90.61824687343794,11.50224687343794
102Ah_55degC_1C_cell3,24,102Ah_55degC_1C_cell3,age_count_ridge,77.658,102.83911764705883,90.33156096413023,12.673560964130232
102Ah_55degC_1C_cell3,25,102Ah_55degC_1C_cell3,age_count_ridge,76.068,102.83911764705883,90.03819691131753,13.97019691131753
102Ah_55degC_1C_cell3,26,102Ah_55degC_1C_cell3,age_count_ridge,74.402,102.83911764705883,89.7308438491192,15.328843849119195
102Ah_55degC_1C_cell3,27,102Ah_55degC_1C_cell3,age_count_ridge,72.733,102.83911764705883,89.16697780006555,16.43397780006555
102Ah_55degC_1C_cell3,28,102Ah_55degC_1C_cell3,age_count_ridge,71.205,102.83911764705883,88.89198907105009,17.686989071050093
102Ah_55degC_1C_cell3,29,102Ah_55degC_1C_cell3,age_count_ridge,69.634,102.83911764705883,88.61566995271448,18.981669952714483
102Ah_55degC_1C_cell3,30,102Ah_55degC_1C_cell3,age_count_ridge,68.083,102.83911764705883,88.28306597881033,20.20006597881033
102Ah_55degC_1C_cell3,1,102Ah_55degC_1C_cell3,PCA_frozen_ridge,98.15,102.83911764705883,81.50844259814278,-16.641557401857227
102Ah_55degC_1C_cell3,2,102Ah_55degC_1C_cell3,PCA_frozen_ridge,97.002,102.83911764705883,82.62914234093046,-14.372857659069538
102Ah_55degC_1C_cell3,3,102Ah_55degC_1C_cell3,PCA_frozen_ridge,93.692,102.83911764705883,79.48874515175939,-14.203254848240604
102Ah_55degC_1C_cell3,4,102Ah_55degC_1C_cell3,PCA_frozen_ridge,93.086,102.83911764705883,79.22633397863345,-13.85966602136655
102Ah_55degC_1C_cell3,5,102Ah_55degC_1C_cell3,PCA_frozen_ridge,92.505,102.83911764705883,79.72014089973352,-12.784859100266473
102Ah_55degC_1C_cell3,6,102Ah_55degC_1C_cell3,PCA_frozen_ridge,91.953,102.83911764705883,79.11675921031903,-12.836240789680971
102Ah_55degC_1C_cell3,7,102Ah_55degC_1C_cell3,PCA_frozen_ridge,91.407,102.83911764705883,80.32385178186097,-11.08314821813903
102Ah_55degC_1C_cell3,8,102Ah_55degC_1C_cell3,PCA_frozen_ridge,90.846,102.83911764705883,78.90985827408133,-11.936141725918674
102Ah_55degC_1C_cell3,9,102Ah_55degC_1C_cell3,PCA_frozen_ridge,90.301,102.83911764705883,78.36146792582842,-11.93953207417158
102Ah_55degC_1C_cell3,10,102Ah_55degC_1C_cell3,PCA_frozen_ridge,89.744,102.83911764705883,77.28944416171308,-12.454555838286922
102Ah_55degC_1C_cell3,11,102Ah_55degC_1C_cell3,PCA_frozen_ridge,89.204,102.83911764705883,78.26659015154412,-10.937409848455871
102Ah_55degC_1C_cell3,12,102Ah_55degC_1C_cell3,PCA_frozen_ridge,88.661,102.83911764705883,77.42810991547826,-11.232890084521742
102Ah_55degC_1C_cell3,13,102Ah_55degC_1C_cell3,PCA_frozen_ridge,88.039,102.83911764705883,77.00260912096164,-11.036390879038365
102Ah_55degC_1C_cell3,14,102Ah_55degC_1C_cell3,PCA_frozen_ridge,87.512,102.83911764705883,77.7508630306816,-9.7611369693184
102Ah_55degC_1C_cell3,15,102Ah_55degC_1C_cell3,PCA_frozen_ridge,86.962,102.83911764705883,76.93050106232215,-10.031498937677853
102Ah_55degC_1C_cell3,16,102Ah_55degC_1C_cell3,PCA_frozen_ridge,86.38,102.83911764705883,75.75525720498968,-10.62474279501032
102Ah_55degC_1C_cell3,17,102Ah_55degC_1C_cell3,PCA_frozen_ridge,85.815,102.83911764705883,77.1827446435756,-8.632255356424395
102Ah_55degC_1C_cell3,18,102Ah_55degC_1C_cell3,PCA_frozen_ridge,85.108,102.83911764705883,76.5360971390725,-8.571902860927509
102Ah_55degC_1C_cell3,19,102Ah_55degC_1C_cell3,PCA_frozen_ridge,84.207,102.83911764705883,76.6535847823725,-7.553415217627489
102Ah_55degC_1C_cell3,20,102Ah_55degC_1C_cell3,PCA_frozen_ridge,83.035,102.83911764705883,75.46619946807427,-7.568800531925731
102Ah_55degC_1C_cell3,21,102Ah_55degC_1C_cell3,PCA_frozen_ridge,81.814,102.83911764705883,75.8443093741027,-5.969690625897286
102Ah_55degC_1C_cell3,22,102Ah_55degC_1C_cell3,PCA_frozen_ridge,80.494,102.83911764705883,74.92826069155375,-5.565739308446254
102Ah_55degC_1C_cell3,23,102Ah_55degC_1C_cell3,PCA_frozen_ridge,79.116,102.83911764705883,74.4804187042915,-4.635581295708505
102Ah_55degC_1C_cell3,24,102Ah_55degC_1C_cell3,PCA_frozen_ridge,77.658,102.83911764705883,73.77657492535317,-3.8814250746468275
102Ah_55degC_1C_cell3,25,102Ah_55degC_1C_cell3,PCA_frozen_ridge,76.068,102.83911764705883,72.15082149043867,-3.9171785095613245
102Ah_55degC_1C_cell3,26,102Ah_55degC_1C_cell3,PCA_frozen_ridge,74.402,102.83911764705883,73.14878911063815,-1.2532108893618528
102Ah_55degC_1C_cell3,27,102Ah_55degC_1C_cell3,PCA_frozen_ridge,72.733,102.83911764705883,72.49136801606042,-0.24163198393958396
102Ah_55degC_1C_cell3,28,102Ah_55degC_1C_cell3,PCA_frozen_ridge,71.205,102.83911764705883,72.01665245454863,0.8116524545486357
102Ah_55degC_1C_cell3,29,102Ah_55degC_1C_cell3,PCA_frozen_ridge,69.634,102.83911764705883,71.16327898362809,1.529278983628089
102Ah_55degC_1C_cell3,30,102Ah_55degC_1C_cell3,PCA_frozen_ridge,68.083,102.83911764705883,72.18908849769966,4.106088497699659
102Ah_55degC_1C_cell3,1,102Ah_55degC_1C_cell3,PCA_no_voltage_control,98.15,102.83911764705883,103.1984378312336,5.048437831233599
102Ah_55degC_1C_cell3,2,102Ah_55degC_1C_cell3,PCA_no_voltage_control,97.002,102.83911764705883,102.6446602717265,5.642660271726498
102Ah_55degC_1C_cell3,3,102Ah_55degC_1C_cell3,PCA_no_voltage_control,93.692,102.83911764705883,100.9533617619314,7.261361761931411
102Ah_55degC_1C_cell3,4,102Ah_55degC_1C_cell3,PCA_no_voltage_control,93.086,102.83911764705883,100.16850292137863,7.082502921378634
102Ah_55degC_1C_cell3,5,102Ah_55degC_1C_cell3,PCA_no_voltage_control,92.505,102.83911764705883,100.23267251557158,7.727672515571584
102Ah_55degC_1C_cell3,6,102Ah_55degC_1C_cell3,PCA_no_voltage_control,91.953,102.83911764705883,99.87358294224022,7.920582942240216
102Ah_55degC_1C_cell3,7,102Ah_55degC_1C_cell3,PCA_no_voltage_control,91.407,102.83911764705883,99.45493135696186,8.047931356961868
102Ah_55degC_1C_cell3,8,102Ah_55degC_1C_cell3,PCA_no_voltage_control,90.846,102.83911764705883,99.074064531341,8.22806453134099
102Ah_55degC_1C_cell3,9,102Ah_55degC_1C_cell3,PCA_no_voltage_control,90.301,102.83911764705883,98.84081249493593,8.53981249493593
102Ah_55degC_1C_cell3,10,102Ah_55degC_1C_cell3,PCA_no_voltage_control,89.744,102.83911764705883,98.37698183362959,8.632981833629586
102Ah_55degC_1C_cell3,11,102Ah_55degC_1C_cell3,PCA_no_voltage_control,89.204,102.83911764705883,98.03230647716006,8.82830647716007
102Ah_55degC_1C_cell3,12,102Ah_55degC_1C_cell3,PCA_no_voltage_control,88.661,102.83911764705883,97.69449376224195,9.033493762241946
102Ah_55degC_1C_cell3,13,102Ah_55degC_1C_cell3,PCA_no_voltage_control,88.039,102.83911764705883,96.94673209215416,8.907732092154163
102Ah_55degC_1C_cell3,14,102Ah_55degC_1C_cell3,PCA_no_voltage_control,87.512,102.83911764705883,96.81824459156017,9.306244591560173
102Ah_55degC_1C_cell3,15,102Ah_55degC_1C_cell3,PCA_no_voltage_control,86.962,102.83911764705883,96.57015030130837,9.60815030130837
102Ah_55degC_1C_cell3,16,102Ah_55degC_1C_cell3,PCA_no_voltage_control,86.38,102.83911764705883,96.24629775695949,9.866297756959497
102Ah_55degC_1C_cell3,17,102Ah_55degC_1C_cell3,PCA_no_voltage_control,85.815,102.83911764705883,95.67198309532432,9.856983095324324
102Ah_55degC_1C_cell3,18,102Ah_55degC_1C_cell3,PCA_no_voltage_control,85.108,102.83911764705883,95.53043155119919,10.422431551199182
102Ah_55degC_1C_cell3,19,102Ah_55degC_1C_cell3,PCA_no_voltage_control,84.207,102.83911764705883,95.10922104766865,10.902221047668661
102Ah_55degC_1C_cell3,20,102Ah_55degC_1C_cell3,PCA_no_voltage_control,83.035,102.83911764705883,94.80700271667195,11.772002716671949
102Ah_55degC_1C_cell3,21,102Ah_55degC_1C_cell3,PCA_no_voltage_control,81.814,102.83911764705883,94.5123273689571,12.69832736895711
102Ah_55degC_1C_cell3,22,102Ah_55degC_1C_cell3,PCA_no_voltage_control,80.494,102.83911764705883,94.28078232844436,13.78678232844436
102Ah_55degC_1C_cell3,23,102Ah_55degC_1C_cell3,PCA_no_voltage_control,79.116,102.83911764705883,93.87086803191015,14.75486803191015
102Ah_55degC_1C_cell3,24,102Ah_55degC_1C_cell3,PCA_no_voltage_control,77.658,102.83911764705883,93.7537516717459,16.0957516717459
102Ah_55degC_1C_cell3,25,102Ah_55degC_1C_cell3,PCA_no_voltage_control,76.068,102.83911764705883,93.21770995251235,17.149709952512353
102Ah_55degC_1C_cell3,26,102Ah_55degC_1C_cell3,PCA_no_voltage_control,74.402,102.83911764705883,93.11260283993147,18.710602839931468
102Ah_55degC_1C_cell3,27,102Ah_55degC_1C_cell3,PCA_no_voltage_control,72.733,102.83911764705883,92.3717511502006,19.63875115020059
102Ah_55degC_1C_cell3,28,102Ah_55degC_1C_cell3,PCA_no_voltage_control,71.205,102.83911764705883,92.26258104120488,21.057581041204884
102Ah_55degC_1C_cell3,29,102Ah_55degC_1C_cell3,PCA_no_voltage_control,69.634,102.83911764705883,87.94360626557676,18.30960626557676
102Ah_55degC_1C_cell3,30,102Ah_55degC_1C_cell3,PCA_no_voltage_control,68.083,102.83911764705883,91.63019321540953,23.547193215409536
