held_cell,method,alpha,inner_macro_mae_pp
102Ah_25degC_0p5C_cell3,spline_age,10.0,4.442324383026825
102Ah_25degC_0p5C_cell3,spline_age_rate,10.0,4.292723003949691
102Ah_25degC_0p5C_cell3,spline_age_temp_rate,100.0,4.203114943861348
102Ah_25degC_1C_cell3,spline_age,1000.0,6.17754848850129
102Ah_25degC_1C_cell3,spline_age_rate,1000.0,8.8297211349451
102Ah_25degC_1C_cell3,spline_age_temp_rate,1000.0,7.5817626333207
102Ah_35degC_1C_cell1,spline_age,100.0,4.143557892173483
102Ah_35degC_1C_cell1,spline_age_rate,10.0,4.970929038170735
102Ah_35degC_1C_cell1,spline_age_temp_rate,100.0,3.571149699112001
102Ah_45degC_0p5C_cell3,spline_age,1000.0,5.04103796273638
102Ah_45degC_0p5C_cell3,spline_age_rate,1000.0,5.569429264736613
102Ah_45degC_0p5C_cell3,spline_age_temp_rate,1000.0,5.30420902580676
102Ah_45degC_1C_cell1,spline_age,100.0,5.2138916081817515
102Ah_45degC_1C_cell1,spline_age_rate,10.0,5.211853041325048
102Ah_45degC_1C_cell1,spline_age_temp_rate,100.0,4.324472793015393
102Ah_55degC_1C_cell3,spline_age,10.0,2.803011862334217
102Ah_55degC_1C_cell3,spline_age_rate,1.0,2.575833919475048
102Ah_55degC_1C_cell3,spline_age_temp_rate,1.0,2.109583025100421
