start,cell,chamber_C,method,abs_mV
2025-01-29T17:14:03,1,45,CK0_fixed_shape,8.273314130795146
2025-01-29T17:14:03,1,45,early_gated_Q_fixed_SOC,8.273314130795146
2025-01-29T17:14:03,1,45,early_ungated_Q_SOC,5.367426834892875
2025-01-29T17:14:03,1,45,last_same_temp_shift,0.07504374072312099
2025-01-29T17:14:03,2,45,CK0_fixed_shape,4.070112637993156
2025-01-29T17:14:03,2,45,early_gated_Q_fixed_SOC,4.070112637993156
2025-01-29T17:14:03,2,45,early_ungated_Q_SOC,2.8769130496709554
2025-01-29T17:14:03,2,45,last_same_temp_shift,0.08449130394160438
2025-01-29T17:14:03,3,45,CK0_fixed_shape,28.67415782504218
2025-01-29T17:14:03,3,45,early_gated_Q_fixed_SOC,28.67415782504218
2025-01-29T17:14:03,3,45,early_ungated_Q_SOC,17.371466579000817
2025-01-29T17:14:03,3,45,last_same_temp_shift,0.08673120478819434
2025-01-29T17:14:03,4,45,CK0_fixed_shape,5.449645379981483
2025-01-29T17:14:03,4,45,early_gated_Q_fixed_SOC,5.449645379981483
2025-01-29T17:14:03,4,45,early_ungated_Q_SOC,3.599729305934504
2025-01-29T17:14:03,4,45,last_same_temp_shift,0.08512950059254339
2025-02-03T13:18:02,1,45,CK0_fixed_shape,8.26672386664856
2025-02-03T13:18:02,1,45,early_gated_Q_fixed_SOC,8.26672386664856
2025-02-03T13:18:02,1,45,early_ungated_Q_SOC,5.361580569099436
2025-02-03T13:18:02,1,45,last_same_temp_shift,0.04399403174694651
2025-02-03T13:18:02,2,45,CK0_fixed_shape,4.10171722344687
2025-02-03T13:18:02,2,45,early_gated_Q_fixed_SOC,4.10171722344687
2025-02-03T13:18:02,2,45,early_ungated_Q_SOC,3.027857646048732
2025-02-03T13:18:02,2,45,last_same_temp_shift,0.05111528655299676
2025-02-03T13:18:02,3,45,CK0_fixed_shape,28.649366774120328
2025-02-03T13:18:02,3,45,early_gated_Q_fixed_SOC,28.649366774120328
2025-02-03T13:18:02,3,45,early_ungated_Q_SOC,17.466256833669945
2025-02-03T13:18:02,3,45,last_same_temp_shift,0.05700271831934306
2025-02-03T13:18:02,4,45,CK0_fixed_shape,5.513930734719893
2025-02-03T13:18:02,4,45,early_gated_Q_fixed_SOC,5.513930734719893
2025-02-03T13:18:02,4,45,early_ungated_Q_SOC,3.6640146606729136
2025-02-03T13:18:02,4,45,last_same_temp_shift,0.07507108219311988
2025-02-08T09:22:15,1,45,CK0_fixed_shape,8.42435688550311
2025-02-08T09:22:15,1,45,early_gated_Q_fixed_SOC,8.42435688550311
2025-02-08T09:22:15,1,45,early_ungated_Q_SOC,5.319091035930368
2025-02-08T09:22:15,1,45,last_same_temp_shift,0.24169970767951843
2025-02-08T09:22:15,2,45,CK0_fixed_shape,4.147864703018529
2025-02-08T09:22:15,2,45,early_gated_Q_fixed_SOC,4.147864703018529
2025-02-08T09:22:15,2,45,early_ungated_Q_SOC,2.854975837861093
2025-02-08T09:22:15,2,45,last_same_temp_shift,0.05643325654092476
2025-02-08T09:22:15,3,45,CK0_fixed_shape,29.49694305286808
2025-02-08T09:22:15,3,45,early_gated_Q_fixed_SOC,29.49694305286808
2025-02-08T09:22:15,3,45,early_ungated_Q_SOC,17.559637023458258
2025-02-08T09:22:15,3,45,last_same_temp_shift,0.7245358677001902
2025-02-08T09:22:15,4,45,CK0_fixed_shape,5.961199784974124
2025-02-08T09:22:15,4,45,early_gated_Q_fixed_SOC,5.961199784974124
2025-02-08T09:22:15,4,45,early_ungated_Q_SOC,4.0804274931555975
2025-02-08T09:22:15,4,45,last_same_temp_shift,0.40180143779548844
2025-03-14T23:31:27,1,25,CK0_fixed_shape,8.839061126530025
2025-03-14T23:31:27,1,25,early_gated_Q_fixed_SOC,8.839061126530025
2025-03-14T23:31:27,1,25,early_ungated_Q_SOC,5.735866531556672
2025-03-14T23:31:27,1,25,last_same_temp_shift,1.2151174329303391
2025-03-14T23:31:27,2,25,CK0_fixed_shape,3.4743606187669323
2025-03-14T23:31:27,2,25,early_gated_Q_fixed_SOC,3.4743606187669323
2025-03-14T23:31:27,2,25,early_ungated_Q_SOC,2.400501041368794
2025-03-14T23:31:27,2,25,last_same_temp_shift,0.7944933023266251
2025-03-14T23:31:27,3,25,CK0_fixed_shape,43.60571312477901
2025-03-14T23:31:27,3,25,early_gated_Q_fixed_SOC,43.60571312477901
2025-03-14T23:31:27,3,25,early_ungated_Q_SOC,34.46331157342937
2025-03-14T23:31:27,3,25,last_same_temp_shift,2.833844205836162
2025-03-14T23:31:27,4,25,CK0_fixed_shape,6.173390403521605
2025-03-14T23:31:27,4,25,early_gated_Q_fixed_SOC,6.173390403521605
2025-03-14T23:31:27,4,25,early_ungated_Q_SOC,4.080990375729027
2025-03-14T23:31:27,4,25,last_same_temp_shift,1.5331547524972293
2025-03-19T19:36:28,1,25,CK0_fixed_shape,8.180280813100396
2025-03-19T19:36:28,1,25,early_gated_Q_fixed_SOC,8.180280813100396
2025-03-19T19:36:28,1,25,early_ungated_Q_SOC,5.507169343044813
2025-03-19T19:36:28,1,25,last_same_temp_shift,1.658786079735173
2025-03-19T19:36:28,2,25,CK0_fixed_shape,2.904063034369484
2025-03-19T19:36:28,2,25,early_gated_Q_fixed_SOC,2.904063034369484
2025-03-19T19:36:28,2,25,early_ungated_Q_SOC,1.8302034569713455
2025-03-19T19:36:28,2,25,last_same_temp_shift,0.7468373750888806
2025-03-19T19:36:28,3,25,CK0_fixed_shape,40.61957253201111
2025-03-19T19:36:28,3,25,early_gated_Q_fixed_SOC,40.61957253201111
2025-03-19T19:36:28,3,25,early_ungated_Q_SOC,29.95250208452315
2025-03-19T19:36:28,3,25,last_same_temp_shift,1.7216671803173837
2025-03-19T19:36:28,4,25,CK0_fixed_shape,4.8836116442397755
2025-03-19T19:36:28,4,25,early_gated_Q_fixed_SOC,4.8836116442397755
2025-03-19T19:36:28,4,25,early_ungated_Q_SOC,3.0336955701927963
2025-03-19T19:36:28,4,25,last_same_temp_shift,1.2897787592818288
2025-03-25T12:55:08,1,45,CK0_fixed_shape,9.060255472800073
2025-03-25T12:55:08,1,45,early_gated_Q_fixed_SOC,9.060255472800073
2025-03-25T12:55:08,1,45,early_ungated_Q_SOC,5.8016965578051085
2025-03-25T12:55:08,1,45,last_same_temp_shift,0.6832049463700315
2025-03-25T12:55:08,2,45,CK0_fixed_shape,4.835811978084846
2025-03-25T12:55:08,2,45,early_gated_Q_fixed_SOC,4.835811978084846
2025-03-25T12:55:08,2,45,early_ungated_Q_SOC,3.6422692272753294
2025-03-25T12:55:08,2,45,last_same_temp_shift,0.7092574947190005
2025-03-25T12:55:08,3,45,CK0_fixed_shape,34.05546964543372
2025-03-25T12:55:08,3,45,early_gated_Q_fixed_SOC,34.05546964543372
2025-03-25T12:55:08,3,45,early_ungated_Q_SOC,21.028805598136664
2025-03-25T12:55:08,3,45,last_same_temp_shift,5.020182100298223
2025-03-25T12:55:08,4,45,CK0_fixed_shape,6.368666021929831
2025-03-25T12:55:08,4,45,early_gated_Q_fixed_SOC,6.368666021929831
2025-03-25T12:55:08,4,45,early_ungated_Q_SOC,4.275526322068768
2025-03-25T12:55:08,4,45,last_same_temp_shift,0.24373976150815627
2025-03-30T08:58:46,1,45,CK0_fixed_shape,8.434266466501924
2025-03-30T08:58:46,1,45,early_gated_Q_fixed_SOC,8.434266466501924
2025-03-30T08:58:46,1,45,early_ungated_Q_SOC,5.76115499644634
2025-03-30T08:58:46,1,45,last_same_temp_shift,0.6403563966503576
2025-03-30T08:58:46,2,45,CK0_fixed_shape,4.820005899406201
2025-03-30T08:58:46,2,45,early_gated_Q_fixed_SOC,4.820005899406201
2025-03-30T08:58:46,2,45,early_ungated_Q_SOC,3.6271292894511618
2025-03-30T08:58:46,2,45,last_same_temp_shift,0.08547593611991425
2025-03-30T08:58:46,3,45,CK0_fixed_shape,32.84041319160482
2025-03-30T08:58:46,3,45,early_gated_Q_fixed_SOC,32.84041319160482
2025-03-30T08:58:46,3,45,early_ungated_Q_SOC,20.372233629265974
2025-03-30T08:58:46,3,45,last_same_temp_shift,1.2174413834311504
2025-03-30T08:58:46,4,45,CK0_fixed_shape,6.13056862472971
2025-03-30T08:58:46,4,45,early_gated_Q_fixed_SOC,6.13056862472971
2025-03-30T08:58:46,4,45,early_ungated_Q_SOC,4.038095065723126
2025-03-30T08:58:46,4,45,last_same_temp_shift,0.24387316466390468
2025-04-04T05:02:30,1,45,CK0_fixed_shape,8.318608565883507
2025-04-04T05:02:30,1,45,early_gated_Q_fixed_SOC,8.318608565883507
2025-04-04T05:02:30,1,45,early_ungated_Q_SOC,5.645497095827923
2025-04-04T05:02:30,1,45,last_same_temp_shift,0.13212721014973547
2025-04-04T05:02:30,2,45,CK0_fixed_shape,4.766368950848669
2025-04-04T05:02:30,2,45,early_gated_Q_fixed_SOC,4.766368950848669
2025-04-04T05:02:30,2,45,early_ungated_Q_SOC,3.573271747251611
2025-04-04T05:02:30,2,45,last_same_temp_shift,0.130862291791481
2025-04-04T05:02:30,3,45,CK0_fixed_shape,33.03529175428036
2025-04-04T05:02:30,3,45,early_gated_Q_fixed_SOC,33.03529175428036
2025-04-04T05:02:30,3,45,early_ungated_Q_SOC,20.1079367875423
2025-04-04T05:02:30,3,45,last_same_temp_shift,0.2654312804906463
2025-04-04T05:02:30,4,45,CK0_fixed_shape,5.971699905127266
2025-04-04T05:02:30,4,45,early_gated_Q_fixed_SOC,5.971699905127266
2025-04-04T05:02:30,4,45,early_ungated_Q_SOC,3.8790057524786623
2025-04-04T05:02:30,4,45,last_same_temp_shift,0.15927034070736024
2025-04-09T01:06:15,1,45,CK0_fixed_shape,8.188676212394169
2025-04-09T01:06:15,1,45,early_gated_Q_fixed_SOC,8.188676212394169
2025-04-09T01:06:15,1,45,early_ungated_Q_SOC,5.515564742338586
2025-04-09T01:06:15,1,45,last_same_temp_shift,0.17674398131727756
2025-04-09T01:06:15,2,45,CK0_fixed_shape,4.571836973977385
2025-04-09T01:06:15,2,45,early_gated_Q_fixed_SOC,4.571836973977385
2025-04-09T01:06:15,2,45,early_ungated_Q_SOC,3.378592707952314
2025-04-09T01:06:15,2,45,last_same_temp_shift,0.27307599191118953
2025-04-09T01:06:15,3,45,CK0_fixed_shape,33.396564671848246
2025-04-09T01:06:15,3,45,early_gated_Q_fixed_SOC,33.396564671848246
2025-04-09T01:06:15,3,45,early_ungated_Q_SOC,20.23420979925667
2025-04-09T01:06:15,3,45,last_same_temp_shift,0.19996764800646036
2025-04-09T01:06:15,4,45,CK0_fixed_shape,5.9224575255595555
2025-04-09T01:06:15,4,45,early_gated_Q_fixed_SOC,5.9224575255595555
2025-04-09T01:06:15,4,45,early_ungated_Q_SOC,3.829616310482939
2025-04-09T01:06:15,4,45,last_same_temp_shift,0.049568911069251424
2025-04-17T01:19:57,1,25,CK0_fixed_shape,9.319336670549031
2025-04-17T01:19:57,1,25,early_gated_Q_fixed_SOC,9.319336670549031
2025-04-17T01:19:57,1,25,early_ungated_Q_SOC,6.060851310198221
2025-04-17T01:19:57,1,25,last_same_temp_shift,1.5503028946399438
2025-04-17T01:19:57,2,25,CK0_fixed_shape,3.4853651173297515
2025-04-17T01:19:57,2,25,early_gated_Q_fixed_SOC,3.4853651173297515
2025-04-17T01:19:57,2,25,early_ungated_Q_SOC,2.4115055399316137
2025-04-17T01:19:57,2,25,last_same_temp_shift,0.581302082960268
2025-04-17T01:19:57,3,25,CK0_fixed_shape,43.617389665484495
2025-04-17T01:19:57,3,25,early_gated_Q_fixed_SOC,43.617389665484495
2025-04-17T01:19:57,3,25,early_ungated_Q_SOC,34.47563554877454
2025-04-17T01:19:57,3,25,last_same_temp_shift,1.733991155662552
2025-04-17T01:19:57,4,25,CK0_fixed_shape,5.7937904322307245
2025-04-17T01:19:57,4,25,early_gated_Q_fixed_SOC,5.7937904322307245
2025-04-17T01:19:57,4,25,early_ungated_Q_SOC,3.9181089506415683
2025-04-17T01:19:57,4,25,last_same_temp_shift,0.910178787990949
2025-04-22T17:42:19,1,25,CK0_fixed_shape,7.9038983752955
2025-04-22T17:42:19,1,25,early_gated_Q_fixed_SOC,7.9038983752955
2025-04-22T17:42:19,1,25,early_ungated_Q_SOC,5.230786905239918
2025-04-22T17:42:19,1,25,last_same_temp_shift,1.4734024575039868
2025-04-22T17:42:19,2,25,CK0_fixed_shape,2.6541207557613546
2025-04-22T17:42:19,2,25,early_gated_Q_fixed_SOC,2.6541207557613546
2025-04-22T17:42:19,2,25,early_ungated_Q_SOC,1.5802611783632163
2025-04-22T17:42:19,2,25,last_same_temp_shift,0.8312443615683971
2025-04-22T17:42:19,3,25,CK0_fixed_shape,40.566570106055664
2025-04-22T17:42:19,3,25,early_gated_Q_fixed_SOC,40.566570106055664
2025-04-22T17:42:19,3,25,early_ungated_Q_SOC,30.61865781153367
2025-04-22T17:42:19,3,25,last_same_temp_shift,1.9107621402759225
2025-04-22T17:42:19,4,25,CK0_fixed_shape,4.71391615672847
2025-04-22T17:42:19,4,25,early_gated_Q_fixed_SOC,4.71391615672847
2025-04-22T17:42:19,4,25,early_ungated_Q_SOC,2.864000082681491
2025-04-22T17:42:19,4,25,last_same_temp_shift,1.0798742755022546
2025-04-27T20:40:07,1,45,CK0_fixed_shape,9.050774475289629
2025-04-27T20:40:07,1,45,early_gated_Q_fixed_SOC,9.050774475289629
2025-04-27T20:40:07,1,45,early_ungated_Q_SOC,6.145905110348213
2025-04-27T20:40:07,1,45,last_same_temp_shift,0.2878044675680178
2025-04-27T20:40:07,2,45,CK0_fixed_shape,4.823446633842201
2025-04-27T20:40:07,2,45,early_gated_Q_fixed_SOC,4.823446633842201
2025-04-27T20:40:07,2,45,early_ungated_Q_SOC,3.630756011000428
2025-04-27T20:40:07,2,45,last_same_temp_shift,0.3057970559373665
2025-04-27T20:40:07,3,45,CK0_fixed_shape,33.815058144617986
2025-04-27T20:40:07,3,45,early_gated_Q_fixed_SOC,33.815058144617986
2025-04-27T20:40:07,3,45,early_ungated_Q_SOC,21.670728296766207
2025-04-27T20:40:07,3,45,last_same_temp_shift,2.2896326254932573
2025-04-27T20:40:07,4,45,CK0_fixed_shape,6.1216218149148744
2025-04-27T20:40:07,4,45,early_gated_Q_fixed_SOC,6.1216218149148744
2025-04-27T20:40:07,4,45,early_ungated_Q_SOC,4.029334243021556
2025-04-27T20:40:07,4,45,last_same_temp_shift,0.2000532434332452
2025-05-02T16:43:51,1,45,CK0_fixed_shape,8.335914786453303
2025-05-02T16:43:51,1,45,early_gated_Q_fixed_SOC,8.335914786453303
2025-05-02T16:43:51,1,45,early_ungated_Q_SOC,5.662803316397721
2025-05-02T16:43:51,1,45,last_same_temp_shift,0.16769814081637646
2025-05-02T16:43:51,2,45,CK0_fixed_shape,4.761151861089582
2025-05-02T16:43:51,2,45,early_gated_Q_fixed_SOC,4.761151861089582
2025-05-02T16:43:51,2,45,early_ungated_Q_SOC,3.568240650012575
2025-05-02T16:43:51,2,45,last_same_temp_shift,0.14203462195174876
2025-05-02T16:43:51,3,45,CK0_fixed_shape,33.595748858490374
2025-05-02T16:43:51,3,45,early_gated_Q_fixed_SOC,33.595748858490374
2025-05-02T16:43:51,3,45,early_ungated_Q_SOC,21.3047074814848
2025-05-02T16:43:51,3,45,last_same_temp_shift,1.395164238408061
2025-05-02T16:43:51,4,45,CK0_fixed_shape,6.0085993676318905
2025-05-02T16:43:51,4,45,early_gated_Q_fixed_SOC,6.0085993676318905
2025-05-02T16:43:51,4,45,early_ungated_Q_SOC,3.916091207503339
2025-05-02T16:43:51,4,45,last_same_temp_shift,0.11337708260830384
2025-05-07T12:47:42,1,45,CK0_fixed_shape,8.720749180136307
2025-05-07T12:47:42,1,45,early_gated_Q_fixed_SOC,8.720749180136307
2025-05-07T12:47:42,1,45,early_ungated_Q_SOC,5.81540113957131
2025-05-07T12:47:42,1,45,last_same_temp_shift,0.23245684388056237
2025-05-07T12:47:42,2,45,CK0_fixed_shape,4.553449272037824
2025-05-07T12:47:42,2,45,early_gated_Q_fixed_SOC,4.553449272037824
2025-05-07T12:47:42,2,45,early_ungated_Q_SOC,3.3605193113842593
2025-05-07T12:47:42,2,45,last_same_temp_shift,0.24836243988863504
2025-05-07T12:47:42,3,45,CK0_fixed_shape,33.48560739169252
2025-05-07T12:47:42,3,45,early_gated_Q_fixed_SOC,33.48560739169252
2025-05-07T12:47:42,3,45,early_ungated_Q_SOC,21.194091679661014
2025-05-07T12:47:42,3,45,last_same_temp_shift,0.11037615040787734
2025-05-07T12:47:42,4,45,CK0_fixed_shape,5.930913371650553
2025-05-07T12:47:42,4,45,early_gated_Q_fixed_SOC,5.930913371650553
2025-05-07T12:47:42,4,45,early_ungated_Q_SOC,3.8383864619454435
2025-05-07T12:47:42,4,45,last_same_temp_shift,0.07770474555789537
2025-05-12T08:51:14,1,45,CK0_fixed_shape,8.327998721673483
2025-05-12T08:51:14,1,45,early_gated_Q_fixed_SOC,8.327998721673483
2025-05-12T08:51:14,1,45,early_ungated_Q_SOC,5.6548872516179
2025-05-12T08:51:14,1,45,last_same_temp_shift,0.21005138765363812
2025-05-12T08:51:14,2,45,CK0_fixed_shape,4.653062521606459
2025-05-12T08:51:14,2,45,early_gated_Q_fixed_SOC,4.653062521606459
2025-05-12T08:51:14,2,45,early_ungated_Q_SOC,3.4600186742910153
2025-05-12T08:51:14,2,45,last_same_temp_shift,0.15616307985546996
2025-05-12T08:51:14,3,45,CK0_fixed_shape,33.54380083182553
2025-05-12T08:51:14,3,45,early_gated_Q_fixed_SOC,33.54380083182553
2025-05-12T08:51:14,3,45,early_ungated_Q_SOC,21.25301035620052
2025-05-12T08:51:14,3,45,last_same_temp_shift,0.07302136709881801
2025-05-12T08:51:14,4,45,CK0_fixed_shape,5.9840406458456386
2025-05-12T08:51:14,4,45,early_gated_Q_fixed_SOC,5.9840406458456386
2025-05-12T08:51:14,4,45,early_ungated_Q_SOC,3.8913998494786504
2025-05-12T08:51:14,4,45,last_same_temp_shift,0.05312727419508557
2025-05-19T21:38:59,1,25,CK0_fixed_shape,9.316906334866793
2025-05-19T21:38:59,1,25,early_gated_Q_fixed_SOC,9.316906334866793
2025-05-19T21:38:59,1,25,early_ungated_Q_SOC,6.059283181649229
2025-05-19T21:38:59,1,25,last_same_temp_shift,1.4717867515600813
2025-05-19T21:38:59,2,25,CK0_fixed_shape,3.7041401875555455
2025-05-19T21:38:59,2,25,early_gated_Q_fixed_SOC,3.7041401875555455
2025-05-19T21:38:59,2,25,early_ungated_Q_SOC,2.630280610157407
2025-05-19T21:38:59,2,25,last_same_temp_shift,1.050019431794191
2025-05-19T21:38:59,3,25,CK0_fixed_shape,44.55673867891015
2025-05-19T21:38:59,3,25,early_gated_Q_fixed_SOC,44.55673867891015
2025-05-19T21:38:59,3,25,early_ungated_Q_SOC,34.8262575752251
2025-05-19T21:38:59,3,25,last_same_temp_shift,2.26138416672648
2025-05-19T21:38:59,4,25,CK0_fixed_shape,5.788555594658305
2025-05-19T21:38:59,4,25,early_gated_Q_fixed_SOC,5.788555594658305
2025-05-19T21:38:59,4,25,early_ungated_Q_SOC,3.938639520611326
2025-05-19T21:38:59,4,25,last_same_temp_shift,1.1340309900354937
2025-05-24T17:43:54,1,25,CK0_fixed_shape,8.122197241417924
2025-05-24T17:43:54,1,25,early_gated_Q_fixed_SOC,8.122197241417924
2025-05-24T17:43:54,1,25,early_ungated_Q_SOC,5.44908577136234
2025-05-24T17:43:54,1,25,last_same_temp_shift,1.1947090934488689
2025-05-24T17:43:54,2,25,CK0_fixed_shape,3.182086519218433
2025-05-24T17:43:54,2,25,early_gated_Q_fixed_SOC,3.182086519218433
2025-05-24T17:43:54,2,25,early_ungated_Q_SOC,2.108226941820295
2025-05-24T17:43:54,2,25,last_same_temp_shift,0.5763331178203901
2025-05-24T17:43:54,3,25,CK0_fixed_shape,42.32072377279912
2025-05-24T17:43:54,3,25,early_gated_Q_fixed_SOC,42.32072377279912
2025-05-24T17:43:54,3,25,early_ungated_Q_SOC,32.80774830283753
2025-05-24T17:43:54,3,25,last_same_temp_shift,1.336464316274215
2025-05-24T17:43:54,4,25,CK0_fixed_shape,5.453777373005713
2025-05-24T17:43:54,4,25,early_gated_Q_fixed_SOC,5.453777373005713
2025-05-24T17:43:54,4,25,early_ungated_Q_SOC,3.6038612989587335
2025-05-24T17:43:54,4,25,last_same_temp_shift,0.5204476138517692
2025-05-29T23:31:12,1,45,CK0_fixed_shape,8.584293929974946
2025-05-29T23:31:12,1,45,early_gated_Q_fixed_SOC,8.584293929974946
2025-05-29T23:31:12,1,45,early_ungated_Q_SOC,5.911182459919362
2025-05-29T23:31:12,1,45,last_same_temp_shift,0.2563874866166735
2025-05-29T23:31:12,2,45,CK0_fixed_shape,4.968922798281628
2025-05-29T23:31:12,2,45,early_gated_Q_fixed_SOC,4.968922798281628
2025-05-29T23:31:12,2,45,early_ungated_Q_SOC,3.7759712292813954
2025-05-29T23:31:12,2,45,last_same_temp_shift,0.31596371321334027
2025-05-29T23:31:12,3,45,CK0_fixed_shape,34.66450597956388
2025-05-29T23:31:12,3,45,early_gated_Q_fixed_SOC,34.66450597956388
2025-05-29T23:31:12,3,45,early_ungated_Q_SOC,22.003380546653638
2025-05-29T23:31:12,3,45,last_same_temp_shift,2.1332031406970025
2025-05-29T23:31:12,4,45,CK0_fixed_shape,6.423999148088818
2025-05-29T23:31:12,4,45,early_gated_Q_fixed_SOC,6.423999148088818
2025-05-29T23:31:12,4,45,early_ungated_Q_SOC,4.3314506300370414
2025-05-29T23:31:12,4,45,last_same_temp_shift,0.44005612024882534
2025-06-03T19:34:45,1,45,CK0_fixed_shape,8.123506598480894
2025-06-03T19:34:45,1,45,early_gated_Q_fixed_SOC,8.123506598480894
2025-06-03T19:34:45,1,45,early_ungated_Q_SOC,5.450395128425311
2025-06-03T19:34:45,1,45,last_same_temp_shift,0.4223988313231819
2025-06-03T19:34:45,2,45,CK0_fixed_shape,4.82887455953126
2025-06-03T19:34:45,2,45,early_gated_Q_fixed_SOC,4.82887455953126
2025-06-03T19:34:45,2,45,early_ungated_Q_SOC,3.635787442340134
2025-06-03T19:34:45,2,45,last_same_temp_shift,0.1460204919470323
2025-06-03T19:34:45,3,45,CK0_fixed_shape,33.911048353279526
2025-06-03T19:34:45,3,45,early_gated_Q_fixed_SOC,33.911048353279526
2025-06-03T19:34:45,3,45,early_ungated_Q_SOC,21.766663693468328
2025-06-03T19:34:45,3,45,last_same_temp_shift,0.7687386017462008
2025-06-03T19:34:45,4,45,CK0_fixed_shape,5.9385428968672525
2025-06-03T19:34:45,4,45,early_gated_Q_fixed_SOC,5.9385428968672525
2025-06-03T19:34:45,4,45,early_ungated_Q_SOC,4.088626822820273
2025-06-03T19:34:45,4,45,last_same_temp_shift,0.09578163059649943
2025-06-08T15:38:13,1,45,CK0_fixed_shape,8.388096752400612
2025-06-08T15:38:13,1,45,early_gated_Q_fixed_SOC,8.388096752400612
2025-06-08T15:38:13,1,45,early_ungated_Q_SOC,5.714985282345028
2025-06-08T15:38:13,1,45,last_same_temp_shift,0.19025007918645112
2025-06-08T15:38:13,2,45,CK0_fixed_shape,4.7946405888835875
2025-06-08T15:38:13,2,45,early_gated_Q_fixed_SOC,4.7946405888835875
2025-06-08T15:38:13,2,45,early_ungated_Q_SOC,3.6017005377251468
2025-06-08T15:38:13,2,45,last_same_temp_shift,0.13574717451748775
2025-06-08T15:38:13,3,45,CK0_fixed_shape,33.6562036852196
2025-06-08T15:38:13,3,45,early_gated_Q_fixed_SOC,33.6562036852196
2025-06-08T15:38:13,3,45,early_ungated_Q_SOC,21.629385304738427
2025-06-08T15:38:13,3,45,last_same_temp_shift,0.27284334317067016
2025-06-08T15:38:13,4,45,CK0_fixed_shape,5.699364753027554
2025-06-08T15:38:13,4,45,early_gated_Q_fixed_SOC,5.699364753027554
2025-06-08T15:38:13,4,45,early_ungated_Q_SOC,3.849448678980575
2025-06-08T15:38:13,4,45,last_same_temp_shift,0.27260869380852915
2025-06-13T11:41:42,1,45,CK0_fixed_shape,8.29121012597069
2025-06-13T11:41:42,1,45,early_gated_Q_fixed_SOC,8.29121012597069
2025-06-13T11:41:42,1,45,early_ungated_Q_SOC,5.618098655915105
2025-06-13T11:41:42,1,45,last_same_temp_shift,0.14468332065801734
2025-06-13T11:41:42,2,45,CK0_fixed_shape,4.676570958756396
2025-06-13T11:41:42,2,45,early_gated_Q_fixed_SOC,4.676570958756396
2025-06-13T11:41:42,2,45,early_ungated_Q_SOC,3.484011508175676
2025-06-13T11:41:42,2,45,last_same_temp_shift,0.16593824277202188
2025-06-13T11:41:42,3,45,CK0_fixed_shape,33.56130335418944
2025-06-13T11:41:42,3,45,early_gated_Q_fixed_SOC,33.56130335418944
2025-06-13T11:41:42,3,45,early_ungated_Q_SOC,21.534534051171693
2025-06-13T11:41:42,3,45,last_same_temp_shift,0.09605296289015318
2025-06-13T11:41:42,4,45,CK0_fixed_shape,5.599110246579881
2025-06-13T11:41:42,4,45,early_gated_Q_fixed_SOC,5.599110246579881
2025-06-13T11:41:42,4,45,early_ungated_Q_SOC,3.7491941725329028
2025-06-13T11:41:42,4,45,last_same_temp_shift,0.09949330529178693
2025-06-22T04:01:00,1,25,CK0_fixed_shape,9.734881414930712
2025-06-22T04:01:00,1,25,early_gated_Q_fixed_SOC,9.734881414930712
2025-06-22T04:01:00,1,25,early_ungated_Q_SOC,6.417497621290692
2025-06-22T04:01:00,1,25,last_same_temp_shift,1.5129781395267758
2025-06-22T04:01:00,2,25,CK0_fixed_shape,3.7063212118599203
2025-06-22T04:01:00,2,25,early_gated_Q_fixed_SOC,3.7063212118599203
2025-06-22T04:01:00,2,25,early_ungated_Q_SOC,2.6324616344617824
2025-06-22T04:01:00,2,25,last_same_temp_shift,0.6241290181205648
2025-06-22T04:01:00,3,25,CK0_fixed_shape,44.4741116252148
2025-06-22T04:01:00,3,25,early_gated_Q_fixed_SOC,44.4741116252148
2025-06-22T04:01:00,3,25,early_ungated_Q_SOC,35.33226660910662
2025-06-22T04:01:00,3,25,last_same_temp_shift,1.6074373430420135
2025-06-22T04:01:00,4,25,CK0_fixed_shape,6.136012906441966
2025-06-22T04:01:00,4,25,early_gated_Q_fixed_SOC,6.136012906441966
2025-06-22T04:01:00,4,25,early_ungated_Q_SOC,4.04312267055616
2025-06-22T04:01:00,4,25,last_same_temp_shift,0.47071508368122117
2025-06-27T00:04:33,1,25,CK0_fixed_shape,8.437963020975637
2025-06-27T00:04:33,1,25,early_gated_Q_fixed_SOC,8.437963020975637
2025-06-27T00:04:33,1,25,early_ungated_Q_SOC,5.532260322700772
2025-06-27T00:04:33,1,25,last_same_temp_shift,1.061919845956277
2025-06-27T00:04:33,2,25,CK0_fixed_shape,2.6865399393908294
2025-06-27T00:04:33,2,25,early_gated_Q_fixed_SOC,2.6865399393908294
2025-06-27T00:04:33,2,25,early_ungated_Q_SOC,1.612680361992691
2025-06-27T00:04:33,2,25,last_same_temp_shift,1.019756827054954
2025-06-27T00:04:33,3,25,CK0_fixed_shape,42.7211209798233
2025-06-27T00:04:33,3,25,early_gated_Q_fixed_SOC,42.7211209798233
2025-06-27T00:04:33,3,25,early_ungated_Q_SOC,33.42474859265786
2025-06-27T00:04:33,3,25,last_same_temp_shift,1.9075180164487584
2025-06-27T00:04:33,4,25,CK0_fixed_shape,4.97062720140511
2025-06-27T00:04:33,4,25,early_gated_Q_fixed_SOC,4.97062720140511
2025-06-27T00:04:33,4,25,early_ungated_Q_SOC,3.1207111273581307
2025-06-27T00:04:33,4,25,last_same_temp_shift,0.7541371570380682
2025-07-01T20:07:43,1,25,CK0_fixed_shape,8.349535524622809
2025-07-01T20:07:43,1,25,early_gated_Q_fixed_SOC,8.349535524622809
2025-07-01T20:07:43,1,25,early_ungated_Q_SOC,5.676424054567225
2025-07-01T20:07:43,1,25,last_same_temp_shift,0.12498459052348417
2025-07-01T20:07:43,2,25,CK0_fixed_shape,2.443350564934437
2025-07-01T20:07:43,2,25,early_gated_Q_fixed_SOC,2.443350564934437
2025-07-01T20:07:43,2,25,early_ungated_Q_SOC,1.369490987536299
2025-07-01T20:07:43,2,25,last_same_temp_shift,0.4321661557076497
2025-07-01T20:07:43,3,25,CK0_fixed_shape,41.60731893980298
2025-07-01T20:07:43,3,25,early_gated_Q_fixed_SOC,41.60731893980298
2025-07-01T20:07:43,3,25,early_ungated_Q_SOC,31.893994303557086
2025-07-01T20:07:43,3,25,last_same_temp_shift,0.2896973523061119
2025-07-01T20:07:43,4,25,CK0_fixed_shape,4.82500435450576
2025-07-01T20:07:43,4,25,early_gated_Q_fixed_SOC,4.82500435450576
2025-07-01T20:07:43,4,25,early_ungated_Q_SOC,2.9750882804587806
2025-07-01T20:07:43,4,25,last_same_temp_shift,0.1879519800647238
2025-07-07T17:29:32,1,45,CK0_fixed_shape,9.156241262898892
2025-07-07T17:29:32,1,45,early_gated_Q_fixed_SOC,9.156241262898892
2025-07-07T17:29:32,1,45,early_ungated_Q_SOC,6.250371338571021
2025-07-07T17:29:32,1,45,last_same_temp_shift,0.6290234159850813
2025-07-07T17:29:32,2,45,CK0_fixed_shape,4.869098623800971
2025-07-07T17:29:32,2,45,early_gated_Q_fixed_SOC,4.869098623800971
2025-07-07T17:29:32,2,45,early_ungated_Q_SOC,3.67590772126597
2025-07-07T17:29:32,2,45,last_same_temp_shift,0.2223205433783637
2025-07-07T17:29:32,3,45,CK0_fixed_shape,35.80611829932353
2025-07-07T17:29:32,3,45,early_gated_Q_fixed_SOC,35.80611829932353
2025-07-07T17:29:32,3,45,early_ungated_Q_SOC,23.9483237515085
2025-07-07T17:29:32,3,45,last_same_temp_shift,2.4346297348784196
2025-07-07T17:29:32,4,45,CK0_fixed_shape,6.446740332233938
2025-07-07T17:29:32,4,45,early_gated_Q_fixed_SOC,6.446740332233938
2025-07-07T17:29:32,4,45,early_ungated_Q_SOC,4.353952480647393
2025-07-07T17:29:32,4,45,last_same_temp_shift,0.4360254693879528
2025-07-12T13:32:18,1,45,CK0_fixed_shape,8.479449445553264
2025-07-12T13:32:18,1,45,early_gated_Q_fixed_SOC,8.479449445553264
2025-07-12T13:32:18,1,45,early_ungated_Q_SOC,5.806337975497682
2025-07-12T13:32:18,1,45,last_same_temp_shift,0.280641838695364
2025-07-12T13:32:18,2,45,CK0_fixed_shape,4.825027945051118
2025-07-12T13:32:18,2,45,early_gated_Q_fixed_SOC,4.825027945051118
2025-07-12T13:32:18,2,45,early_ungated_Q_SOC,3.6321311529547873
2025-07-12T13:32:18,2,45,last_same_temp_shift,0.1192892285256447
2025-07-12T13:32:18,3,45,CK0_fixed_shape,34.68525555140058
2025-07-12T13:32:18,3,45,early_gated_Q_fixed_SOC,34.68525555140058
2025-07-12T13:32:18,3,45,early_ungated_Q_SOC,21.886409855794582
2025-07-12T13:32:18,3,45,last_same_temp_shift,1.1205686086495656
2025-07-12T13:32:18,4,45,CK0_fixed_shape,5.89974194481189
2025-07-12T13:32:18,4,45,early_gated_Q_fixed_SOC,5.89974194481189
2025-07-12T13:32:18,4,45,early_ungated_Q_SOC,4.04982587076491
2025-07-12T13:32:18,4,45,last_same_temp_shift,0.16453582363309652
2025-07-17T09:34:54,1,45,CK0_fixed_shape,8.439770633167768
2025-07-17T09:34:54,1,45,early_gated_Q_fixed_SOC,8.439770633167768
2025-07-17T09:34:54,1,45,early_ungated_Q_SOC,5.766659163112185
2025-07-17T09:34:54,1,45,last_same_temp_shift,0.1287815008536675
2025-07-17T09:34:54,2,45,CK0_fixed_shape,4.763549831429507
2025-07-17T09:34:54,2,45,early_gated_Q_fixed_SOC,4.763549831429507
2025-07-17T09:34:54,2,45,early_ungated_Q_SOC,3.5704569657073963
2025-07-17T09:34:54,2,45,last_same_temp_shift,0.1238574566378731
2025-07-17T09:34:54,3,45,CK0_fixed_shape,34.428399117981215
2025-07-17T09:34:54,3,45,early_gated_Q_fixed_SOC,34.428399117981215
2025-07-17T09:34:54,3,45,early_ungated_Q_SOC,21.766884442390666
2025-07-17T09:34:54,3,45,last_same_temp_shift,0.14997115795715674
2025-07-17T09:34:54,4,45,CK0_fixed_shape,5.853788781442838
2025-07-17T09:34:54,4,45,early_gated_Q_fixed_SOC,5.853788781442838
2025-07-17T09:34:54,4,45,early_ungated_Q_SOC,4.003872707395859
2025-07-17T09:34:54,4,45,last_same_temp_shift,0.12050332375835024
2025-07-22T05:37:29,1,45,CK0_fixed_shape,8.15159897790751
2025-07-22T05:37:29,1,45,early_gated_Q_fixed_SOC,8.15159897790751
2025-07-22T05:37:29,1,45,early_ungated_Q_SOC,5.478487507851926
2025-07-22T05:37:29,1,45,last_same_temp_shift,0.28817165526025856
2025-07-22T05:37:29,2,45,CK0_fixed_shape,4.510189438983956
2025-07-22T05:37:29,2,45,early_gated_Q_fixed_SOC,4.510189438983956
2025-07-22T05:37:29,2,45,early_ungated_Q_SOC,3.3171167457917154
2025-07-22T05:37:29,2,45,last_same_temp_shift,0.2766023377987145
2025-07-22T05:37:29,3,45,CK0_fixed_shape,34.54802254672938
2025-07-22T05:37:29,3,45,early_gated_Q_fixed_SOC,34.54802254672938
2025-07-22T05:37:29,3,45,early_ungated_Q_SOC,22.403924806508492
2025-07-22T05:37:29,3,45,last_same_temp_shift,0.24546686655990965
2025-07-22T05:37:29,4,45,CK0_fixed_shape,6.002902255432992
2025-07-22T05:37:29,4,45,early_gated_Q_fixed_SOC,6.002902255432992
2025-07-22T05:37:29,4,45,early_ungated_Q_SOC,3.9102326131892045
2025-07-22T05:37:29,4,45,last_same_temp_shift,0.2623758753057592
2025-07-28T23:14:42,1,25,CK0_fixed_shape,9.601259787032317
2025-07-28T23:14:42,1,25,early_gated_Q_fixed_SOC,9.601259787032317
2025-07-28T23:14:42,1,25,early_ungated_Q_SOC,6.283994203510879
2025-07-28T23:14:42,1,25,last_same_temp_shift,1.251724262409509
2025-07-28T23:14:42,2,25,CK0_fixed_shape,3.362571579806843
2025-07-28T23:14:42,2,25,early_gated_Q_fixed_SOC,3.362571579806843
2025-07-28T23:14:42,2,25,early_ungated_Q_SOC,2.288712002408704
2025-07-28T23:14:42,2,25,last_same_temp_shift,0.9193089468314528
2025-07-28T23:14:42,3,25,CK0_fixed_shape,44.266124491381596
2025-07-28T23:14:42,3,25,early_gated_Q_fixed_SOC,44.266124491381596
2025-07-28T23:14:42,3,25,early_ungated_Q_SOC,35.535592917892096
2025-07-28T23:14:42,3,25,last_same_temp_shift,2.2244877559716323
2025-07-28T23:14:42,4,25,CK0_fixed_shape,6.059637966464746
2025-07-28T23:14:42,4,25,early_gated_Q_fixed_SOC,6.059637966464746
2025-07-28T23:14:42,4,25,early_ungated_Q_SOC,4.209721892417766
2025-07-28T23:14:42,4,25,last_same_temp_shift,1.2346336119589862
2025-08-02T19:18:34,1,25,CK0_fixed_shape,8.353567328523097
2025-08-02T19:18:34,1,25,early_gated_Q_fixed_SOC,8.353567328523097
2025-08-02T19:18:34,1,25,early_ungated_Q_SOC,5.680455858467512
2025-08-02T19:18:34,1,25,last_same_temp_shift,1.2476924585092222
2025-08-02T19:18:34,2,25,CK0_fixed_shape,2.991611288557415
2025-08-02T19:18:34,2,25,early_gated_Q_fixed_SOC,2.991611288557415
2025-08-02T19:18:34,2,25,early_ungated_Q_SOC,1.9177517111592766
2025-08-02T19:18:34,2,25,last_same_temp_shift,0.6307089343670943
2025-08-02T19:18:34,3,25,CK0_fixed_shape,42.550872478964415
2025-08-02T19:18:34,3,25,early_gated_Q_fixed_SOC,42.550872478964415
2025-08-02T19:18:34,3,25,early_ungated_Q_SOC,33.25621291365487
2025-08-02T19:18:34,3,25,last_same_temp_shift,2.279380004237223
2025-08-02T19:18:34,4,25,CK0_fixed_shape,4.777967239478559
2025-08-02T19:18:34,4,25,early_gated_Q_fixed_SOC,4.777967239478559
2025-08-02T19:18:34,4,25,early_ungated_Q_SOC,2.928051165431579
2025-08-02T19:18:34,4,25,last_same_temp_shift,1.0464242107299053
2025-08-07T15:21:59,1,25,CK0_fixed_shape,8.20832002870821
2025-08-07T15:21:59,1,25,early_gated_Q_fixed_SOC,8.20832002870821
2025-08-07T15:21:59,1,25,early_ungated_Q_SOC,5.535208558652626
2025-08-07T15:21:59,1,25,last_same_temp_shift,0.14631403103670948
2025-08-07T15:21:59,2,25,CK0_fixed_shape,2.8667396633123463
2025-08-07T15:21:59,2,25,early_gated_Q_fixed_SOC,2.8667396633123463
2025-08-07T15:21:59,2,25,early_ungated_Q_SOC,1.792880085914208
2025-08-07T15:21:59,2,25,last_same_temp_shift,0.12602380768350288
2025-08-07T15:21:59,3,25,CK0_fixed_shape,41.3897953210916
2025-08-07T15:21:59,3,25,early_gated_Q_fixed_SOC,41.3897953210916
2025-08-07T15:21:59,3,25,early_ungated_Q_SOC,31.67687149466526
2025-08-07T15:21:59,3,25,last_same_temp_shift,0.16301606556181736
2025-08-07T15:21:59,4,25,CK0_fixed_shape,4.6835903834720725
2025-08-07T15:21:59,4,25,early_gated_Q_fixed_SOC,4.6835903834720725
2025-08-07T15:21:59,4,25,early_ungated_Q_SOC,2.8336743094250934
2025-08-07T15:21:59,4,25,last_same_temp_shift,0.09512949130945578
2025-08-12T23:30:51,1,45,CK0_fixed_shape,8.615446596418122
2025-08-12T23:30:51,1,45,early_gated_Q_fixed_SOC,8.615446596418122
2025-08-12T23:30:51,1,45,early_ungated_Q_SOC,5.942335126362538
2025-08-12T23:30:51,1,45,last_same_temp_shift,0.5226711262598297
2025-08-12T23:30:51,2,45,CK0_fixed_shape,4.903029879123984
2025-08-12T23:30:51,2,45,early_gated_Q_fixed_SOC,4.903029879123984
2025-08-12T23:30:51,2,45,early_ungated_Q_SOC,3.7100898279655437
2025-08-12T23:30:51,2,45,last_same_temp_shift,0.3929730821738289
2025-08-12T23:30:51,3,45,CK0_fixed_shape,36.72356848057132
2025-08-12T23:30:51,3,45,early_gated_Q_fixed_SOC,36.72356848057132
2025-08-12T23:30:51,3,45,early_ungated_Q_SOC,24.983543427336716
2025-08-12T23:30:51,3,45,last_same_temp_shift,1.1885961952651236
2025-08-12T23:30:51,4,45,CK0_fixed_shape,6.118330279355261
2025-08-12T23:30:51,4,45,early_gated_Q_fixed_SOC,6.118330279355261
2025-08-12T23:30:51,4,45,early_ungated_Q_SOC,4.268414205308281
2025-08-12T23:30:51,4,45,last_same_temp_shift,0.5271614517173935
2025-08-17T19:33:12,1,45,CK0_fixed_shape,8.120015146133268
2025-08-17T19:33:12,1,45,early_gated_Q_fixed_SOC,8.120015146133268
2025-08-17T19:33:12,1,45,early_ungated_Q_SOC,5.446903676077684
2025-08-17T19:33:12,1,45,last_same_temp_shift,0.43782597492946373
2025-08-17T19:33:12,2,45,CK0_fixed_shape,4.817625420732393
2025-08-17T19:33:12,2,45,early_gated_Q_fixed_SOC,4.817625420732393
2025-08-17T19:33:12,2,45,early_ungated_Q_SOC,3.624832435606638
2025-08-17T19:33:12,2,45,last_same_temp_shift,0.20675913644048524
2025-08-17T19:33:12,3,45,CK0_fixed_shape,34.981994122837385
2025-08-17T19:33:12,3,45,early_gated_Q_fixed_SOC,34.981994122837385
2025-08-17T19:33:12,3,45,early_ungated_Q_SOC,23.123810182926007
2025-08-17T19:33:12,3,45,last_same_temp_shift,0.9177364211089484
2025-08-17T19:33:12,4,45,CK0_fixed_shape,5.71137573648085
2025-08-17T19:33:12,4,45,early_gated_Q_fixed_SOC,5.71137573648085
2025-08-17T19:33:12,4,45,early_ungated_Q_SOC,3.8614596624338713
2025-08-17T19:33:12,4,45,last_same_temp_shift,0.5701344106388774
2025-08-22T15:35:15,1,45,CK0_fixed_shape,8.06889684754877
2025-08-22T15:35:15,1,45,early_gated_Q_fixed_SOC,8.06889684754877
2025-08-22T15:35:15,1,45,early_ungated_Q_SOC,5.395785377493185
2025-08-22T15:35:15,1,45,last_same_temp_shift,0.10713606489384284
2025-08-22T15:35:15,2,45,CK0_fixed_shape,4.713373769938038
2025-08-22T15:35:15,2,45,early_gated_Q_fixed_SOC,4.713373769938038
2025-08-22T15:35:15,2,45,early_ungated_Q_SOC,3.5203198358978054
2025-08-22T15:35:15,2,45,last_same_temp_shift,0.1411694055273387
2025-08-22T15:35:15,3,45,CK0_fixed_shape,34.96767606093707
2025-08-22T15:35:15,3,45,early_gated_Q_fixed_SOC,34.96767606093707
2025-08-22T15:35:15,3,45,early_ungated_Q_SOC,23.10956282485516
2025-08-22T15:35:15,3,45,last_same_temp_shift,0.060882986958692514
2025-08-22T15:35:15,4,45,CK0_fixed_shape,5.663015746128882
2025-08-22T15:35:15,4,45,early_gated_Q_fixed_SOC,5.663015746128882
2025-08-22T15:35:15,4,45,early_ungated_Q_SOC,3.8130996720819024
2025-08-22T15:35:15,4,45,last_same_temp_shift,0.06050694144736446
2025-08-27T11:37:50,1,45,CK0_fixed_shape,8.194210592902246
2025-08-27T11:37:50,1,45,early_gated_Q_fixed_SOC,8.194210592902246
2025-08-27T11:37:50,1,45,early_ungated_Q_SOC,5.521099122846663
2025-08-27T11:37:50,1,45,last_same_temp_shift,0.30423163464247077
2025-08-27T11:37:50,2,45,CK0_fixed_shape,4.443050617766773
2025-08-27T11:37:50,2,45,early_gated_Q_fixed_SOC,4.443050617766773
2025-08-27T11:37:50,2,45,early_ungated_Q_SOC,3.249597201856735
2025-08-27T11:37:50,2,45,last_same_temp_shift,0.2909379621874285
2025-08-27T11:37:50,3,45,CK0_fixed_shape,36.15239767995768
2025-08-27T11:37:50,3,45,early_gated_Q_fixed_SOC,36.15239767995768
2025-08-27T11:37:50,3,45,early_ungated_Q_SOC,23.47072041540116
2025-08-27T11:37:50,3,45,last_same_temp_shift,0.36082598530539917
2025-08-27T11:37:50,4,45,CK0_fixed_shape,5.585646921815169
2025-08-27T11:37:50,4,45,early_gated_Q_fixed_SOC,5.585646921815169
2025-08-27T11:37:50,4,45,early_ungated_Q_SOC,3.735730847768189
2025-08-27T11:37:50,4,45,last_same_temp_shift,0.6212956004427371
2025-09-02T03:40:03,1,25,CK0_fixed_shape,9.481729829831062
2025-09-02T03:40:03,1,25,early_gated_Q_fixed_SOC,9.481729829831062
2025-09-02T03:40:03,1,25,early_ungated_Q_SOC,6.164811733879897
2025-09-02T03:40:03,1,25,last_same_temp_shift,1.273409801122852
2025-09-02T03:40:03,2,25,CK0_fixed_shape,3.3021310449013783
2025-09-02T03:40:03,2,25,early_gated_Q_fixed_SOC,3.3021310449013783
2025-09-02T03:40:03,2,25,early_ungated_Q_SOC,2.2282714675032405
2025-09-02T03:40:03,2,25,last_same_temp_shift,0.6771735393239977
2025-09-02T03:40:03,3,25,CK0_fixed_shape,44.9558303869386
2025-09-02T03:40:03,3,25,early_gated_Q_fixed_SOC,44.9558303869386
2025-09-02T03:40:03,3,25,early_ungated_Q_SOC,35.225308885187765
2025-09-02T03:40:03,3,25,last_same_temp_shift,2.1310856739630717
2025-09-02T03:40:03,4,25,CK0_fixed_shape,5.987433218093607
2025-09-02T03:40:03,4,25,early_gated_Q_fixed_SOC,5.987433218093607
2025-09-02T03:40:03,4,25,early_ungated_Q_SOC,4.137517144046628
2025-09-02T03:40:03,4,25,last_same_temp_shift,1.3038428346215345
2025-09-07T00:13:01,1,25,CK0_fixed_shape,8.291585070875408
2025-09-07T00:13:01,1,25,early_gated_Q_fixed_SOC,8.291585070875408
2025-09-07T00:13:01,1,25,early_ungated_Q_SOC,5.618473600819826
2025-09-07T00:13:01,1,25,last_same_temp_shift,1.1901447589556535
2025-09-07T00:13:01,2,25,CK0_fixed_shape,2.902141703180724
2025-09-07T00:13:01,2,25,early_gated_Q_fixed_SOC,2.902141703180724
2025-09-07T00:13:01,2,25,early_ungated_Q_SOC,1.828282125782586
2025-09-07T00:13:01,2,25,last_same_temp_shift,0.42917177370323567
2025-09-07T00:13:01,3,25,CK0_fixed_shape,43.15022188522513
2025-09-07T00:13:01,3,25,early_gated_Q_fixed_SOC,43.15022188522513
2025-09-07T00:13:01,3,25,early_ungated_Q_SOC,34.14836076928573
2025-09-07T00:13:01,3,25,last_same_temp_shift,1.6656361047901531
2025-09-07T00:13:01,4,25,CK0_fixed_shape,4.697726163566988
2025-09-07T00:13:01,4,25,early_gated_Q_fixed_SOC,4.697726163566988
2025-09-07T00:13:01,4,25,early_ungated_Q_SOC,2.847810089520008
2025-09-07T00:13:01,4,25,last_same_temp_shift,1.2306513257079177
