route,tier,method,selection_role,macro_MAE_pp,worst_cell_MAE_pp,max_abs_error_pp,p95_abs_error_pp,late_macro_MAE_pp,late_worst_cell_MAE_pp,targets,cells,independent_confirmation,official_accuracy
R0_recompute,D1,within_cell_ratio_ridge,strong_simple_baseline,3.755022065106595,8.343492847427438,20.338546309214166,10.477759605930183,5.408162665018744,14.718056060565075,180,6,False,False
R0_recompute,D1,TCN_finetune,previous_and_current_average_choice,2.8506935812720986,5.571703597785854,17.174684187624337,8.401769741713574,4.329366261004546,11.646992421078476,180,6,False,False
R0_recompute,D1,TCN_scratch,mechanism_reference,3.072504630295784,6.143810658705819,17.08919054354577,10.232436312188538,4.592300808384849,11.67614992452442,180,6,False,False
R0_recompute,D1,TCN_scratch_no_voltage,mechanism_reference,3.0663830466395416,6.004803460267771,17.171478093518303,10.031347955216798,4.712641326419047,11.633832867868534,180,6,False,False
R0_recompute,D1,TCN_scratch_meta_only,mechanism_reference,2.896294778267249,5.76537818201564,17.37897227292605,10.168688429345524,4.438218691003126,11.887711858677658,180,6,False,False
R0_recompute,D1,prefix_temperature_MLP,previous_tail_reference,2.9334041314988517,4.966409862239086,16.216233464869376,7.738734963195696,4.758090344943773,10.826106737161862,180,6,False,False
R1_paired_ablation,D1,full,average_error_choice,2.8506935812720986,5.571703597785854,17.174684187624337,8.401769741713574,4.329366261004546,11.646992421078476,180,6,False,False
R1_paired_ablation,D1,no_voltage,paired_mechanism_ablation,2.8801764100799954,5.579452592348215,17.176216424359367,9.643026862798727,4.510080391638485,11.6883897065399,180,6,False,False
R1_paired_ablation,D1,meta_only,paired_mechanism_ablation,2.9549804180639314,5.512620724589906,16.948662659380318,9.74939124851132,4.521879093870931,11.447967783538292,180,6,False,False
R1_paired_ablation,D1,no_temperature,paired_mechanism_ablation,3.0355703421705,5.869077561512747,17.495590826723458,8.829132598394688,4.590638343264884,11.981028819012437,180,6,False,False
R1_paired_ablation,D1,no_temperature_strict,paired_mechanism_ablation,2.478567178327022,6.14677917758684,17.912791551007317,8.070787325045906,3.44808321298757,12.317441964077744,180,6,False,False
R1_paired_ablation,D1,full_tail_weight2,tail_risk_choice,2.8713117634484053,5.5414333272793135,16.976033827516915,8.3110609701136,4.305377073073013,11.52470073692778,180,6,False,False
