family,information,method,subset,n,MAE_Ah,P95_abs_Ah,max_abs_Ah,bias_Ah
fixed,oracle_state,explicit_four_cell,all,6,0.059375516283173134,0.11777616885127884,0.12927667982445712,0.059375516283173134
fixed,oracle_state,explicit_four_cell,no_cell_below_2p5V,3,0.02183299701364187,0.0478895480946079,0.05167456123814418,0.02183299701364187
fixed,oracle_state,minimum_cell_usable_Ah,all,6,3.651364663814128,8.04301998110676,8.744507382961459,-3.615172185907556
fixed,oracle_state,minimum_cell_usable_Ah,no_cell_below_2p5V,3,0.8573990712307543,2.2239636806210665,2.4636197799725466,-0.78501411541761
fixed,oracle_state,uniform_mean_cell,all,6,1.2025576525749126,2.5179795716743065,2.523656095734225,1.2025576525749126
fixed,oracle_state,uniform_mean_cell,no_cell_below_2p5V,3,0.0364443499170477,0.05089051098535151,0.05167456123814418,0.0364443499170477
fixed,same_noisy_state,explicit_four_cell,all,6,3.847571739597562,6.01720350835193,6.594819794135276,-1.0971671818476878
fixed,same_noisy_state,explicit_four_cell,no_cell_below_2p5V,3,3.516744503992792,4.25142341782156,4.284354651001891,-1.9761868094741903
fixed,same_noisy_state,minimum_cell_usable_Ah,all,6,5.8115985367462955,10.938102117377941,11.643576305254498,-5.3361615713360235
fixed,same_noisy_state,minimum_cell_usable_Ah,no_cell_below_2p5V,3,5.786244114834631,8.650585787825921,8.821679553748268,-4.835370184014086
fixed,same_noisy_state,uniform_mean_cell,all,6,3.0175563485859747,4.553423610619891,4.80566260020214,0.6248252280999887
fixed,same_noisy_state,uniform_mean_cell,no_cell_below_2p5V,3,2.996469069319398,3.4001044721101423,3.4170516251407292,-1.4466187439976608
random_stress,oracle_state,explicit_four_cell,all,600,0.06998858773226488,0.17549464762163886,0.296092178704086,0.028417398756718438
random_stress,oracle_state,explicit_four_cell,no_cell_below_2p5V,103,0.05901040470613077,0.13363609338320112,0.18542032442771017,0.025511002195924764
random_stress,oracle_state,minimum_cell_usable_Ah,all,600,4.306319480344642,7.955005339663463,9.40675698896709,-4.306319480344642
random_stress,oracle_state,minimum_cell_usable_Ah,no_cell_below_2p5V,103,1.876208985644337,2.6104488491336837,2.773952431056614,-1.876208985644337
random_stress,oracle_state,uniform_mean_cell,all,600,1.6384565254580825,3.785538873543209,5.848923533434373,1.6383899607990478
random_stress,oracle_state,uniform_mean_cell,no_cell_below_2p5V,103,0.7556649187770641,2.6291226315093073,3.2694447654315013,0.7552771634817171
random_stress,same_noisy_state,explicit_four_cell,all,600,2.543368277036495,6.0888447259666645,12.51817686167405,-1.1084081448251653
random_stress,same_noisy_state,explicit_four_cell,no_cell_below_2p5V,103,2.6459462330699983,6.419387519716599,10.738179162214337,-1.5641186544507704
random_stress,same_noisy_state,minimum_cell_usable_Ah,all,600,6.373489557256539,13.312232325574682,21.07990683539029,-6.225247003730404
random_stress,same_noisy_state,minimum_cell_usable_Ah,no_cell_below_2p5V,103,6.267632890176923,13.621977455998902,18.562897467783955,-6.2298928076088504
random_stress,same_noisy_state,uniform_mean_cell,all,600,2.419048559459543,5.92863463927701,10.07744410278326,1.4330561876355803
random_stress,same_noisy_state,uniform_mean_cell,no_cell_below_2p5V,103,2.025649195967266,5.40538670394249,6.3059760458301355,0.37878120539152915
