scenario,family,truth_Ah,lower90_Ah,upper90_Ah,covered90,width90_Ah
uniform_95Ah,fixed,94.93294121354225,89.50595853258562,99.25934906296335,True,9.753390530377729
single_weak_85Ah,fixed,93.74450738296146,81.33456424685744,94.27830749241622,True,12.943743245558778
two_weak_90Ah,fixed,94.65292561068838,81.65797106399523,93.14772716350758,False,11.489756099512348
SOC_imbalance,fixed,98.46361977997255,89.20884074714564,98.84865710731518,True,9.639816360169533
R_imbalance,fixed,99.95848135273803,89.99712441639284,100.79618784804602,True,10.799063431653181
combined_weak_SOC_R,fixed,93.23855777554266,80.84067524129851,92.3990074315981,False,11.55833219029958
random_0000,random_stress,87.18053423073177,80.40798277244005,90.22342712207771,True,9.815444349637659
random_0001,random_stress,91.92868304885057,77.16886092546382,91.20495343075851,False,14.03609250529469
random_0002,random_stress,92.89250622970324,80.58208222637963,92.26068029835524,False,11.678598071975614
random_0003,random_stress,90.137736503994,81.6645061097427,93.3447997661697,True,11.680293656426997
random_0004,random_stress,92.67914834411201,84.91347395135205,95.02748172943605,True,10.114007778084002
random_0005,random_stress,87.77783139532369,81.93077001561225,94.14753375018427,True,12.216763734572012
random_0006,random_stress,86.692327772555,77.68381743301352,87.74756564055174,True,10.063748207538225
random_0007,random_stress,89.76508209058036,82.22440707107275,92.18114389577288,True,9.95673682470013
random_0008,random_stress,89.17114618996958,83.87508010663588,94.92662798551379,True,11.051547878877912
random_0009,random_stress,92.31370884640293,86.70082030981044,97.23112479470792,True,10.530304484897485
random_0010,random_stress,92.96005814370693,86.5330914433382,96.89833711803888,True,10.365245674700688
random_0011,random_stress,93.5542139814235,84.17929923128445,94.33795222677841,True,10.158652995493966
random_0012,random_stress,90.82650075759977,79.64432811715761,89.36946824028479,False,9.725140123127176
random_0013,random_stress,89.55005247040363,82.92782327897521,93.07959041065351,True,10.151767131678298
random_0014,random_stress,86.56891483869667,77.04232631170805,88.09740006970551,True,11.055073757997462
random_0015,random_stress,90.62201535960433,80.74280848831745,90.56214857990179,False,9.819340091584337
random_0016,random_stress,87.30981563347358,79.33520377251486,90.78745986227568,True,11.452256089760823
random_0017,random_stress,85.65330393198985,75.8460478249268,86.79486514285676,True,10.948817317929965
random_0018,random_stress,92.27741221094057,84.04616866344624,97.24275703377144,True,13.196588370325202
random_0019,random_stress,91.77557388811323,84.21009297161758,93.76060629637804,True,9.550513324760459
random_0020,random_stress,86.47224387620909,77.83460381993754,88.8915720594676,True,11.056968239530065
random_0021,random_stress,91.8974122076558,86.73588487371002,96.59657617056988,True,9.860691296859855
random_0022,random_stress,87.86185798794864,80.5784648799418,90.59194729473019,True,10.013482414788385
random_0023,random_stress,93.0059111197821,89.92020181577628,100.11342287727923,True,10.193221061502953
random_0024,random_stress,90.0721481763605,86.5310126657128,95.8763470200253,True,9.345334354312513
random_0025,random_stress,85.98686754629082,78.60011377389719,89.13146568665282,True,10.531351912755625
random_0026,random_stress,90.68482341852206,81.52355797947878,94.25272907089128,True,12.729171091412496
random_0027,random_stress,93.42779920941993,90.01726798387931,98.8568118040404,True,8.839543820161097
random_0028,random_stress,90.07546135108254,79.78554500958026,89.93178074689894,False,10.146235737318676
random_0029,random_stress,95.02020936343212,92.21372961620047,101.87227014151506,True,9.658540525314592
random_0030,random_stress,91.35476078180933,81.17655298281063,90.43989862793583,False,9.263345645125199
random_0031,random_stress,89.15158349108579,82.32540312714312,92.53880521752296,True,10.213402090379844
random_0032,random_stress,92.84670465708746,79.46863181676329,91.34105049160483,False,11.87241867484154
random_0033,random_stress,90.3938567804698,84.07282400542908,93.95098570271315,True,9.878161697284071
random_0034,random_stress,88.64749505527038,86.89786392636292,97.26231068474915,True,10.364446758386237
random_0035,random_stress,93.14272784161652,85.01181705030552,94.43432220282757,True,9.42250515252205
random_0036,random_stress,95.37536180625992,88.73244416453579,101.23690864870615,True,12.504464484170356
random_0037,random_stress,98.38101144996716,91.77518977392602,101.77990686983009,True,10.00471709590407
random_0038,random_stress,93.00293310089872,84.44585311533994,94.36422765098126,True,9.91837453564132
random_0039,random_stress,90.75976620582922,88.84442751296132,98.3394452964696,True,9.495017783508288
random_0040,random_stress,90.27527737421616,86.67008460450919,96.79508990884467,True,10.125005304335488
random_0041,random_stress,94.3937191100695,87.79820699957327,96.65196148698925,True,8.853754487415983
random_0042,random_stress,85.60529486170199,79.98785291201861,89.67516916807158,True,9.687316256052966
random_0043,random_stress,90.90951210121224,81.17231878078749,90.43592713274766,False,9.263608351960173
random_0044,random_stress,94.13284745742904,81.7983111263898,92.73063116175703,False,10.932320035367226
random_0045,random_stress,90.63727199069619,84.03568099556398,92.79914408183723,True,8.763463086273248
random_0046,random_stress,90.63462021100652,84.071008414953,93.12314536932531,True,9.052136954372315
random_0047,random_stress,89.21535444139171,83.26588556070861,92.54877731681127,True,9.282891756102657
random_0048,random_stress,89.9932126632658,80.17491561527842,90.58591192970275,True,10.410996314424324
random_0049,random_stress,95.59448759184903,92.4022975880548,102.08894563441791,True,9.686648046363118
random_0050,random_stress,89.21032330590415,81.10139892091262,92.7705761188463,True,11.669177197933678
random_0051,random_stress,86.0945865209785,76.00911577942082,86.74715029614147,True,10.738034516720646
random_0052,random_stress,90.99275129194652,81.27090068299037,91.82545588501313,True,10.554555202022755
random_0053,random_stress,88.55263426883704,75.69797304652913,86.7383182953023,False,11.040345248773178
random_0054,random_stress,90.08225448150432,76.8801157048055,86.83828920481446,False,9.958173500008954
random_0055,random_stress,98.8284413978216,90.13778367948403,100.20999010008947,True,10.07220642060544
random_0056,random_stress,87.52320782033496,76.56410807157529,88.92644576588428,True,12.36233769430899
random_0057,random_stress,90.99104132784555,78.0966387220859,89.58194186468873,False,11.485303142602831
random_0058,random_stress,87.80142469948035,83.27749507514682,93.45735938935299,True,10.17986431420617
random_0059,random_stress,92.65163133231665,88.06053749575382,96.25623865024266,True,8.195701154488845
random_0060,random_stress,85.64086764905296,75.23176442526069,87.32028670899282,True,12.088522283732132
random_0061,random_stress,85.7326580700382,79.76655768251935,90.66082018174598,True,10.894262499226627
random_0062,random_stress,88.15033158164465,74.08641548009518,86.21110722762641,False,12.12469174753123
random_0063,random_stress,85.11973776599966,80.02731206338277,90.02677348104804,True,9.999461417665273
random_0064,random_stress,88.0696770839399,82.02881131024202,92.2566219827442,True,10.227810672502187
random_0065,random_stress,90.99657562886071,86.67518381560106,97.94632673535581,True,11.271142919754752
random_0066,random_stress,87.05786070845816,83.6241393664237,94.73601887041369,True,11.111879503989982
random_0067,random_stress,86.13795778127012,77.87086552506386,87.04790369189645,True,9.177038166832588
random_0068,random_stress,90.10798024355647,83.86722760459341,95.3334059669102,True,11.466178362316796
random_0069,random_stress,85.57464075060507,78.26916624441996,89.0741925607551,True,10.80502631633513
random_0070,random_stress,89.63643786256164,83.59888549283434,91.40430294807689,True,7.805417455242548
random_0071,random_stress,87.4245016878409,79.03261527358156,89.37129013191704,True,10.33867485833548
random_0072,random_stress,95.83094053723266,89.63330053012739,99.6485815306021,True,10.015281000474715
random_0073,random_stress,88.02798991901422,84.53326323087728,94.425032163864,True,9.891768932986722
random_0074,random_stress,87.01680884047781,76.7472954552663,86.40503781945266,False,9.657742364186362
random_0075,random_stress,91.66790083430263,86.87511497169254,96.22061322216646,True,9.345498250473923
random_0076,random_stress,94.1341554003002,87.28975426556208,99.85334149732913,True,12.563587231767045
random_0077,random_stress,89.4427738002432,86.53489739007678,95.8361831604643,True,9.301285770387523
random_0078,random_stress,88.75592187681174,82.79287125470944,92.49891850330734,True,9.706047248597898
random_0079,random_stress,90.07828469560837,84.23983514032622,95.68504650456626,True,11.445211364240038
random_0080,random_stress,85.73424987481894,73.48697879377971,84.02904510358911,False,10.5420663098094
random_0081,random_stress,87.69612423287099,74.69854178021696,83.72567173183178,False,9.027129951614825
random_0082,random_stress,90.66230366257778,81.55533758672325,92.61085891487356,True,11.055521328150306
random_0083,random_stress,86.037081648088,77.24127224371112,88.34627997505021,True,11.105007731339086
random_0084,random_stress,90.10799679467968,83.74560865637274,93.81287378977247,True,10.06726513339973
random_0085,random_stress,89.20025868366254,89.58895875739364,99.49022583727248,False,9.901267079878835
random_0086,random_stress,93.10886617647871,86.42177334365223,95.77098383649316,True,9.349210492840925
random_0087,random_stress,86.8328642501848,79.94530434240008,90.24991883428267,True,10.304614491882589
random_0088,random_stress,91.47769619628501,81.67570872182623,92.51102227265302,True,10.835313550826797
random_0089,random_stress,85.21025936733876,76.98526069762751,86.37571254467088,True,9.390451847043366
random_0090,random_stress,92.26372893177906,88.31013646721769,98.04327855236554,True,9.733142085147847
random_0091,random_stress,89.79424750894196,80.30660161559003,91.8474207995332,True,11.54081918394317
random_0092,random_stress,93.59932541789158,83.5830623406754,94.80159857810773,True,11.218536237432332
random_0093,random_stress,91.56319493462925,83.3917139856142,93.62952940289206,True,10.237815417277858
random_0094,random_stress,88.487162901485,84.7050531402814,94.88433095479138,True,10.179277814509987
random_0095,random_stress,91.01883484987513,80.08408159185079,91.36395858149605,True,11.27987698964526
random_0096,random_stress,89.56267255760307,76.55299889822041,90.17921478039572,True,13.626215882175316
random_0097,random_stress,90.02386977598242,79.62397496744035,91.79048324748314,True,12.166508280042791
random_0098,random_stress,91.83971055962043,82.97766064686253,91.98943022104345,True,9.011769574180917
random_0099,random_stress,96.21276602943276,88.27621796804306,98.55077405136274,True,10.27455608331968
random_0100,random_stress,88.97460642989913,82.15122238847981,92.3518916059381,True,10.200669217458298
random_0101,random_stress,93.41208927581812,82.102229503834,93.07728918533837,False,10.975059681504376
random_0102,random_stress,88.47863647462638,86.56965572544614,97.53794379152613,True,10.968288066079992
random_0103,random_stress,97.42127007714218,91.18303937891079,100.45127740970487,True,9.26823803079408
random_0104,random_stress,87.43138266646577,81.55730611188747,90.99709764056864,True,9.43979152868117
random_0105,random_stress,88.77035157352165,83.96411595324051,95.86396680616805,True,11.899850852927543
random_0106,random_stress,95.42391480857067,88.83936069997972,99.26498501531427,True,10.425624315334545
random_0107,random_stress,93.64142327427359,85.68301168487947,96.26344238558707,True,10.580430700707595
random_0108,random_stress,88.23462897966532,81.545601115252,92.28950195296486,True,10.743900837712857
random_0109,random_stress,91.69605405892855,81.29550585084584,93.1803776450509,True,11.884871794205054
random_0110,random_stress,87.57578236645958,79.52182919965017,90.62081308664969,True,11.09898388699952
random_0111,random_stress,87.21637932179803,76.15165190968617,86.66876729315653,False,10.517115383470369
random_0112,random_stress,97.43844648029675,89.23740777271584,101.83154560742501,True,12.594137834709173
random_0113,random_stress,97.68473376978805,86.7062503270286,99.11639983996827,True,12.410149512939668
