held_cell,seed,initial_train_loss,final_train_loss
102Ah_25degC_0p5C_cell3,20260928,3.020652723312378,0.3580275844782591
102Ah_25degC_0p5C_cell3,20260929,4.074197292327881,0.38884313106536866
102Ah_25degC_0p5C_cell3,20260930,3.875073194503784,0.3899477243423462
102Ah_25degC_1C_cell3,20260928,3.16251802444458,0.3998342830687761
102Ah_25degC_1C_cell3,20260929,4.160590267181396,0.40208124965429304
102Ah_25degC_1C_cell3,20260930,4.011117553710937,0.4061177849769592
102Ah_35degC_1C_cell1,20260928,2.9742947578430177,0.35504316687583926
102Ah_35degC_1C_cell1,20260929,3.9850472450256347,0.35025146007537844
102Ah_35degC_1C_cell1,20260930,3.8497055053710936,0.3704360991716385
102Ah_45degC_0p5C_cell3,20260928,2.711682915687561,0.33601407073438166
102Ah_45degC_0p5C_cell3,20260929,3.7882927894592284,0.32952491864562033
102Ah_45degC_0p5C_cell3,20260930,3.5817234039306642,0.3350817173719406
102Ah_45degC_1C_cell1,20260928,3.2985488414764403,0.4001450344920158
102Ah_45degC_1C_cell1,20260929,4.237271976470947,0.39373331516981125
102Ah_45degC_1C_cell1,20260930,4.089748573303223,0.41143016815185546
102Ah_55degC_1C_cell3,20260928,1.3272095203399659,0.05288818748667836
102Ah_55degC_1C_cell3,20260929,2.5080658435821532,0.0871482614427805
102Ah_55degC_1C_cell3,20260930,2.221827816963196,0.06216328777372837
