dataset_id,source_doi,local_status,chemistry,physical_entities,topology,target_definition,representative_fields,protocol_gap,prior_use,allowed_role,license_status,independence_unit,qualification_note,source_check
P1_stage1_target_6cells,challenge_local,local_read,LFP,6 cells,single_cell,source_specific_discharge_capacity,cycle_number|step_type|time_in_cycle_s|voltage_V|current_A|temperature_C|step_capacity_Ah|absolute_time,0.5C_or_1C_single_cell_vs_C20_4S,used_repeatedly,D0_historical_development;shared_with_D1_six_proxy,challenge_provided,physical_cell,Challenge 1 target six 102Ah single cells. Its label and repeated usage cannot be independent confirmation for Challenge 2 pack; six D1 proxy conditions reuse the same physical panel.,README_and_representative_fields_or_metadata_as_local_status
Che_Dataset3_v9,10.17632/n3b54nsw8m.9,local_HDF5_read,LFP,11 cells,single_cell,normalized_full_charge_Ah_SOH,Capacity|Workingprofile|cell|cycles.Partial_Q|cycles.Partial_dQ,no_raw_t_I_V_T_or_4S_reference,previous_shape_audit,external_labeled_development_not_D2,CC_BY_4_0,physical_cell,See notes/workstreams/C_DATA_QUALIFICATION.md; protocol and label definitions do not establish official 4S C/20 capacity performance.,README_and_representative_fields_or_metadata_as_local_status
TU_BattGP_v1,10.5281/zenodo.13715694,local_CSV_and_README_read,LFP,28_systems_8_cells_each,8S_active_balanced,no_reference_capacity,Timestamp|U_Battery|I_Battery|SOC_Battery|Temperature_1_4|U_Cell_1_8|I_CNV_Cell_1_8,resistance_target_and_repair_selection,previous_resistance_work,unlabeled_mechanism_only,README_CC_BY_NC_4_0,physical_pack,Formal paper 28 systems/224 cells; Zenodo README 28/232 internally inconsistent. No periodic reference capacity. Use as resistance/fault mechanism only.,README_and_representative_fields_or_metadata_as_local_status
He_ESSL1_v1,10.5281/zenodo.20132842,downloaded_zip_safe_opcode_inspection,LFP,6_cells_1_pack,16S,pack_SOH_field_protocol_unverified,time(s)|current(A)|charge_capacity(Ah)|SOC|Vpack|V1_16|T1_16|cycle|rate_capacity (Ah)|SOH,16S_and_label_conditions_unknown,metadata_previously,conditional_cross_scale_candidate_not_D2,Zenodo_license_blank,physical_cell,See notes/workstreams/C_DATA_QUALIFICATION.md; protocol and label definitions do not establish official 4S C/20 capacity performance.,README_and_representative_fields_or_metadata_as_local_status
Xu_1P10S_v1,10.17632/4nww8p6vxf.1,metadata_and_primary_description_read,LFP,1_cell_1_module,1P10S,calibration_every_50_cycles_1C,test time|test step|discharge capacity|charge capacity|temperature|voltage|calibrated capacity|SOH,53Ah_10S_1C_and_one_module,metadata_previously,conditional_module_candidate_not_D2,CC_BY_4_0,physical_cell,See notes/workstreams/C_DATA_QUALIFICATION.md; protocol and label definitions do not establish official 4S C/20 capacity performance.,README_and_representative_fields_or_metadata_as_local_status
Yagci_180Ah_v1_1,10.5281/zenodo.22939281,README_downloaded,LFP,12_cells,single_cell,RPT_checkups_protocol_pending,Data/Checkups|Data/Cycling|Cell labels paper vs raw data.xlsx,180Ah_35_50C_no_4S_RPT_fields_not_downloaded,metadata_previously,conditional_large_cell_candidate_not_D2,README_CC_BY_4_0_v1_1,physical_cell,"Zenodo v1.1 later release linked to 2025 paper; paper Table 2/RPT 20C protocol reviewed, 2.5GB raw archive not downloaded; single 180Ah cells and differing reference remain conditional transfer only.",README_and_representative_fields_or_metadata_as_local_status
Fragmented_2025,10.1038/s44172-025-00372-y,paper_only,LFP,4_plus_4_plus_3_plus_50_cells,single_cell,source_CC_discharge_capacity,partial_fixed_voltage_charge_Ah|source_capacity,no_public_complete_files_and_posthoc_segmentation,literature_only,methods_reference_not_D2,data_on_request,physical_cell,See notes/workstreams/C_DATA_QUALIFICATION.md; protocol and label definitions do not establish official 4S C/20 capacity performance.,README_and_representative_fields_or_metadata_as_local_status
Silva2026_simulated,arXiv:2603.24475,paper_pdf_read,LFP_parameterized,virtual_cells,synthetic_single_cells,simulated_SOH,C_rate_protocols|history_SOH,no_independent_real_labels,literature_only,S_synthetic_method_check,preprint,physical_cell,See notes/workstreams/C_DATA_QUALIFICATION.md; protocol and label definitions do not establish official 4S C/20 capacity performance.,README_and_representative_fields_or_metadata_as_local_status
Bilfinger2024_vehicle_cases,10.1016/j.etran.2024.100356,paper_and_code_data_pointers_only,1_LFP_Tesla_1_NMC_VW,2_vehicles,106S1P_LFP_and_108S2P_NMC,near_full_low_power_charge_energy_over_nominal_net_energy,vehicle_pack_cell_voltage|current|SOC|charging_energy,energy_not_Ah_near_full_AC_charge_vs_4S_C20_discharge,new_forward_citation,mechanism_and_BMS_cutoff_negative_control_only,paper_CC_BY_NC_ND_4_0_data_code_license_check_pending,physical_vehicle,"Single LFP Tesla case; strong evidence of feature transfer and BMS cutoff confounding, no independent official capacity labels.",Bilfinger2024 full PDF p7/10/11; mediatum and GitHub pointers
Deng2024_10vehicle_MAT,10.1016/j.jechem.2023.10.056,author_MAT_downloaded_structural_audit,NCM_ternary,10_vehicles_10_capacity_labels,84_to_108_series_cells,one_full_charge_Ah_per_vehicle_over_rated_Ah,I_load|Q|Vmax|Vmean|Cn|SOH|SOC_OCV,NCM_full_charge_target_not_LFP_4S_C20_discharge; vehicle_5_Cn_conflict,new_forward_citation,external_method_stress_test_not_D2,author_GitHub_academic_noncommercial_terms_check_before_reuse,physical_vehicle,Vehicle 5 paper/README 174Ah 82.21% vs MAT 147Ah 97.30765%; same Q~143.04225Ah. README fields overstate actual MAT. Preserve both protocols and exclude/sensitivity-test vehicle 5.,F_Deng2024_RapidPackDA card; AUDIT_DENG_MAT.json; original MAT SHA
D1_six_cell_shallow_proxy,derived_from_P1_stage1_target_6cells,existing_repeated_development_panel,LFP,same_6_P1_cells,single_cell,source_specific_capacity_proxy,see phase2_next_round R1 predictions and P1 raw files,0.5C_or_1C_single_cell_to_2.5V_vs_C20_4S_to_11.2V,repeated_method_selection,D1_development_and_refutation_only,challenge_provided,physical_cell,Same entities as Stage1 P1; do not double count as independent external confirmation.,phase2_next_round outputs/acceptance_results.json
D3_official_challenge2_pack,CHALLENGE2_DESCRIPTION.pdf,local_operation_CK0_only,LFP,1_pack_4_cells,4S_group_voltage_cutoff,CK0_5.1A_discharge_to_pack_11.2V_100.41Ah_over_102Ah,timestamp|current_A|cell1_V..cell4_V|pack_voltage_V|temp_mean_min_max_C|chamber_temperature_C|charge_discharge_Ah_cum,CK1_CK7_capacity_hidden,official_anchor_and_unlabeled_prefix,D3_causal_feature_and_interface_checks_only,challenge_provided,physical_pack,Only CK0 released; no hidden monthly capacity error/coverage can be measured locally.,official PDF; framework/data.py; CK0 CSV
