event_type,source_file,event_start,event_end,quality_status,reject_reason,temperature_C,temperature_span_C,duration_s,discharged_Ah,prior_charge_s,prior_charge_max_pack_V,pre_rest_s,post_rest_s,before_CK7,effective_modalities,capacity_label_available,source_audit
official_standard_discharge_pulse,segment_01_45degC.csv.gz,2025-01-20T01:06:09,2025-01-20T01:36:08,certified,,45.0,0.2199999999999988,1799.0,10.193982638888889,17697.0,14.022,1800.0,1800.0,True,pack_voltage; four_cell_voltages; current; chamber_temperature; integrated_Ah; pre_post_rest,False,runs/M1_certification_v2/event_certification.csv
official_standard_discharge_pulse,segment_01_45degC.csv.gz,2025-01-24T21:10:13,2025-01-24T21:40:13,certified,,45.0,0.2300000000000039,1800.0,10.199683333333333,3842.0,14.018,1800.0,1800.0,True,pack_voltage; four_cell_voltages; current; chamber_temperature; integrated_Ah; pre_post_rest,False,runs/M1_certification_v2/event_certification.csv
official_standard_discharge_pulse,segment_01_45degC.csv.gz,2025-01-29T17:14:03,2025-01-29T17:44:03,certified,,45.0,0.0900000000000034,1800.0,10.199675,3849.0,14.017,1800.0,1800.0,True,pack_voltage; four_cell_voltages; current; chamber_temperature; integrated_Ah; pre_post_rest,False,runs/M1_certification_v2/event_certification.csv
official_standard_discharge_pulse,segment_01_45degC.csv.gz,2025-02-03T13:18:02,2025-02-03T13:48:02,certified,,45.0,0.1700000000000017,1800.0,10.199741666666666,3851.0,14.014,1800.0,1800.0,True,pack_voltage; four_cell_voltages; current; chamber_temperature; integrated_Ah; pre_post_rest,False,runs/M1_certification_v2/event_certification.csv
official_standard_discharge_pulse,segment_01_45degC.csv.gz,2025-02-08T09:22:15,2025-02-08T09:52:14,certified,,45.0,0.0799999999999983,1799.0,10.193952222222222,3871.0,14.014,1800.0,1800.0,True,pack_voltage; four_cell_voltages; current; chamber_temperature; integrated_Ah; pre_post_rest,False,runs/M1_certification_v2/event_certification.csv
official_standard_discharge_pulse,segment_02_25degC.csv.gz,2025-02-12T04:27:43,2025-02-12T04:57:43,certified,,25.0,0.1699999999999981,1800.0,10.199643055555557,17358.0,14.012,1800.0,1800.0,True,pack_voltage; four_cell_voltages; current; chamber_temperature; integrated_Ah; pre_post_rest,False,runs/M1_certification_v2/event_certification.csv
official_standard_discharge_pulse,segment_02_25degC.csv.gz,2025-02-17T00:32:50,2025-02-17T01:02:50,certified,,25.0,0.1699999999999981,1800.0,10.199708333333335,3926.0,14.011,1800.0,1800.0,True,pack_voltage; four_cell_voltages; current; chamber_temperature; integrated_Ah; pre_post_rest,False,runs/M1_certification_v2/event_certification.csv
official_standard_discharge_pulse,segment_04_25degC.csv.gz,2025-03-14T23:31:27,2025-03-15T00:01:27,certified,,25.0,0.2200000000000024,1800.0,10.199750000000002,17136.0,14.01,1800.0,2250.0,True,pack_voltage; four_cell_voltages; current; chamber_temperature; integrated_Ah; pre_post_rest,False,runs/M1_certification_v2/event_certification.csv
official_standard_discharge_pulse,segment_04_25degC.csv.gz,2025-03-19T19:36:28,2025-03-19T20:06:28,certified,,25.0,0.2099999999999973,1800.0,10.199675,3919.0,14.013,1799.0,1800.0,True,pack_voltage; four_cell_voltages; current; chamber_temperature; integrated_Ah; pre_post_rest,False,runs/M1_certification_v2/event_certification.csv
official_standard_discharge_pulse,segment_05_45degC.csv.gz,2025-03-25T12:55:08,2025-03-25T13:25:08,certified,,45.0,0.1799999999999997,1800.0,10.199697222222223,3909.0,14.012,1800.0,1800.0,True,pack_voltage; four_cell_voltages; current; chamber_temperature; integrated_Ah; pre_post_rest,False,runs/M1_certification_v2/event_certification.csv
official_standard_discharge_pulse,segment_05_45degC.csv.gz,2025-03-30T08:58:46,2025-03-30T09:28:46,certified,,45.0,0.1299999999999954,1800.0,10.199677777777778,3836.0,14.013,1799.0,1800.0,True,pack_voltage; four_cell_voltages; current; chamber_temperature; integrated_Ah; pre_post_rest,False,runs/M1_certification_v2/event_certification.csv
official_standard_discharge_pulse,segment_05_45degC.csv.gz,2025-04-04T05:02:30,2025-04-04T05:32:30,certified,,45.0,0.1799999999999997,1800.0,10.199701388888888,3844.0,14.014,1800.0,2250.0,True,pack_voltage; four_cell_voltages; current; chamber_temperature; integrated_Ah; pre_post_rest,False,runs/M1_certification_v2/event_certification.csv
official_standard_discharge_pulse,segment_05_45degC.csv.gz,2025-04-09T01:06:15,2025-04-09T01:36:15,certified,,45.0,0.1400000000000005,1800.0,10.199716666666664,3834.0,14.012,1800.0,1800.0,True,pack_voltage; four_cell_voltages; current; chamber_temperature; integrated_Ah; pre_post_rest,False,runs/M1_certification_v2/event_certification.csv
official_standard_discharge_pulse,segment_06_25degC.csv.gz,2025-04-17T01:19:57,2025-04-17T01:49:57,certified,,25.0,0.1700000000000017,1800.0,10.199631944444445,16955.0,14.01,1800.0,2250.0,True,pack_voltage; four_cell_voltages; current; chamber_temperature; integrated_Ah; pre_post_rest,False,runs/M1_certification_v2/event_certification.csv
official_standard_discharge_pulse,segment_06_25degC.csv.gz,2025-04-22T17:42:19,2025-04-22T18:12:19,certified,,25.0,0.1700000000000017,1800.0,10.199844444444444,3943.0,14.011,1800.0,1800.0,True,pack_voltage; four_cell_voltages; current; chamber_temperature; integrated_Ah; pre_post_rest,False,runs/M1_certification_v2/event_certification.csv
official_standard_discharge_pulse,segment_07_45degC.csv.gz,2025-04-27T20:40:07,2025-04-27T21:10:07,certified,,45.0,0.1999999999999957,1800.0,10.199859722222223,3924.0,14.014,1800.0,2250.0,True,pack_voltage; four_cell_voltages; current; chamber_temperature; integrated_Ah; pre_post_rest,False,runs/M1_certification_v2/event_certification.csv
official_standard_discharge_pulse,segment_07_45degC.csv.gz,2025-05-02T16:43:51,2025-05-02T17:13:51,certified,,45.0,0.2199999999999988,1800.0,10.199777777777776,3843.0,14.013,1800.0,2251.0,True,pack_voltage; four_cell_voltages; current; chamber_temperature; integrated_Ah; pre_post_rest,False,runs/M1_certification_v2/event_certification.csv
official_standard_discharge_pulse,segment_07_45degC.csv.gz,2025-05-07T12:47:42,2025-05-07T13:17:42,certified,,45.0,0.2199999999999988,1800.0,10.19985,3849.0,14.017,1800.0,1800.0,True,pack_voltage; four_cell_voltages; current; chamber_temperature; integrated_Ah; pre_post_rest,False,runs/M1_certification_v2/event_certification.csv
official_standard_discharge_pulse,segment_07_45degC.csv.gz,2025-05-12T08:51:14,2025-05-12T09:21:14,certified,,45.0,0.1400000000000005,1800.0,10.199865277777777,3832.0,14.011,1800.0,1800.0,True,pack_voltage; four_cell_voltages; current; chamber_temperature; integrated_Ah; pre_post_rest,False,runs/M1_certification_v2/event_certification.csv
official_standard_discharge_pulse,segment_08_25degC.csv.gz,2025-05-19T21:38:59,2025-05-19T22:08:59,certified,,25.0,0.2100000000000008,1800.0,10.199904166666666,16825.0,14.01,1800.0,2250.0,True,pack_voltage; four_cell_voltages; current; chamber_temperature; integrated_Ah; pre_post_rest,False,runs/M1_certification_v2/event_certification.csv
official_standard_discharge_pulse,segment_08_25degC.csv.gz,2025-05-24T17:43:54,2025-05-24T18:13:53,certified,,25.0,0.1700000000000017,1799.0,10.194112638888887,3897.0,14.013,1800.0,1800.0,True,pack_voltage; four_cell_voltages; current; chamber_temperature; integrated_Ah; pre_post_rest,False,runs/M1_certification_v2/event_certification.csv
official_standard_discharge_pulse,segment_09_45degC.csv.gz,2025-05-29T23:31:12,2025-05-30T00:01:12,certified,,45.0,0.1499999999999985,1800.0,10.1997625,3904.0,14.017,1800.0,1800.0,True,pack_voltage; four_cell_voltages; current; chamber_temperature; integrated_Ah; pre_post_rest,False,runs/M1_certification_v2/event_certification.csv
official_standard_discharge_pulse,segment_09_45degC.csv.gz,2025-06-03T19:34:45,2025-06-03T20:04:45,certified,,45.0,0.1799999999999997,1800.0,10.199777777777776,3832.0,14.014,1800.0,2250.0,True,pack_voltage; four_cell_voltages; current; chamber_temperature; integrated_Ah; pre_post_rest,False,runs/M1_certification_v2/event_certification.csv
official_standard_discharge_pulse,segment_09_45degC.csv.gz,2025-06-08T15:38:13,2025-06-08T16:08:13,certified,,45.0,0.2299999999999968,1800.0,10.199852777777778,3827.0,14.012,1800.0,2250.0,True,pack_voltage; four_cell_voltages; current; chamber_temperature; integrated_Ah; pre_post_rest,False,runs/M1_certification_v2/event_certification.csv
official_standard_discharge_pulse,segment_09_45degC.csv.gz,2025-06-13T11:41:42,2025-06-13T12:11:42,certified,,45.0,0.1599999999999966,1800.0,10.199869444444444,3828.0,14.012,1800.0,2250.0,True,pack_voltage; four_cell_voltages; current; chamber_temperature; integrated_Ah; pre_post_rest,False,runs/M1_certification_v2/event_certification.csv
official_standard_discharge_pulse,segment_10_25degC.csv.gz,2025-06-22T04:01:00,2025-06-22T04:31:00,certified,,25.0,0.240000000000002,1800.0,10.199727777777778,16712.0,14.011,1800.0,1800.0,True,pack_voltage; four_cell_voltages; current; chamber_temperature; integrated_Ah; pre_post_rest,False,runs/M1_certification_v2/event_certification.csv
official_standard_discharge_pulse,segment_10_25degC.csv.gz,2025-06-27T00:04:33,2025-06-27T00:34:33,certified,,25.0,0.2199999999999988,1800.0,10.199769444444444,3832.0,14.011,1800.0,2250.0,True,pack_voltage; four_cell_voltages; current; chamber_temperature; integrated_Ah; pre_post_rest,False,runs/M1_certification_v2/event_certification.csv
official_standard_discharge_pulse,segment_10_25degC.csv.gz,2025-07-01T20:07:43,2025-07-01T20:37:43,certified,,25.0,0.2100000000000008,1800.0,10.199654166666663,3809.0,14.012,1800.0,1800.0,True,pack_voltage; four_cell_voltages; current; chamber_temperature; integrated_Ah; pre_post_rest,False,runs/M1_certification_v2/event_certification.csv
official_standard_discharge_pulse,segment_11_45degC.csv.gz,2025-07-07T17:29:32,2025-07-07T17:59:32,certified,,45.0,0.1499999999999985,1800.0,10.199675,3860.0,14.015,1799.0,1800.0,True,pack_voltage; four_cell_voltages; current; chamber_temperature; integrated_Ah; pre_post_rest,False,runs/M1_certification_v2/event_certification.csv
official_standard_discharge_pulse,segment_11_45degC.csv.gz,2025-07-12T13:32:18,2025-07-12T14:02:18,certified,,45.0,0.1600000000000037,1800.0,10.199729166666668,3776.0,14.013,1800.0,1800.0,True,pack_voltage; four_cell_voltages; current; chamber_temperature; integrated_Ah; pre_post_rest,False,runs/M1_certification_v2/event_certification.csv
official_standard_discharge_pulse,segment_11_45degC.csv.gz,2025-07-17T09:34:54,2025-07-17T10:04:54,certified,,45.0,0.1499999999999985,1800.0,10.199683333333333,3775.0,14.015,1800.0,1800.0,True,pack_voltage; four_cell_voltages; current; chamber_temperature; integrated_Ah; pre_post_rest,False,runs/M1_certification_v2/event_certification.csv
official_standard_discharge_pulse,segment_11_45degC.csv.gz,2025-07-22T05:37:29,2025-07-22T06:07:29,certified,,45.0,0.1700000000000017,1800.0,10.19972777777778,3773.0,14.011,1799.0,1800.0,True,pack_voltage; four_cell_voltages; current; chamber_temperature; integrated_Ah; pre_post_rest,False,runs/M1_certification_v2/event_certification.csv
official_standard_discharge_pulse,segment_12_25degC.csv.gz,2025-07-28T23:14:42,2025-07-28T23:44:42,certified,,25.0,0.1999999999999993,1800.0,10.199704166666669,16634.0,14.011,1800.0,1800.0,True,pack_voltage; four_cell_voltages; current; chamber_temperature; integrated_Ah; pre_post_rest,False,runs/M1_certification_v2/event_certification.csv
official_standard_discharge_pulse,segment_12_25degC.csv.gz,2025-08-02T19:18:34,2025-08-02T19:48:34,certified,,25.0,0.1099999999999994,1800.0,10.199740277777776,3850.0,14.012,1800.0,1800.0,True,pack_voltage; four_cell_voltages; current; chamber_temperature; integrated_Ah; pre_post_rest,False,runs/M1_certification_v2/event_certification.csv
official_standard_discharge_pulse,segment_12_25degC.csv.gz,2025-08-07T15:21:59,2025-08-07T15:51:59,certified,,25.0,0.1000000000000014,1800.0,10.199608333333332,3821.0,14.013,1800.0,1800.0,True,pack_voltage; four_cell_voltages; current; chamber_temperature; integrated_Ah; pre_post_rest,False,runs/M1_certification_v2/event_certification.csv
official_standard_discharge_pulse,segment_13_45degC.csv.gz,2025-08-12T23:30:51,2025-08-13T00:00:51,certified,,45.0,0.1200000000000045,1800.0,10.199720833333334,3866.0,14.011,1800.0,2250.0,True,pack_voltage; four_cell_voltages; current; chamber_temperature; integrated_Ah; pre_post_rest,False,runs/M1_certification_v2/event_certification.csv
official_standard_discharge_pulse,segment_13_45degC.csv.gz,2025-08-17T19:33:12,2025-08-17T20:03:12,certified,,45.0,0.1600000000000037,1800.0,10.199804166666668,3756.0,14.015,1800.0,1800.0,True,pack_voltage; four_cell_voltages; current; chamber_temperature; integrated_Ah; pre_post_rest,False,runs/M1_certification_v2/event_certification.csv
official_standard_discharge_pulse,segment_13_45degC.csv.gz,2025-08-22T15:35:15,2025-08-22T16:05:15,certified,,45.0,0.2399999999999948,1800.0,10.199777777777776,3742.0,14.016,1800.0,2250.0,True,pack_voltage; four_cell_voltages; current; chamber_temperature; integrated_Ah; pre_post_rest,False,runs/M1_certification_v2/event_certification.csv
official_standard_discharge_pulse,segment_13_45degC.csv.gz,2025-08-27T11:37:50,2025-08-27T12:07:50,certified,,45.0,0.1200000000000045,1800.0,10.199680555555554,3772.0,14.016,1800.0,1800.0,True,pack_voltage; four_cell_voltages; current; chamber_temperature; integrated_Ah; pre_post_rest,False,runs/M1_certification_v2/event_certification.csv
official_standard_discharge_pulse,segment_14_25degC.csv.gz,2025-09-02T03:40:03,2025-09-02T04:10:03,certified,,25.0,0.1799999999999997,1800.0,10.199840277777776,16520.0,14.011,1800.0,2250.0,False,pack_voltage; four_cell_voltages; current; chamber_temperature; integrated_Ah; pre_post_rest,False,runs/M1_certification_v2/event_certification.csv
official_standard_discharge_pulse,segment_14_25degC.csv.gz,2025-09-07T00:13:01,2025-09-07T00:43:01,certified,,25.0,0.1699999999999981,1800.0,10.19982777777778,3841.0,14.013,1800.0,1800.0,False,pack_voltage; four_cell_voltages; current; chamber_temperature; integrated_Ah; pre_post_rest,False,runs/M1_certification_v2/event_certification.csv
