cell_id,target_ordinal,target_cycle,target_discharge_start,target_capacity_Ah,target_soh_pp,anchor_cycle,anchor_discharge_start,anchor_capacity_Ah,anchor_soh_pp,evidence
102Ah_25degC_0p5C_cell3,1,52,2021-05-11T17:22:01,102.5815000000,100.5700000000,1,2021-04-26T17:35:11,104.1791000000,102.1360000000,"E3-P1 single-cell high-rate discharge proxy, not official C/20 pack capacity"
102Ah_25degC_0p5C_cell3,2,83,2021-05-18T08:01:30,101.8830000000,99.8850000000,1,2021-04-26T17:35:11,104.1791000000,102.1360000000,"E3-P1 single-cell high-rate discharge proxy, not official C/20 pack capacity"
102Ah_25degC_0p5C_cell3,3,113,2021-05-24T17:30:05,101.3742000000,99.3860000000,1,2021-04-26T17:35:11,104.1791000000,102.1360000000,"E3-P1 single-cell high-rate discharge proxy, not official C/20 pack capacity"
102Ah_25degC_0p5C_cell3,4,144,2021-05-31T06:58:36,100.9741000000,98.9940000000,1,2021-04-26T17:35:11,104.1791000000,102.1360000000,"E3-P1 single-cell high-rate discharge proxy, not official C/20 pack capacity"
102Ah_25degC_0p5C_cell3,5,175,2021-06-06T20:02:14,100.5739000000,98.6020000000,1,2021-04-26T17:35:11,104.1791000000,102.1360000000,"E3-P1 single-cell high-rate discharge proxy, not official C/20 pack capacity"
102Ah_25degC_0p5C_cell3,6,207,2021-06-19T22:23:53,100.2000000000,98.2350000000,1,2021-04-26T17:35:11,104.1791000000,102.1360000000,"E3-P1 single-cell high-rate discharge proxy, not official C/20 pack capacity"
102Ah_25degC_0p5C_cell3,7,238,2021-06-26T10:32:34,99.9526000000,97.9930000000,1,2021-04-26T17:35:11,104.1791000000,102.1360000000,"E3-P1 single-cell high-rate discharge proxy, not official C/20 pack capacity"
102Ah_25degC_0p5C_cell3,8,271,2021-07-03T08:25:58,99.6646000000,97.7100000000,1,2021-04-26T17:35:11,104.1791000000,102.1360000000,"E3-P1 single-cell high-rate discharge proxy, not official C/20 pack capacity"
102Ah_25degC_0p5C_cell3,9,301,2021-07-10T00:58:04,99.3895000000,97.4410000000,1,2021-04-26T17:35:11,104.1791000000,102.1360000000,"E3-P1 single-cell high-rate discharge proxy, not official C/20 pack capacity"
102Ah_25degC_0p5C_cell3,10,334,2021-07-16T12:47:14,99.1560000000,97.2120000000,1,2021-04-26T17:35:11,104.1791000000,102.1360000000,"E3-P1 single-cell high-rate discharge proxy, not official C/20 pack capacity"
102Ah_25degC_0p5C_cell3,11,364,2021-07-22T18:46:34,98.9678000000,97.0270000000,1,2021-04-26T17:35:11,104.1791000000,102.1360000000,"E3-P1 single-cell high-rate discharge proxy, not official C/20 pack capacity"
102Ah_25degC_0p5C_cell3,12,395,2021-07-29T05:31:58,98.7618000000,96.8250000000,1,2021-04-26T17:35:11,104.1791000000,102.1360000000,"E3-P1 single-cell high-rate discharge proxy, not official C/20 pack capacity"
102Ah_25degC_0p5C_cell3,13,425,2021-08-04T11:04:07,98.5859000000,96.6530000000,1,2021-04-26T17:35:11,104.1791000000,102.1360000000,"E3-P1 single-cell high-rate discharge proxy, not official C/20 pack capacity"
102Ah_25degC_0p5C_cell3,14,456,2021-08-10T21:22:47,98.3777000000,96.4490000000,1,2021-04-26T17:35:11,104.1791000000,102.1360000000,"E3-P1 single-cell high-rate discharge proxy, not official C/20 pack capacity"
102Ah_25degC_0p5C_cell3,15,487,2021-08-17T07:29:16,98.1645000000,96.2400000000,1,2021-04-26T17:35:11,104.1791000000,102.1360000000,"E3-P1 single-cell high-rate discharge proxy, not official C/20 pack capacity"
102Ah_25degC_0p5C_cell3,16,519,2021-08-25T00:27:25,98.0563000000,96.1340000000,1,2021-04-26T17:35:11,104.1791000000,102.1360000000,"E3-P1 single-cell high-rate discharge proxy, not official C/20 pack capacity"
102Ah_25degC_0p5C_cell3,17,552,2021-08-31T20:06:40,97.8678000000,95.9490000000,1,2021-04-26T17:35:11,104.1791000000,102.1360000000,"E3-P1 single-cell high-rate discharge proxy, not official C/20 pack capacity"
102Ah_25degC_0p5C_cell3,18,583,2021-09-07T05:37:17,97.6981000000,95.7820000000,1,2021-04-26T17:35:11,104.1791000000,102.1360000000,"E3-P1 single-cell high-rate discharge proxy, not official C/20 pack capacity"
102Ah_25degC_0p5C_cell3,19,613,2021-09-13T09:58:17,97.5554000000,95.6430000000,1,2021-04-26T17:35:11,104.1791000000,102.1360000000,"E3-P1 single-cell high-rate discharge proxy, not official C/20 pack capacity"
102Ah_25degC_0p5C_cell3,20,646,2021-09-20T04:57:08,97.3781000000,95.4690000000,1,2021-04-26T17:35:11,104.1791000000,102.1360000000,"E3-P1 single-cell high-rate discharge proxy, not official C/20 pack capacity"
102Ah_25degC_0p5C_cell3,21,676,2021-09-26T08:55:00,97.2247000000,95.3180000000,1,2021-04-26T17:35:11,104.1791000000,102.1360000000,"E3-P1 single-cell high-rate discharge proxy, not official C/20 pack capacity"
102Ah_25degC_0p5C_cell3,22,709,2021-10-11T10:42:23,96.9774000000,95.0760000000,1,2021-04-26T17:35:11,104.1791000000,102.1360000000,"E3-P1 single-cell high-rate discharge proxy, not official C/20 pack capacity"
102Ah_25degC_0p5C_cell3,23,739,2021-10-17T14:13:00,96.8427000000,94.9440000000,1,2021-04-26T17:35:11,104.1791000000,102.1360000000,"E3-P1 single-cell high-rate discharge proxy, not official C/20 pack capacity"
102Ah_25degC_0p5C_cell3,24,770,2021-10-23T22:32:09,96.6507000000,94.7560000000,1,2021-04-26T17:35:11,104.1791000000,102.1360000000,"E3-P1 single-cell high-rate discharge proxy, not official C/20 pack capacity"
102Ah_25degC_0p5C_cell3,25,803,2021-10-30T16:30:33,96.5137000000,94.6210000000,1,2021-04-26T17:35:11,104.1791000000,102.1360000000,"E3-P1 single-cell high-rate discharge proxy, not official C/20 pack capacity"
102Ah_25degC_0p5C_cell3,26,833,2021-11-07T11:35:58,96.4571000000,94.5660000000,1,2021-04-26T17:35:11,104.1791000000,102.1360000000,"E3-P1 single-cell high-rate discharge proxy, not official C/20 pack capacity"
102Ah_25degC_0p5C_cell3,27,864,2021-11-13T19:25:01,96.3059000000,94.4180000000,1,2021-04-26T17:35:11,104.1791000000,102.1360000000,"E3-P1 single-cell high-rate discharge proxy, not official C/20 pack capacity"
102Ah_25degC_0p5C_cell3,28,895,2021-11-20T03:03:59,96.1226000000,94.2380000000,1,2021-04-26T17:35:11,104.1791000000,102.1360000000,"E3-P1 single-cell high-rate discharge proxy, not official C/20 pack capacity"
102Ah_25degC_0p5C_cell3,29,925,2021-11-26T05:58:26,95.9156000000,94.0350000000,1,2021-04-26T17:35:11,104.1791000000,102.1360000000,"E3-P1 single-cell high-rate discharge proxy, not official C/20 pack capacity"
102Ah_25degC_0p5C_cell3,30,956,2021-12-02T13:21:55,95.8540000000,93.9750000000,1,2021-04-26T17:35:11,104.1791000000,102.1360000000,"E3-P1 single-cell high-rate discharge proxy, not official C/20 pack capacity"
102Ah_25degC_1C_cell3,1,212,2021-05-27T18:36:23,100.3840000000,98.4160000000,1,2021-04-26T17:02:17,104.5777000000,102.5270000000,"E3-P1 single-cell high-rate discharge proxy, not official C/20 pack capacity"
102Ah_25degC_1C_cell3,2,341,2021-06-13T01:12:36,99.2590000000,97.3130000000,1,2021-04-26T17:02:17,104.5777000000,102.5270000000,"E3-P1 single-cell high-rate discharge proxy, not official C/20 pack capacity"
102Ah_25degC_1C_cell3,3,469,2021-07-01T07:28:39,98.3818000000,96.4530000000,1,2021-04-26T17:02:17,104.5777000000,102.5270000000,"E3-P1 single-cell high-rate discharge proxy, not official C/20 pack capacity"
102Ah_25degC_1C_cell3,4,606,2021-07-19T02:48:05,97.5983000000,95.6850000000,1,2021-04-26T17:02:17,104.5777000000,102.5270000000,"E3-P1 single-cell high-rate discharge proxy, not official C/20 pack capacity"
102Ah_25degC_1C_cell3,5,735,2021-08-04T03:53:54,96.9329000000,95.0320000000,1,2021-04-26T17:02:17,104.5777000000,102.5270000000,"E3-P1 single-cell high-rate discharge proxy, not official C/20 pack capacity"
102Ah_25degC_1C_cell3,6,872,2021-08-21T03:18:21,96.2745000000,94.3870000000,1,2021-04-26T17:02:17,104.5777000000,102.5270000000,"E3-P1 single-cell high-rate discharge proxy, not official C/20 pack capacity"
102Ah_25degC_1C_cell3,7,1001,2021-09-06T14:55:28,95.7171000000,93.8400000000,1,2021-04-26T17:02:17,104.5777000000,102.5270000000,"E3-P1 single-cell high-rate discharge proxy, not official C/20 pack capacity"
102Ah_25degC_1C_cell3,8,1627,2021-12-04T04:44:50,93.0474000000,91.2230000000,1,2021-04-26T17:02:17,104.5777000000,102.5270000000,"E3-P1 single-cell high-rate discharge proxy, not official C/20 pack capacity"
102Ah_25degC_1C_cell3,9,1756,2021-12-19T19:38:41,92.4947000000,90.6810000000,1,2021-04-26T17:02:17,104.5777000000,102.5270000000,"E3-P1 single-cell high-rate discharge proxy, not official C/20 pack capacity"
102Ah_25degC_1C_cell3,10,1885,2022-01-04T09:53:54,91.9477000000,90.1450000000,1,2021-04-26T17:02:17,104.5777000000,102.5270000000,"E3-P1 single-cell high-rate discharge proxy, not official C/20 pack capacity"
102Ah_25degC_1C_cell3,11,2495,2022-04-01T21:30:57,89.8528000000,88.0910000000,1,2021-04-26T17:02:17,104.5777000000,102.5270000000,"E3-P1 single-cell high-rate discharge proxy, not official C/20 pack capacity"
102Ah_25degC_1C_cell3,12,2632,2022-04-17T19:46:35,89.3865000000,87.6340000000,1,2021-04-26T17:02:17,104.5777000000,102.5270000000,"E3-P1 single-cell high-rate discharge proxy, not official C/20 pack capacity"
102Ah_25degC_1C_cell3,13,2767,2022-05-10T03:28:55,88.9296000000,87.1860000000,1,2021-04-26T17:02:17,104.5777000000,102.5270000000,"E3-P1 single-cell high-rate discharge proxy, not official C/20 pack capacity"
102Ah_25degC_1C_cell3,14,2899,2022-05-25T17:51:05,88.3218000000,86.5900000000,1,2021-04-26T17:02:17,104.5777000000,102.5270000000,"E3-P1 single-cell high-rate discharge proxy, not official C/20 pack capacity"
102Ah_25degC_1C_cell3,15,3031,2022-06-14T13:14:53,87.7813000000,86.0600000000,1,2021-04-26T17:02:17,104.5777000000,102.5270000000,"E3-P1 single-cell high-rate discharge proxy, not official C/20 pack capacity"
102Ah_25degC_1C_cell3,16,3160,2022-06-29T17:10:02,87.3236000000,85.6110000000,1,2021-04-26T17:02:17,104.5777000000,102.5270000000,"E3-P1 single-cell high-rate discharge proxy, not official C/20 pack capacity"
102Ah_25degC_1C_cell3,17,3313,2022-07-17T17:39:56,86.8161000000,85.1140000000,1,2021-04-26T17:02:17,104.5777000000,102.5270000000,"E3-P1 single-cell high-rate discharge proxy, not official C/20 pack capacity"
102Ah_25degC_1C_cell3,18,3445,2022-08-02T03:49:32,86.3072000000,84.6150000000,1,2021-04-26T17:02:17,104.5777000000,102.5270000000,"E3-P1 single-cell high-rate discharge proxy, not official C/20 pack capacity"
102Ah_25degC_1C_cell3,19,3586,2022-08-21T01:18:41,85.7235000000,84.0430000000,1,2021-04-26T17:02:17,104.5777000000,102.5270000000,"E3-P1 single-cell high-rate discharge proxy, not official C/20 pack capacity"
102Ah_25degC_1C_cell3,20,3717,2022-09-05T06:13:28,85.1422000000,83.4730000000,1,2021-04-26T17:02:17,104.5777000000,102.5270000000,"E3-P1 single-cell high-rate discharge proxy, not official C/20 pack capacity"
102Ah_25degC_1C_cell3,21,3852,2022-09-20T20:37:08,84.4915000000,82.8350000000,1,2021-04-26T17:02:17,104.5777000000,102.5270000000,"E3-P1 single-cell high-rate discharge proxy, not official C/20 pack capacity"
102Ah_25degC_1C_cell3,22,3987,2022-10-15T12:13:17,83.6000000000,81.9610000000,1,2021-04-26T17:02:17,104.5777000000,102.5270000000,"E3-P1 single-cell high-rate discharge proxy, not official C/20 pack capacity"
102Ah_25degC_1C_cell3,23,4122,2022-10-31T08:12:32,82.8663000000,81.2410000000,1,2021-04-26T17:02:17,104.5777000000,102.5270000000,"E3-P1 single-cell high-rate discharge proxy, not official C/20 pack capacity"
102Ah_25degC_1C_cell3,24,4257,2022-11-15T17:53:56,82.0819000000,80.4720000000,1,2021-04-26T17:02:17,104.5777000000,102.5270000000,"E3-P1 single-cell high-rate discharge proxy, not official C/20 pack capacity"
102Ah_25degC_1C_cell3,25,4389,2022-11-30T17:22:38,81.1984000000,79.6060000000,1,2021-04-26T17:02:17,104.5777000000,102.5270000000,"E3-P1 single-cell high-rate discharge proxy, not official C/20 pack capacity"
102Ah_25degC_1C_cell3,26,4518,2022-12-15T06:41:38,80.2205000000,78.6480000000,1,2021-04-26T17:02:17,104.5777000000,102.5270000000,"E3-P1 single-cell high-rate discharge proxy, not official C/20 pack capacity"
102Ah_25degC_1C_cell3,27,4650,2022-12-30T16:45:35,79.0996000000,77.5490000000,1,2021-04-26T17:02:17,104.5777000000,102.5270000000,"E3-P1 single-cell high-rate discharge proxy, not official C/20 pack capacity"
102Ah_25degC_1C_cell3,28,4792,2023-01-15T12:31:56,77.7278000000,76.2040000000,1,2021-04-26T17:02:17,104.5777000000,102.5270000000,"E3-P1 single-cell high-rate discharge proxy, not official C/20 pack capacity"
102Ah_25degC_1C_cell3,29,4970,2023-03-18T19:01:35,74.8480000000,73.3800000000,1,2021-04-26T17:02:17,104.5777000000,102.5270000000,"E3-P1 single-cell high-rate discharge proxy, not official C/20 pack capacity"
102Ah_25degC_1C_cell3,30,5099,2023-04-01T17:30:58,72.2715000000,70.8540000000,1,2021-04-26T17:02:17,104.5777000000,102.5270000000,"E3-P1 single-cell high-rate discharge proxy, not official C/20 pack capacity"
102Ah_35degC_1C_cell1,1,270,2021-06-03T14:07:43,99.9024000000,97.9440000000,1,2021-04-27T20:29:59,104.1813000000,102.1390000000,"E3-P1 single-cell high-rate discharge proxy, not official C/20 pack capacity"
102Ah_35degC_1C_cell1,2,436,2021-06-26T12:31:18,98.6813000000,96.7460000000,1,2021-04-27T20:29:59,104.1813000000,102.1390000000,"E3-P1 single-cell high-rate discharge proxy, not official C/20 pack capacity"
102Ah_35degC_1C_cell1,3,602,2021-07-17T21:34:21,97.7563000000,95.8400000000,1,2021-04-27T20:29:59,104.1813000000,102.1390000000,"E3-P1 single-cell high-rate discharge proxy, not official C/20 pack capacity"
102Ah_35degC_1C_cell1,4,768,2021-08-07T14:54:02,96.9508000000,95.0500000000,1,2021-04-27T20:29:59,104.1813000000,102.1390000000,"E3-P1 single-cell high-rate discharge proxy, not official C/20 pack capacity"
102Ah_35degC_1C_cell1,5,934,2021-08-28T07:55:03,96.2114000000,94.3250000000,1,2021-04-27T20:29:59,104.1813000000,102.1390000000,"E3-P1 single-cell high-rate discharge proxy, not official C/20 pack capacity"
102Ah_35degC_1C_cell1,6,1101,2021-09-18T20:21:50,95.4671000000,93.5950000000,1,2021-04-27T20:29:59,104.1813000000,102.1390000000,"E3-P1 single-cell high-rate discharge proxy, not official C/20 pack capacity"
102Ah_35degC_1C_cell1,7,1267,2021-10-16T11:51:45,94.7090000000,92.8520000000,1,2021-04-27T20:29:59,104.1813000000,102.1390000000,"E3-P1 single-cell high-rate discharge proxy, not official C/20 pack capacity"
102Ah_35degC_1C_cell1,8,1433,2021-11-05T21:30:25,94.0509000000,92.2070000000,1,2021-04-27T20:29:59,104.1813000000,102.1390000000,"E3-P1 single-cell high-rate discharge proxy, not official C/20 pack capacity"
102Ah_35degC_1C_cell1,9,1599,2021-11-30T20:18:42,93.4392000000,91.6070000000,1,2021-04-27T20:29:59,104.1813000000,102.1390000000,"E3-P1 single-cell high-rate discharge proxy, not official C/20 pack capacity"
102Ah_35degC_1C_cell1,10,1765,2021-12-21T00:58:32,92.7594000000,90.9410000000,1,2021-04-27T20:29:59,104.1813000000,102.1390000000,"E3-P1 single-cell high-rate discharge proxy, not official C/20 pack capacity"
102Ah_35degC_1C_cell1,11,1932,2022-01-10T05:02:58,91.6357000000,89.8390000000,1,2021-04-27T20:29:59,104.1813000000,102.1390000000,"E3-P1 single-cell high-rate discharge proxy, not official C/20 pack capacity"
102Ah_35degC_1C_cell1,12,2098,2022-02-09T07:46:51,90.8843000000,89.1020000000,1,2021-04-27T20:29:59,104.1813000000,102.1390000000,"E3-P1 single-cell high-rate discharge proxy, not official C/20 pack capacity"
102Ah_35degC_1C_cell1,13,2264,2022-03-01T05:00:07,90.2874000000,88.5170000000,1,2021-04-27T20:29:59,104.1813000000,102.1390000000,"E3-P1 single-cell high-rate discharge proxy, not official C/20 pack capacity"
102Ah_35degC_1C_cell1,14,2430,2022-03-21T00:27:46,89.6318000000,87.8740000000,1,2021-04-27T20:29:59,104.1813000000,102.1390000000,"E3-P1 single-cell high-rate discharge proxy, not official C/20 pack capacity"
102Ah_35degC_1C_cell1,15,2596,2022-04-09T23:53:17,88.9993000000,87.2540000000,1,2021-04-27T20:29:59,104.1813000000,102.1390000000,"E3-P1 single-cell high-rate discharge proxy, not official C/20 pack capacity"
102Ah_35degC_1C_cell1,16,2762,2022-05-02T01:09:21,88.4023000000,86.6690000000,1,2021-04-27T20:29:59,104.1813000000,102.1390000000,"E3-P1 single-cell high-rate discharge proxy, not official C/20 pack capacity"
102Ah_35degC_1C_cell1,17,2928,2022-05-26T03:29:04,87.7612000000,86.0400000000,1,2021-04-27T20:29:59,104.1813000000,102.1390000000,"E3-P1 single-cell high-rate discharge proxy, not official C/20 pack capacity"
102Ah_35degC_1C_cell1,18,3094,2022-06-20T06:53:33,86.9296000000,85.2250000000,1,2021-04-27T20:29:59,104.1813000000,102.1390000000,"E3-P1 single-cell high-rate discharge proxy, not official C/20 pack capacity"
102Ah_35degC_1C_cell1,19,3260,2022-07-10T05:01:43,86.3274000000,84.6350000000,1,2021-04-27T20:29:59,104.1813000000,102.1390000000,"E3-P1 single-cell high-rate discharge proxy, not official C/20 pack capacity"
102Ah_35degC_1C_cell1,20,3426,2022-07-29T15:51:45,85.7471000000,84.0660000000,1,2021-04-27T20:29:59,104.1813000000,102.1390000000,"E3-P1 single-cell high-rate discharge proxy, not official C/20 pack capacity"
102Ah_35degC_1C_cell1,21,3593,2022-08-18T21:23:25,85.1511000000,83.4810000000,1,2021-04-27T20:29:59,104.1813000000,102.1390000000,"E3-P1 single-cell high-rate discharge proxy, not official C/20 pack capacity"
102Ah_35degC_1C_cell1,22,3759,2022-09-07T03:20:56,84.4724000000,82.8160000000,1,2021-04-27T20:29:59,104.1813000000,102.1390000000,"E3-P1 single-cell high-rate discharge proxy, not official C/20 pack capacity"
102Ah_35degC_1C_cell1,23,3925,2022-09-28T15:14:49,83.7312000000,82.0890000000,1,2021-04-27T20:29:59,104.1813000000,102.1390000000,"E3-P1 single-cell high-rate discharge proxy, not official C/20 pack capacity"
102Ah_35degC_1C_cell1,24,4091,2022-10-27T02:37:28,82.8852000000,81.2600000000,1,2021-04-27T20:29:59,104.1813000000,102.1390000000,"E3-P1 single-cell high-rate discharge proxy, not official C/20 pack capacity"
102Ah_35degC_1C_cell1,25,4257,2022-11-18T07:56:53,82.0448000000,80.4360000000,1,2021-04-27T20:29:59,104.1813000000,102.1390000000,"E3-P1 single-cell high-rate discharge proxy, not official C/20 pack capacity"
102Ah_35degC_1C_cell1,26,4423,2022-12-07T04:23:02,81.1745000000,79.5830000000,1,2021-04-27T20:29:59,104.1813000000,102.1390000000,"E3-P1 single-cell high-rate discharge proxy, not official C/20 pack capacity"
102Ah_35degC_1C_cell1,27,4589,2022-12-25T22:31:35,80.2231000000,78.6500000000,1,2021-04-27T20:29:59,104.1813000000,102.1390000000,"E3-P1 single-cell high-rate discharge proxy, not official C/20 pack capacity"
102Ah_35degC_1C_cell1,28,4755,2023-01-13T18:23:37,79.1415000000,77.5900000000,1,2021-04-27T20:29:59,104.1813000000,102.1390000000,"E3-P1 single-cell high-rate discharge proxy, not official C/20 pack capacity"
102Ah_35degC_1C_cell1,29,4921,2023-02-10T14:20:29,77.9016000000,76.3740000000,1,2021-04-27T20:29:59,104.1813000000,102.1390000000,"E3-P1 single-cell high-rate discharge proxy, not official C/20 pack capacity"
102Ah_35degC_1C_cell1,30,5087,2023-03-01T08:19:54,76.5912000000,75.0890000000,1,2021-04-27T20:29:59,104.1813000000,102.1390000000,"E3-P1 single-cell high-rate discharge proxy, not official C/20 pack capacity"
102Ah_45degC_0p5C_cell3,1,217,2021-07-03T19:42:42,99.1570000000,97.2130000000,1,2021-04-28T22:02:11,105.0802000000,103.0200000000,"E3-P1 single-cell high-rate discharge proxy, not official C/20 pack capacity"
102Ah_45degC_0p5C_cell3,2,350,2021-08-01T02:17:35,98.0144000000,96.0930000000,1,2021-04-28T22:02:11,105.0802000000,103.0200000000,"E3-P1 single-cell high-rate discharge proxy, not official C/20 pack capacity"
102Ah_45degC_0p5C_cell3,3,483,2021-08-28T10:10:12,97.0866000000,95.1830000000,1,2021-04-28T22:02:11,105.0802000000,103.0200000000,"E3-P1 single-cell high-rate discharge proxy, not official C/20 pack capacity"
102Ah_45degC_0p5C_cell3,4,620,2021-09-26T22:48:34,96.2930000000,94.4050000000,1,2021-04-28T22:02:11,105.0802000000,103.0200000000,"E3-P1 single-cell high-rate discharge proxy, not official C/20 pack capacity"
102Ah_45degC_0p5C_cell3,5,754,2021-11-01T06:58:55,95.4508000000,93.5790000000,1,2021-04-28T22:02:11,105.0802000000,103.0200000000,"E3-P1 single-cell high-rate discharge proxy, not official C/20 pack capacity"
102Ah_45degC_0p5C_cell3,6,888,2021-11-28T06:45:17,94.7248000000,92.8670000000,1,2021-04-28T22:02:11,105.0802000000,103.0200000000,"E3-P1 single-cell high-rate discharge proxy, not official C/20 pack capacity"
102Ah_45degC_0p5C_cell3,7,1023,2022-01-21T11:43:29,94.1536000000,92.3070000000,1,2021-04-28T22:02:11,105.0802000000,103.0200000000,"E3-P1 single-cell high-rate discharge proxy, not official C/20 pack capacity"
102Ah_45degC_0p5C_cell3,8,1168,2022-03-08T22:43:00,93.1608000000,91.3340000000,1,2021-04-28T22:02:11,105.0802000000,103.0200000000,"E3-P1 single-cell high-rate discharge proxy, not official C/20 pack capacity"
102Ah_45degC_0p5C_cell3,9,1314,2022-04-06T19:31:21,92.3568000000,90.5460000000,1,2021-04-28T22:02:11,105.0802000000,103.0200000000,"E3-P1 single-cell high-rate discharge proxy, not official C/20 pack capacity"
102Ah_45degC_0p5C_cell3,10,1457,2022-05-11T10:21:01,91.5038000000,89.7100000000,1,2021-04-28T22:02:11,105.0802000000,103.0200000000,"E3-P1 single-cell high-rate discharge proxy, not official C/20 pack capacity"
102Ah_45degC_0p5C_cell3,11,1605,2022-06-14T22:05:00,90.5733000000,88.7970000000,1,2021-04-28T22:02:11,105.0802000000,103.0200000000,"E3-P1 single-cell high-rate discharge proxy, not official C/20 pack capacity"
102Ah_45degC_0p5C_cell3,12,1739,2022-07-11T20:33:11,89.7852000000,88.0250000000,1,2021-04-28T22:02:11,105.0802000000,103.0200000000,"E3-P1 single-cell high-rate discharge proxy, not official C/20 pack capacity"
102Ah_45degC_0p5C_cell3,13,1872,2022-08-06T10:53:53,89.0010000000,87.2560000000,1,2021-04-28T22:02:11,105.0802000000,103.0200000000,"E3-P1 single-cell high-rate discharge proxy, not official C/20 pack capacity"
102Ah_45degC_0p5C_cell3,14,2005,2022-09-01T06:39:49,88.1767000000,86.4480000000,1,2021-04-28T22:02:11,105.0802000000,103.0200000000,"E3-P1 single-cell high-rate discharge proxy, not official C/20 pack capacity"
102Ah_45degC_0p5C_cell3,15,2138,2022-09-26T20:16:13,87.1633000000,85.4540000000,1,2021-04-28T22:02:11,105.0802000000,103.0200000000,"E3-P1 single-cell high-rate discharge proxy, not official C/20 pack capacity"
102Ah_45degC_0p5C_cell3,16,2272,2022-10-30T22:34:25,86.4624000000,84.7670000000,1,2021-04-28T22:02:11,105.0802000000,103.0200000000,"E3-P1 single-cell high-rate discharge proxy, not official C/20 pack capacity"
102Ah_45degC_0p5C_cell3,17,2405,2022-11-28T04:09:31,85.5385000000,83.8610000000,1,2021-04-28T22:02:11,105.0802000000,103.0200000000,"E3-P1 single-cell high-rate discharge proxy, not official C/20 pack capacity"
102Ah_45degC_0p5C_cell3,18,2538,2022-12-22T17:42:57,84.5793000000,82.9210000000,1,2021-04-28T22:02:11,105.0802000000,103.0200000000,"E3-P1 single-cell high-rate discharge proxy, not official C/20 pack capacity"
102Ah_45degC_0p5C_cell3,19,2671,2023-01-16T03:45:13,83.4964000000,81.8590000000,1,2021-04-28T22:02:11,105.0802000000,103.0200000000,"E3-P1 single-cell high-rate discharge proxy, not official C/20 pack capacity"
102Ah_45degC_0p5C_cell3,20,2805,2023-02-19T05:31:19,82.1790000000,80.5680000000,1,2021-04-28T22:02:11,105.0802000000,103.0200000000,"E3-P1 single-cell high-rate discharge proxy, not official C/20 pack capacity"
102Ah_45degC_0p5C_cell3,21,2939,2023-03-29T03:50:22,80.4393000000,78.8620000000,1,2021-04-28T22:02:11,105.0802000000,103.0200000000,"E3-P1 single-cell high-rate discharge proxy, not official C/20 pack capacity"
102Ah_45degC_0p5C_cell3,22,3072,2023-04-21T14:12:27,78.8985000000,77.3510000000,1,2021-04-28T22:02:11,105.0802000000,103.0200000000,"E3-P1 single-cell high-rate discharge proxy, not official C/20 pack capacity"
102Ah_45degC_0p5C_cell3,23,3205,2023-05-21T15:16:26,77.0968000000,75.5850000000,1,2021-04-28T22:02:11,105.0802000000,103.0200000000,"E3-P1 single-cell high-rate discharge proxy, not official C/20 pack capacity"
102Ah_45degC_0p5C_cell3,24,3340,2023-07-10T20:00:29,74.8442000000,73.3770000000,1,2021-04-28T22:02:11,105.0802000000,103.0200000000,"E3-P1 single-cell high-rate discharge proxy, not official C/20 pack capacity"
102Ah_45degC_0p5C_cell3,25,3473,2023-08-05T10:54:18,72.6360000000,71.2120000000,1,2021-04-28T22:02:11,105.0802000000,103.0200000000,"E3-P1 single-cell high-rate discharge proxy, not official C/20 pack capacity"
102Ah_45degC_0p5C_cell3,26,3606,2023-08-27T02:15:58,70.3388000000,68.9600000000,1,2021-04-28T22:02:11,105.0802000000,103.0200000000,"E3-P1 single-cell high-rate discharge proxy, not official C/20 pack capacity"
102Ah_45degC_0p5C_cell3,27,3740,2023-09-17T09:02:47,67.9986000000,66.6650000000,1,2021-04-28T22:02:11,105.0802000000,103.0200000000,"E3-P1 single-cell high-rate discharge proxy, not official C/20 pack capacity"
102Ah_45degC_0p5C_cell3,28,3870,2023-10-18T20:40:37,65.4891000000,64.2050000000,1,2021-04-28T22:02:11,105.0802000000,103.0200000000,"E3-P1 single-cell high-rate discharge proxy, not official C/20 pack capacity"
102Ah_45degC_0p5C_cell3,29,4292,2023-10-28T22:55:38,64.4433000000,63.1800000000,1,2021-04-28T22:02:11,105.0802000000,103.0200000000,"E3-P1 single-cell high-rate discharge proxy, not official C/20 pack capacity"
102Ah_45degC_0p5C_cell3,30,4018,2023-11-11T06:24:26,63.1391000000,61.9010000000,1,2021-04-28T22:02:11,105.0802000000,103.0200000000,"E3-P1 single-cell high-rate discharge proxy, not official C/20 pack capacity"
102Ah_45degC_1C_cell1,1,118,2021-05-16T05:18:48,100.4308000000,98.4620000000,1,2021-04-27T21:31:31,104.6640000000,102.6120000000,"E3-P1 single-cell high-rate discharge proxy, not official C/20 pack capacity"
102Ah_45degC_1C_cell1,2,190,2021-05-25T12:39:01,99.4377000000,97.4880000000,1,2021-04-27T21:31:31,104.6640000000,102.6120000000,"E3-P1 single-cell high-rate discharge proxy, not official C/20 pack capacity"
102Ah_45degC_1C_cell1,3,262,2021-06-03T13:28:20,98.6016000000,96.6680000000,1,2021-04-27T21:31:31,104.6640000000,102.6120000000,"E3-P1 single-cell high-rate discharge proxy, not official C/20 pack capacity"
102Ah_45degC_1C_cell1,4,334,2021-06-12T13:23:52,97.9917000000,96.0700000000,1,2021-04-27T21:31:31,104.6640000000,102.6120000000,"E3-P1 single-cell high-rate discharge proxy, not official C/20 pack capacity"
102Ah_45degC_1C_cell1,5,406,2021-06-23T09:39:02,97.4423000000,95.5320000000,1,2021-04-27T21:31:31,104.6640000000,102.6120000000,"E3-P1 single-cell high-rate discharge proxy, not official C/20 pack capacity"
102Ah_45degC_1C_cell1,6,478,2021-07-02T08:01:38,96.9475000000,95.0470000000,1,2021-04-27T21:31:31,104.6640000000,102.6120000000,"E3-P1 single-cell high-rate discharge proxy, not official C/20 pack capacity"
102Ah_45degC_1C_cell1,7,551,2021-07-12T07:13:32,96.5018000000,94.6100000000,1,2021-04-27T21:31:31,104.6640000000,102.6120000000,"E3-P1 single-cell high-rate discharge proxy, not official C/20 pack capacity"
102Ah_45degC_1C_cell1,8,624,2021-07-21T13:09:16,96.0331000000,94.1500000000,1,2021-04-27T21:31:31,104.6640000000,102.6120000000,"E3-P1 single-cell high-rate discharge proxy, not official C/20 pack capacity"
102Ah_45degC_1C_cell1,9,698,2021-07-30T15:33:12,95.6063000000,93.7320000000,1,2021-04-27T21:31:31,104.6640000000,102.6120000000,"E3-P1 single-cell high-rate discharge proxy, not official C/20 pack capacity"
102Ah_45degC_1C_cell1,10,770,2021-08-08T11:27:37,95.2066000000,93.3400000000,1,2021-04-27T21:31:31,104.6640000000,102.6120000000,"E3-P1 single-cell high-rate discharge proxy, not official C/20 pack capacity"
102Ah_45degC_1C_cell1,11,845,2021-08-17T18:31:40,94.7986000000,92.9400000000,1,2021-04-27T21:31:31,104.6640000000,102.6120000000,"E3-P1 single-cell high-rate discharge proxy, not official C/20 pack capacity"
102Ah_45degC_1C_cell1,12,918,2021-08-26T13:17:55,94.4156000000,92.5640000000,1,2021-04-27T21:31:31,104.6640000000,102.6120000000,"E3-P1 single-cell high-rate discharge proxy, not official C/20 pack capacity"
102Ah_45degC_1C_cell1,13,991,2021-09-04T10:27:06,94.0409000000,92.1970000000,1,2021-04-27T21:31:31,104.6640000000,102.6120000000,"E3-P1 single-cell high-rate discharge proxy, not official C/20 pack capacity"
102Ah_45degC_1C_cell1,14,1065,2021-09-14T06:03:08,93.6576000000,91.8210000000,1,2021-04-27T21:31:31,104.6640000000,102.6120000000,"E3-P1 single-cell high-rate discharge proxy, not official C/20 pack capacity"
102Ah_45degC_1C_cell1,15,1141,2021-09-23T10:48:26,93.2522000000,91.4240000000,1,2021-04-27T21:31:31,104.6640000000,102.6120000000,"E3-P1 single-cell high-rate discharge proxy, not official C/20 pack capacity"
102Ah_45degC_1C_cell1,16,1219,2021-10-10T01:07:35,92.7614000000,90.9430000000,1,2021-04-27T21:31:31,104.6640000000,102.6120000000,"E3-P1 single-cell high-rate discharge proxy, not official C/20 pack capacity"
102Ah_45degC_1C_cell1,17,1292,2021-10-18T20:59:44,92.4152000000,90.6030000000,1,2021-04-27T21:31:31,104.6640000000,102.6120000000,"E3-P1 single-cell high-rate discharge proxy, not official C/20 pack capacity"
102Ah_45degC_1C_cell1,18,1368,2021-10-27T23:58:14,92.0833000000,90.2780000000,1,2021-04-27T21:31:31,104.6640000000,102.6120000000,"E3-P1 single-cell high-rate discharge proxy, not official C/20 pack capacity"
102Ah_45degC_1C_cell1,19,1443,2021-11-05T23:22:00,91.6188000000,89.8220000000,1,2021-04-27T21:31:31,104.6640000000,102.6120000000,"E3-P1 single-cell high-rate discharge proxy, not official C/20 pack capacity"
102Ah_45degC_1C_cell1,20,1521,2021-11-17T04:45:48,91.2835000000,89.4940000000,1,2021-04-27T21:31:31,104.6640000000,102.6120000000,"E3-P1 single-cell high-rate discharge proxy, not official C/20 pack capacity"
102Ah_45degC_1C_cell1,21,1596,2021-12-01T13:45:24,90.8168000000,89.0360000000,1,2021-04-27T21:31:31,104.6640000000,102.6120000000,"E3-P1 single-cell high-rate discharge proxy, not official C/20 pack capacity"
102Ah_45degC_1C_cell1,22,1670,2021-12-10T09:46:22,90.4703000000,88.6960000000,1,2021-04-27T21:31:31,104.6640000000,102.6120000000,"E3-P1 single-cell high-rate discharge proxy, not official C/20 pack capacity"
102Ah_45degC_1C_cell1,23,1743,2021-12-19T01:16:34,90.1141000000,88.3470000000,1,2021-04-27T21:31:31,104.6640000000,102.6120000000,"E3-P1 single-cell high-rate discharge proxy, not official C/20 pack capacity"
102Ah_45degC_1C_cell1,24,1815,2021-12-27T13:24:10,89.7596000000,88.0000000000,1,2021-04-27T21:31:31,104.6640000000,102.6120000000,"E3-P1 single-cell high-rate discharge proxy, not official C/20 pack capacity"
102Ah_45degC_1C_cell1,25,1888,2022-01-05T04:06:06,89.3770000000,87.6250000000,1,2021-04-27T21:31:31,104.6640000000,102.6120000000,"E3-P1 single-cell high-rate discharge proxy, not official C/20 pack capacity"
102Ah_45degC_1C_cell1,26,1962,2022-01-13T21:06:40,89.0030000000,87.2580000000,1,2021-04-27T21:31:31,104.6640000000,102.6120000000,"E3-P1 single-cell high-rate discharge proxy, not official C/20 pack capacity"
102Ah_45degC_1C_cell1,27,2036,2022-01-24T09:39:08,88.6534000000,86.9150000000,1,2021-04-27T21:31:31,104.6640000000,102.6120000000,"E3-P1 single-cell high-rate discharge proxy, not official C/20 pack capacity"
102Ah_45degC_1C_cell1,28,2122,2022-02-12T14:47:09,88.0884000000,86.3610000000,1,2021-04-27T21:31:31,104.6640000000,102.6120000000,"E3-P1 single-cell high-rate discharge proxy, not official C/20 pack capacity"
102Ah_45degC_1C_cell1,29,2208,2022-02-23T21:02:02,87.6117000000,85.8940000000,1,2021-04-27T21:31:31,104.6640000000,102.6120000000,"E3-P1 single-cell high-rate discharge proxy, not official C/20 pack capacity"
102Ah_45degC_1C_cell1,30,2280,2022-03-04T05:36:04,87.2219000000,85.5120000000,1,2021-04-27T21:31:31,104.6640000000,102.6120000000,"E3-P1 single-cell high-rate discharge proxy, not official C/20 pack capacity"
102Ah_55degC_1C_cell3,1,111,2021-05-18T03:23:56,100.1126000000,98.1500000000,1,2021-04-29T22:14:27,104.8959000000,102.8390000000,"E3-P1 single-cell high-rate discharge proxy, not official C/20 pack capacity"
102Ah_55degC_1C_cell3,2,178,2021-05-26T13:33:26,98.9424000000,97.0020000000,1,2021-04-29T22:14:27,104.8959000000,102.8390000000,"E3-P1 single-cell high-rate discharge proxy, not official C/20 pack capacity"
102Ah_55degC_1C_cell3,3,463,2021-07-11T20:29:01,95.5656000000,93.6920000000,1,2021-04-29T22:14:27,104.8959000000,102.8390000000,"E3-P1 single-cell high-rate discharge proxy, not official C/20 pack capacity"
102Ah_55degC_1C_cell3,4,530,2021-07-20T00:30:50,94.9476000000,93.0860000000,1,2021-04-29T22:14:27,104.8959000000,102.8390000000,"E3-P1 single-cell high-rate discharge proxy, not official C/20 pack capacity"
102Ah_55degC_1C_cell3,5,598,2021-07-28T06:39:42,94.3546000000,92.5050000000,1,2021-04-29T22:14:27,104.8959000000,102.8390000000,"E3-P1 single-cell high-rate discharge proxy, not official C/20 pack capacity"
102Ah_55degC_1C_cell3,6,667,2021-08-05T14:58:23,93.7920000000,91.9530000000,1,2021-04-29T22:14:27,104.8959000000,102.8390000000,"E3-P1 single-cell high-rate discharge proxy, not official C/20 pack capacity"
102Ah_55degC_1C_cell3,7,739,2021-08-15T12:41:20,93.2347000000,91.4070000000,1,2021-04-29T22:14:27,104.8959000000,102.8390000000,"E3-P1 single-cell high-rate discharge proxy, not official C/20 pack capacity"
102Ah_55degC_1C_cell3,8,806,2021-08-23T13:40:20,92.6628000000,90.8460000000,1,2021-04-29T22:14:27,104.8959000000,102.8390000000,"E3-P1 single-cell high-rate discharge proxy, not official C/20 pack capacity"
102Ah_55degC_1C_cell3,9,873,2021-08-31T13:54:11,92.1070000000,90.3010000000,1,2021-04-29T22:14:27,104.8959000000,102.8390000000,"E3-P1 single-cell high-rate discharge proxy, not official C/20 pack capacity"
102Ah_55degC_1C_cell3,10,941,2021-09-08T16:14:06,91.5386000000,89.7440000000,1,2021-04-29T22:14:27,104.8959000000,102.8390000000,"E3-P1 single-cell high-rate discharge proxy, not official C/20 pack capacity"
102Ah_55degC_1C_cell3,11,1008,2021-09-16T14:57:34,90.9884000000,89.2040000000,1,2021-04-29T22:14:27,104.8959000000,102.8390000000,"E3-P1 single-cell high-rate discharge proxy, not official C/20 pack capacity"
102Ah_55degC_1C_cell3,12,1076,2021-09-24T15:46:35,90.4347000000,88.6610000000,1,2021-04-29T22:14:27,104.8959000000,102.8390000000,"E3-P1 single-cell high-rate discharge proxy, not official C/20 pack capacity"
102Ah_55degC_1C_cell3,13,1143,2021-10-10T18:09:44,89.8002000000,88.0390000000,1,2021-04-29T22:14:27,104.8959000000,102.8390000000,"E3-P1 single-cell high-rate discharge proxy, not official C/20 pack capacity"
102Ah_55degC_1C_cell3,14,1211,2021-10-18T17:21:17,89.2620000000,87.5120000000,1,2021-04-29T22:14:27,104.8959000000,102.8390000000,"E3-P1 single-cell high-rate discharge proxy, not official C/20 pack capacity"
102Ah_55degC_1C_cell3,15,1278,2021-10-26T12:59:44,88.7009000000,86.9620000000,1,2021-04-29T22:14:27,104.8959000000,102.8390000000,"E3-P1 single-cell high-rate discharge proxy, not official C/20 pack capacity"
102Ah_55degC_1C_cell3,16,1346,2021-11-03T10:40:47,88.1071000000,86.3800000000,1,2021-04-29T22:14:27,104.8959000000,102.8390000000,"E3-P1 single-cell high-rate discharge proxy, not official C/20 pack capacity"
102Ah_55degC_1C_cell3,17,1413,2021-11-11T04:47:31,87.5317000000,85.8150000000,1,2021-04-29T22:14:27,104.8959000000,102.8390000000,"E3-P1 single-cell high-rate discharge proxy, not official C/20 pack capacity"
102Ah_55degC_1C_cell3,18,1481,2021-11-19T00:49:26,86.8104000000,85.1080000000,1,2021-04-29T22:14:27,104.8959000000,102.8390000000,"E3-P1 single-cell high-rate discharge proxy, not official C/20 pack capacity"
102Ah_55degC_1C_cell3,19,1550,2021-11-30T16:11:17,85.8914000000,84.2070000000,1,2021-04-29T22:14:27,104.8959000000,102.8390000000,"E3-P1 single-cell high-rate discharge proxy, not official C/20 pack capacity"
102Ah_55degC_1C_cell3,20,1618,2021-12-08T09:52:11,84.6956000000,83.0350000000,1,2021-04-29T22:14:27,104.8959000000,102.8390000000,"E3-P1 single-cell high-rate discharge proxy, not official C/20 pack capacity"
102Ah_55degC_1C_cell3,21,1685,2021-12-15T23:14:38,83.4498000000,81.8140000000,1,2021-04-29T22:14:27,104.8959000000,102.8390000000,"E3-P1 single-cell high-rate discharge proxy, not official C/20 pack capacity"
102Ah_55degC_1C_cell3,22,1753,2021-12-23T13:36:51,82.1042000000,80.4940000000,1,2021-04-29T22:14:27,104.8959000000,102.8390000000,"E3-P1 single-cell high-rate discharge proxy, not official C/20 pack capacity"
102Ah_55degC_1C_cell3,23,1820,2021-12-30T23:30:25,80.6987000000,79.1160000000,1,2021-04-29T22:14:27,104.8959000000,102.8390000000,"E3-P1 single-cell high-rate discharge proxy, not official C/20 pack capacity"
102Ah_55degC_1C_cell3,24,1887,2022-01-07T07:31:38,79.2109000000,77.6580000000,1,2021-04-29T22:14:27,104.8959000000,102.8390000000,"E3-P1 single-cell high-rate discharge proxy, not official C/20 pack capacity"
102Ah_55degC_1C_cell3,25,1957,2022-01-14T21:24:34,77.5891000000,76.0680000000,1,2021-04-29T22:14:27,104.8959000000,102.8390000000,"E3-P1 single-cell high-rate discharge proxy, not official C/20 pack capacity"
102Ah_55degC_1C_cell3,26,2027,2022-01-23T04:06:48,75.8898000000,74.4020000000,1,2021-04-29T22:14:27,104.8959000000,102.8390000000,"E3-P1 single-cell high-rate discharge proxy, not official C/20 pack capacity"
102Ah_55degC_1C_cell3,27,2099,2022-02-11T10:16:35,74.1878000000,72.7330000000,1,2021-04-29T22:14:27,104.8959000000,102.8390000000,"E3-P1 single-cell high-rate discharge proxy, not official C/20 pack capacity"
102Ah_55degC_1C_cell3,28,2166,2022-02-18T09:53:24,72.6293000000,71.2050000000,1,2021-04-29T22:14:27,104.8959000000,102.8390000000,"E3-P1 single-cell high-rate discharge proxy, not official C/20 pack capacity"
102Ah_55degC_1C_cell3,29,2234,2022-02-25T09:42:51,71.0263000000,69.6340000000,1,2021-04-29T22:14:27,104.8959000000,102.8390000000,"E3-P1 single-cell high-rate discharge proxy, not official C/20 pack capacity"
102Ah_55degC_1C_cell3,30,2306,2022-03-06T22:44:31,69.4442000000,68.0830000000,1,2021-04-29T22:14:27,104.8959000000,102.8390000000,"E3-P1 single-cell high-rate discharge proxy, not official C/20 pack capacity"
