run_id,method,cell_id,target_ordinal,target_cycle,target_discharge_start,input_end,visible_last_charge_cycle,prediction_soh_pp,prediction_Ah,anchor_shift_pp,training_cells,evidence
M3_B_age_fold_smoke,B_age,102Ah_45degC_1C_cell1,1,118,2021-05-16T05:18:48,2021-05-16T04:48:44,118,98.16627338477254,100.12959885246799,-0.47373638131439577,102Ah_25degC_0p5C_cell3|102Ah_25degC_1C_cell3|102Ah_35degC_1C_cell1|102Ah_45degC_0p5C_cell3|102Ah_55degC_1C_cell3,E3-P1 supervised training only on five other physical cells
M3_B_age_fold_smoke,B_age,102Ah_45degC_1C_cell1,2,190,2021-05-25T12:39:01,2021-05-25T12:08:58,190,97.13953109788389,99.08232171984156,-0.47373638131439577,102Ah_25degC_0p5C_cell3|102Ah_25degC_1C_cell3|102Ah_35degC_1C_cell1|102Ah_45degC_0p5C_cell3|102Ah_55degC_1C_cell3,E3-P1 supervised training only on five other physical cells
M3_B_age_fold_smoke,B_age,102Ah_45degC_1C_cell1,3,262,2021-06-03T13:28:20,2021-06-03T12:58:14,262,96.327272410047,98.25381785824794,-0.47373638131439577,102Ah_25degC_0p5C_cell3|102Ah_25degC_1C_cell3|102Ah_35degC_1C_cell1|102Ah_45degC_0p5C_cell3|102Ah_55degC_1C_cell3,E3-P1 supervised training only on five other physical cells
M3_B_age_fold_smoke,B_age,102Ah_45degC_1C_cell1,4,334,2021-06-12T13:23:52,2021-06-12T12:53:36,334,95.63589473730408,97.54861263205017,-0.47373638131439577,102Ah_25degC_0p5C_cell3|102Ah_25degC_1C_cell3|102Ah_35degC_1C_cell1|102Ah_45degC_0p5C_cell3|102Ah_55degC_1C_cell3,E3-P1 supervised training only on five other physical cells
M3_B_age_fold_smoke,B_age,102Ah_45degC_1C_cell1,5,406,2021-06-23T09:39:02,2021-06-23T09:08:33,406,95.0229306575124,96.92338927066265,-0.47373638131439577,102Ah_25degC_0p5C_cell3|102Ah_25degC_1C_cell3|102Ah_35degC_1C_cell1|102Ah_45degC_0p5C_cell3|102Ah_55degC_1C_cell3,E3-P1 supervised training only on five other physical cells
M3_B_age_fold_smoke,B_age,102Ah_45degC_1C_cell1,6,478,2021-07-02T08:01:38,2021-07-02T07:31:26,478,94.46494004692858,96.35423884786715,-0.47373638131439577,102Ah_25degC_0p5C_cell3|102Ah_25degC_1C_cell3|102Ah_35degC_1C_cell1|102Ah_45degC_0p5C_cell3|102Ah_55degC_1C_cell3,E3-P1 supervised training only on five other physical cells
M3_B_age_fold_smoke,B_age,102Ah_45degC_1C_cell1,7,551,2021-07-12T07:13:32,2021-07-12T06:43:02,551,93.94039436796992,95.81920225532932,-0.47373638131439577,102Ah_25degC_0p5C_cell3|102Ah_25degC_1C_cell3|102Ah_35degC_1C_cell1|102Ah_45degC_0p5C_cell3|102Ah_55degC_1C_cell3,E3-P1 supervised training only on five other physical cells
M3_B_age_fold_smoke,B_age,102Ah_45degC_1C_cell1,8,624,2021-07-21T13:09:16,2021-07-21T12:39:02,624,93.44715102343669,95.31609404390541,-0.47373638131439577,102Ah_25degC_0p5C_cell3|102Ah_25degC_1C_cell3|102Ah_35degC_1C_cell1|102Ah_45degC_0p5C_cell3|102Ah_55degC_1C_cell3,E3-P1 supervised training only on five other physical cells
M3_B_age_fold_smoke,B_age,102Ah_45degC_1C_cell1,9,698,2021-07-30T15:33:12,2021-07-30T15:02:44,698,92.9715904685665,94.83102227793783,-0.47373638131439577,102Ah_25degC_0p5C_cell3|102Ah_25degC_1C_cell3|102Ah_35degC_1C_cell1|102Ah_45degC_0p5C_cell3|102Ah_55degC_1C_cell3,E3-P1 supervised training only on five other physical cells
M3_B_age_fold_smoke,B_age,102Ah_45degC_1C_cell1,10,770,2021-08-08T11:27:37,2021-08-08T10:57:23,770,92.52705243441865,94.37759348310703,-0.47373638131439577,102Ah_25degC_0p5C_cell3|102Ah_25degC_1C_cell3|102Ah_35degC_1C_cell1|102Ah_45degC_0p5C_cell3|102Ah_55degC_1C_cell3,E3-P1 supervised training only on five other physical cells
M3_B_age_fold_smoke,B_age,102Ah_45degC_1C_cell1,11,845,2021-08-17T18:31:40,2021-08-17T18:01:40,845,92.07850878532422,93.9200789610307,-0.47373638131439577,102Ah_25degC_0p5C_cell3|102Ah_25degC_1C_cell3|102Ah_35degC_1C_cell1|102Ah_45degC_0p5C_cell3|102Ah_55degC_1C_cell3,E3-P1 supervised training only on five other physical cells
M3_B_age_fold_smoke,B_age,102Ah_45degC_1C_cell1,12,918,2021-08-26T13:17:55,2021-08-26T12:47:37,918,91.65252438738531,93.48557487513303,-0.47373638131439577,102Ah_25degC_0p5C_cell3|102Ah_25degC_1C_cell3|102Ah_35degC_1C_cell1|102Ah_45degC_0p5C_cell3|102Ah_55degC_1C_cell3,E3-P1 supervised training only on five other physical cells
M3_B_age_fold_smoke,B_age,102Ah_45degC_1C_cell1,13,991,2021-09-04T10:27:06,2021-09-04T09:57:02,991,91.23393913279317,93.05861791544903,-0.47373638131439577,102Ah_25degC_0p5C_cell3|102Ah_25degC_1C_cell3|102Ah_35degC_1C_cell1|102Ah_45degC_0p5C_cell3|102Ah_55degC_1C_cell3,E3-P1 supervised training only on five other physical cells
M3_B_age_fold_smoke,B_age,102Ah_45degC_1C_cell1,14,1065,2021-09-14T06:03:08,2021-09-14T05:32:47,1065,90.81444545689197,92.63073436602981,-0.47373638131439577,102Ah_25degC_0p5C_cell3|102Ah_25degC_1C_cell3|102Ah_35degC_1C_cell1|102Ah_45degC_0p5C_cell3|102Ah_55degC_1C_cell3,E3-P1 supervised training only on five other physical cells
M3_B_age_fold_smoke,B_age,102Ah_45degC_1C_cell1,15,1141,2021-09-23T10:48:26,2021-09-23T10:18:19,1141,90.38604790580395,92.19376886392003,-0.47373638131439577,102Ah_25degC_0p5C_cell3|102Ah_25degC_1C_cell3|102Ah_35degC_1C_cell1|102Ah_45degC_0p5C_cell3|102Ah_55degC_1C_cell3,E3-P1 supervised training only on five other physical cells
M3_B_age_fold_smoke,B_age,102Ah_45degC_1C_cell1,16,1219,2021-10-10T01:07:35,2021-10-10T00:37:16,1219,89.94630924206113,91.74523542690237,-0.47373638131439577,102Ah_25degC_0p5C_cell3|102Ah_25degC_1C_cell3|102Ah_35degC_1C_cell1|102Ah_45degC_0p5C_cell3|102Ah_55degC_1C_cell3,E3-P1 supervised training only on five other physical cells
M3_B_age_fold_smoke,B_age,102Ah_45degC_1C_cell1,17,1292,2021-10-18T20:59:44,2021-10-18T20:29:38,1292,89.53239867908758,91.32304665266933,-0.47373638131439577,102Ah_25degC_0p5C_cell3|102Ah_25degC_1C_cell3|102Ah_35degC_1C_cell1|102Ah_45degC_0p5C_cell3|102Ah_55degC_1C_cell3,E3-P1 supervised training only on five other physical cells
M3_B_age_fold_smoke,B_age,102Ah_45degC_1C_cell1,18,1368,2021-10-27T23:58:14,2021-10-27T23:28:09,1368,89.0967457716087,90.87868068704087,-0.47373638131439577,102Ah_25degC_0p5C_cell3|102Ah_25degC_1C_cell3|102Ah_35degC_1C_cell1|102Ah_45degC_0p5C_cell3|102Ah_55degC_1C_cell3,E3-P1 supervised training only on five other physical cells
M3_B_age_fold_smoke,B_age,102Ah_45degC_1C_cell1,19,1443,2021-11-05T23:22:00,2021-11-05T22:51:52,1443,88.65982520027383,90.43302170427931,-0.47373638131439577,102Ah_25degC_0p5C_cell3|102Ah_25degC_1C_cell3|102Ah_35degC_1C_cell1|102Ah_45degC_0p5C_cell3|102Ah_55degC_1C_cell3,E3-P1 supervised training only on five other physical cells
M3_B_age_fold_smoke,B_age,102Ah_45degC_1C_cell1,20,1521,2021-11-17T04:45:48,2021-11-17T04:15:21,1521,88.19558548917672,89.95949719896025,-0.47373638131439577,102Ah_25degC_0p5C_cell3|102Ah_25degC_1C_cell3|102Ah_35degC_1C_cell1|102Ah_45degC_0p5C_cell3|102Ah_55degC_1C_cell3,E3-P1 supervised training only on five other physical cells
M3_B_age_fold_smoke,B_age,102Ah_45degC_1C_cell1,21,1596,2021-12-01T13:45:24,2021-12-01T13:15:13,1596,87.73733115297874,89.49207777603831,-0.47373638131439577,102Ah_25degC_0p5C_cell3|102Ah_25degC_1C_cell3|102Ah_35degC_1C_cell1|102Ah_45degC_0p5C_cell3|102Ah_55degC_1C_cell3,E3-P1 supervised training only on five other physical cells
M3_B_age_fold_smoke,B_age,102Ah_45degC_1C_cell1,22,1670,2021-12-10T09:46:22,2021-12-10T09:15:52,1670,87.27142396477898,89.01685244407456,-0.47373638131439577,102Ah_25degC_0p5C_cell3|102Ah_25degC_1C_cell3|102Ah_35degC_1C_cell1|102Ah_45degC_0p5C_cell3|102Ah_55degC_1C_cell3,E3-P1 supervised training only on five other physical cells
M3_B_age_fold_smoke,B_age,102Ah_45degC_1C_cell1,23,1743,2021-12-19T01:16:34,2021-12-19T00:46:17,1743,86.79612016904899,88.53204257242996,-0.47373638131439577,102Ah_25degC_0p5C_cell3|102Ah_25degC_1C_cell3|102Ah_35degC_1C_cell1|102Ah_45degC_0p5C_cell3|102Ah_55degC_1C_cell3,E3-P1 supervised training only on five other physical cells
M3_B_age_fold_smoke,B_age,102Ah_45degC_1C_cell1,24,1815,2021-12-27T13:24:10,2021-12-27T12:54:05,1815,86.30981217799597,88.03600842155589,-0.47373638131439577,102Ah_25degC_0p5C_cell3|102Ah_25degC_1C_cell3|102Ah_35degC_1C_cell1|102Ah_45degC_0p5C_cell3|102Ah_55degC_1C_cell3,E3-P1 supervised training only on five other physical cells
M3_B_age_fold_smoke,B_age,102Ah_45degC_1C_cell1,25,1888,2022-01-05T04:06:06,2022-01-05T03:35:46,1888,85.79669899912804,87.5126329791106,-0.47373638131439577,102Ah_25degC_0p5C_cell3|102Ah_25degC_1C_cell3|102Ah_35degC_1C_cell1|102Ah_45degC_0p5C_cell3|102Ah_55degC_1C_cell3,E3-P1 supervised training only on five other physical cells
M3_B_age_fold_smoke,B_age,102Ah_45degC_1C_cell1,26,1962,2022-01-13T21:06:40,2022-01-13T20:36:32,1962,85.25359201331486,86.95866385358114,-0.47373638131439577,102Ah_25degC_0p5C_cell3|102Ah_25degC_1C_cell3|102Ah_35degC_1C_cell1|102Ah_45degC_0p5C_cell3|102Ah_55degC_1C_cell3,E3-P1 supervised training only on five other physical cells
M3_B_age_fold_smoke,B_age,102Ah_45degC_1C_cell1,27,2036,2022-01-24T09:39:08,2022-01-24T09:08:41,2036,84.6850206606616,86.37872107387484,-0.47373638131439577,102Ah_25degC_0p5C_cell3|102Ah_25degC_1C_cell3|102Ah_35degC_1C_cell1|102Ah_45degC_0p5C_cell3|102Ah_55degC_1C_cell3,E3-P1 supervised training only on five other physical cells
M3_B_age_fold_smoke,B_age,102Ah_45degC_1C_cell1,28,2122,2022-02-12T14:47:09,2022-02-12T14:17:03,2122,83.98929572039492,85.66908163480282,-0.47373638131439577,102Ah_25degC_0p5C_cell3|102Ah_25degC_1C_cell3|102Ah_35degC_1C_cell1|102Ah_45degC_0p5C_cell3|102Ah_55degC_1C_cell3,E3-P1 supervised training only on five other physical cells
M3_B_age_fold_smoke,B_age,102Ah_45degC_1C_cell1,29,2208,2022-02-23T21:02:02,2022-02-23T20:31:43,2208,83.25295634674247,84.91801547367731,-0.47373638131439577,102Ah_25degC_0p5C_cell3|102Ah_25degC_1C_cell3|102Ah_35degC_1C_cell1|102Ah_45degC_0p5C_cell3|102Ah_55degC_1C_cell3,E3-P1 supervised training only on five other physical cells
M3_B_age_fold_smoke,B_age,102Ah_45degC_1C_cell1,30,2280,2022-03-04T05:36:04,2022-03-04T05:05:56,2280,82.60325920143246,84.25532438546112,-0.47373638131439577,102Ah_25degC_0p5C_cell3|102Ah_25degC_1C_cell3|102Ah_35degC_1C_cell1|102Ah_45degC_0p5C_cell3|102Ah_55degC_1C_cell3,E3-P1 supervised training only on five other physical cells
