held_system,method,MAE_mOhm,RMSE_mOhm,P95_abs_mOhm,coverage90,n
5,RBF_plus_causal_Wiener_time,0.11760781591994604,0.16331451252046889,0.34145212340208264,0.9753787878787878,1056
5,global_median,0.13606257747818182,0.19829767375231155,0.4322151825445939,0.9128787878787878,1056
5,last_same_cell_step,0.12198743982650664,0.1811936532893626,0.3702134683572039,0.9460227272727273,1056
5,workpoint_RBF_approx,0.16072831403241755,0.19607019532068937,0.3755570973351271,0.9346590909090909,1056
5,workpoint_linear_ridge,0.15737534268284942,0.18971105279220213,0.32483753301305657,0.9564393939393939,1056
6,RBF_plus_causal_Wiener_time,0.20277453873209372,0.35206066385086504,0.5363732191234312,0.8382395428718179,31151
6,global_median,0.2866378770368439,0.4011718323218219,0.47335064526975756,0.572983210811852,31151
6,last_same_cell_step,0.2974110649127873,0.5201531949338526,0.9987163513362582,0.706173156559982,31151
6,workpoint_RBF_approx,0.30970560347678244,0.40739209242356683,0.6340149875206803,0.5327597829925204,31151
6,workpoint_linear_ridge,0.3216028421404757,0.4204542766127157,0.6132498305667414,0.5022631697216783,31151
8,RBF_plus_causal_Wiener_time,0.3547197398845286,0.6299636994203943,0.9145626814578055,0.6543399333757532,26717
8,global_median,0.3330315975716326,0.6566455520349251,1.0517787845591904,0.737844817906202,26717
8,last_same_cell_step,0.49317267905756934,0.8824357719631695,1.7610124400434628,0.5517835086274656,26717
8,workpoint_RBF_approx,0.3543297016176002,0.6460241471104538,0.999722782432634,0.654003069206872,26717
8,workpoint_linear_ridge,0.33940925130980376,0.6428237392914716,0.9937750539937709,0.6930044540928997,26717
9,RBF_plus_causal_Wiener_time,0.1625616329159407,0.23699478551617348,0.41429635360811573,0.9384965831435079,8341
9,global_median,0.12265435977961577,0.20771214623142456,0.34023045432279164,0.9568397074691284,8341
9,last_same_cell_step,0.1524829017331247,0.25353313522854226,0.44557812466081637,0.928066179115214,8341
9,workpoint_RBF_approx,0.22711271325244653,0.29094215809702634,0.5179592029772796,0.8164488670423211,8341
9,workpoint_linear_ridge,0.20773342073778747,0.26714498555436234,0.48264145432601185,0.8793909603165088,8341
10,RBF_plus_causal_Wiener_time,0.2057027442657637,0.41976381152904524,0.5841875229250062,0.8932213557288542,3334
10,global_median,0.25733041756249986,0.5781630974426027,0.7282708940072401,0.8380323935212958,3334
10,last_same_cell_step,0.2505684607878211,0.4856469541975941,0.7220938194904782,0.8104379124175165,3334
10,workpoint_RBF_approx,0.25164813036120975,0.5654769209276793,0.7126475133825312,0.8503299340131973,3334
10,workpoint_linear_ridge,0.2540664272258255,0.5681415137273897,0.6170193262884811,0.8332333533293341,3334
12,RBF_plus_causal_Wiener_time,0.19853014438729802,0.32122642752930236,0.6501017345796467,0.8654434250764526,1308
12,global_median,0.3394948013348234,0.6569470675468402,1.7643897117536051,0.8134556574923547,1308
12,last_same_cell_step,0.173089918783296,0.26650675995375495,0.5831439383783724,0.867737003058104,1308
12,workpoint_RBF_approx,0.37292177610287447,0.6480281329539265,1.7295083743353912,0.7232415902140673,1308
12,workpoint_linear_ridge,0.35603103831448024,0.6487323179983377,1.7579723389120765,0.7889908256880734,1308
15,RBF_plus_causal_Wiener_time,0.24721623204724522,0.3337971728497398,0.7634390797020617,0.7933042212518195,687
15,global_median,0.2468422656189909,0.3391510322163457,0.8191002752261989,0.8165938864628821,687
15,last_same_cell_step,0.375651374658961,0.49774026974090524,1.0688343222154317,0.5574963609898108,687
15,workpoint_RBF_approx,0.29656158726415494,0.36273435035706014,0.6468783223180816,0.5997088791848617,687
15,workpoint_linear_ridge,0.28510415296884756,0.34909250677798476,0.6162295301431318,0.6273653566229985,687
18,RBF_plus_causal_Wiener_time,0.8400336709002936,1.852229593415807,5.444221559109058,0.5531393568147014,3265
18,global_median,0.8582648416096447,1.9349339403566943,5.698408023807759,0.5736600306278714,3265
18,last_same_cell_step,1.4053890955710393,2.5612226153095237,6.571706628984087,0.39356814701378257,3265
18,workpoint_RBF_approx,0.8433267493140585,1.90671787062673,5.610713532745922,0.5819295558958653,3265
18,workpoint_linear_ridge,0.8352757158228914,1.909765171051268,5.6878144946851865,0.6061255742725881,3265
21,RBF_plus_causal_Wiener_time,0.16750698209036732,0.23195034322086744,0.504773665913169,0.9017668378133494,13244
21,global_median,0.1374402716636588,0.20135724970800506,0.3973806279410437,0.9359710057384476,13244
21,last_same_cell_step,0.14759579902993664,0.24282400025551007,0.5421939422636661,0.8918000604047116,13244
21,workpoint_RBF_approx,0.1888578098312732,0.25646792885137165,0.5412587392725534,0.8553307157958321,13244
21,workpoint_linear_ridge,0.17879706194044462,0.23398320211272874,0.4835005272948413,0.8885533071579583,13244
22,RBF_plus_causal_Wiener_time,0.08029256063730159,0.09835303768265094,0.1865087760150312,1.0,1128
22,global_median,0.1594994903670132,0.20935917761861617,0.42598366000894095,0.8945035460992907,1128
22,last_same_cell_step,0.1054020633853197,0.1392697803429625,0.2907728590335656,0.9840425531914894,1128
22,workpoint_RBF_approx,0.11647395733724218,0.14016305765506978,0.2576052367152154,0.9964539007092199,1128
22,workpoint_linear_ridge,0.11498810385568323,0.1381792215103058,0.2574852300359439,0.9946808510638298,1128
