held_cell,method,inner_macro_mae_pp,selected_json
102Ah_25degC_0p5C_cell3,age_ridge,4.711091528564791,"{""alpha"": 100.0}"
102Ah_25degC_0p5C_cell3,fixed_window_ridge,4.243226104706181,"{""alpha"": 10.0, ""window"": 1}"
102Ah_25degC_0p5C_cell3,mask_ridge,5.923118194080159,"{""alpha"": 100.0}"
102Ah_25degC_0p5C_cell3,within_cell_ratio_ridge,4.536680956824888,"{""alpha"": 100.0, ""window"": 1}"
102Ah_25degC_0p5C_cell3,rbf_residual,4.1595073637132405,"{""alpha"": 1.0, ""lengthscale"": 0.5}"
102Ah_25degC_1C_cell3,age_ridge,4.349675456135371,"{""alpha"": 100.0}"
102Ah_25degC_1C_cell3,fixed_window_ridge,4.285286945065315,"{""alpha"": 10.0, ""window"": 1}"
102Ah_25degC_1C_cell3,mask_ridge,6.1253945771837035,"{""alpha"": 100.0}"
102Ah_25degC_1C_cell3,within_cell_ratio_ridge,4.384384807737357,"{""alpha"": 10.0, ""window"": 1}"
102Ah_25degC_1C_cell3,rbf_residual,4.679143334680141,"{""alpha"": 10.0, ""lengthscale"": 2.0}"
102Ah_35degC_1C_cell1,age_ridge,4.677048046116933,"{""alpha"": 100.0}"
102Ah_35degC_1C_cell1,fixed_window_ridge,4.442762887587321,"{""alpha"": 10.0, ""window"": 1}"
102Ah_35degC_1C_cell1,mask_ridge,5.968845326418017,"{""alpha"": 100.0}"
102Ah_35degC_1C_cell1,within_cell_ratio_ridge,4.626726120832112,"{""alpha"": 10.0, ""window"": 1}"
102Ah_35degC_1C_cell1,rbf_residual,4.995231560837594,"{""alpha"": 10.0, ""lengthscale"": 2.0}"
102Ah_45degC_0p5C_cell3,age_ridge,3.6475024708401493,"{""alpha"": 10.0}"
102Ah_45degC_0p5C_cell3,fixed_window_ridge,3.6475024708401493,"{""alpha"": 10.0, ""window"": 1}"
102Ah_45degC_0p5C_cell3,mask_ridge,5.667926481162305,"{""alpha"": 100.0}"
102Ah_45degC_0p5C_cell3,within_cell_ratio_ridge,3.6475024708401493,"{""alpha"": 10.0, ""window"": 1}"
102Ah_45degC_0p5C_cell3,rbf_residual,3.2204873429102974,"{""alpha"": 1.0, ""lengthscale"": 0.5}"
102Ah_45degC_1C_cell1,age_ridge,4.6675493878875765,"{""alpha"": 100.0}"
102Ah_45degC_1C_cell1,fixed_window_ridge,4.522780287333344,"{""alpha"": 10.0, ""window"": 1}"
102Ah_45degC_1C_cell1,mask_ridge,5.67213655977214,"{""alpha"": 10.0}"
102Ah_45degC_1C_cell1,within_cell_ratio_ridge,4.556617950617424,"{""alpha"": 10.0, ""window"": 1}"
102Ah_45degC_1C_cell1,rbf_residual,4.401731076194555,"{""alpha"": 1.0, ""lengthscale"": 2.0}"
102Ah_55degC_1C_cell3,age_ridge,2.691086285251693,"{""alpha"": 10.0}"
102Ah_55degC_1C_cell3,fixed_window_ridge,2.732387291251288,"{""alpha"": 10.0, ""window"": 2}"
102Ah_55degC_1C_cell3,mask_ridge,2.4924520611561687,"{""alpha"": 1.0}"
102Ah_55degC_1C_cell3,within_cell_ratio_ridge,2.509647074973918,"{""alpha"": 10.0, ""window"": 3}"
102Ah_55degC_1C_cell3,rbf_residual,2.6371617548954243,"{""alpha"": 10.0, ""lengthscale"": 0.5}"
