setpoint_C,current_state,metric,rows,valid_rows,mean,std,min,p1,p5,p50,p95,p99,max,time_weighted_mean,observed_weight_hours
25,charge,temp_mean_C,267591,267591,25.729112713058363,0.3847189456059041,24.95,25.17,25.3,25.61,26.49,27.11,27.49,25.729011360659168,743.2325
25,charge,temp_min_C,267591,267591,25.041624718320126,0.3735064042759376,24.1,24.5,24.6,25.0,25.8,26.3,26.8,25.04153261447648,743.2325
25,charge,temp_max_C,267591,267591,26.207280887623277,0.4087205014708664,25.4,25.6,25.8,26.1,27.0,27.7,28.1,26.207169507672376,743.2325
25,charge,mean_minus_set_C,267591,267591,0.7291127130583615,0.38471894560590403,-0.05000000000000071,0.1700000000000017,0.3000000000000007,0.6099999999999994,1.4899999999999984,2.1099999999999994,2.4899999999999984,0.7290113606591627,743.2325
25,charge,min_minus_set_C,267591,267591,0.04162471832012285,0.3735064042759376,-0.8999999999999986,-0.5,-0.3999999999999986,0.0,0.8000000000000007,1.3000000000000007,1.8000000000000007,0.0415326144764779,743.2325
25,charge,max_minus_set_C,267591,267591,1.207280887623276,0.4087205014708664,0.3999999999999986,0.6000000000000014,0.8000000000000007,1.1000000000000014,2.0,2.6999999999999993,3.1000000000000014,1.2071695076723785,743.2325
25,charge,mean_minus_min_C,267591,267591,0.6874879947382386,0.09635237150913135,0.22000000000000242,0.46999999999999886,0.5299999999999976,0.6900000000000013,0.8399999999999999,0.9100000000000001,1.3499999999999979,0.6874787461826848,743.2325
25,charge,max_minus_mean_C,267591,267591,0.4781681745649143,0.07890238078674207,0.16999999999999815,0.3000000000000007,0.3500000000000014,0.4800000000000004,0.6099999999999994,0.6699999999999982,1.0199999999999996,0.47815814701321585,743.2325
25,charge,spread_C,267591,267591,1.1656561693031529,0.14180066426110538,0.5,0.8000000000000007,0.9000000000000021,1.1999999999999993,1.3999999999999986,1.5,2.1999999999999993,1.1656368931959005,743.2325
25,charge,mean_minus_midpoint_C,267591,267591,0.10465991008666216,0.05222858889920511,-0.13000000000000256,-0.019999999999999574,0.019999999999999574,0.10000000000000142,0.19000000000000128,0.22000000000000242,0.3299999999999983,0.10466029958473445,743.2325
25,discharge,temp_mean_C,237041,237041,25.50014444758502,0.23677225798648677,24.89,25.05,25.14,25.49,25.88,26.2,26.63,25.500093139033506,658.3944444444444
25,discharge,temp_min_C,237041,237041,24.83231592846807,0.25391146571123785,23.9,24.3,24.4,24.8,25.2,25.5,26.0,24.832269072069263,658.3944444444444
25,discharge,temp_max_C,237041,237041,25.973625659696,0.24944042081692533,25.2,25.5,25.6,25.9,26.4,26.7,27.3,25.97357139843559,658.3944444444444
25,discharge,mean_minus_set_C,237041,237041,0.500144447585017,0.23677225798648677,-0.10999999999999943,0.05000000000000071,0.14000000000000057,0.48999999999999844,0.879999999999999,1.1999999999999993,1.629999999999999,0.5000931390335075,658.3944444444444
25,discharge,min_minus_set_C,237041,237041,-0.16768407153192907,0.25391146571123785,-1.1000000000000014,-0.6999999999999993,-0.6000000000000014,-0.1999999999999993,0.1999999999999993,0.5,1.0,-0.1677309279307406,658.3944444444444
25,discharge,max_minus_set_C,237041,237041,0.9736256596960019,0.24944042081692533,0.1999999999999993,0.5,0.6000000000000014,0.8999999999999986,1.3999999999999986,1.6999999999999993,2.3000000000000007,0.9735713984355883,658.3944444444444
25,discharge,mean_minus_min_C,237041,237041,0.667828519116946,0.09156208446935728,0.23000000000000043,0.4499999999999993,0.5100000000000016,0.6700000000000017,0.8100000000000023,0.870000000000001,1.25,0.667824066964248,658.3944444444444
25,discharge,max_minus_mean_C,237041,237041,0.473481212110985,0.07334915157332131,0.17999999999999972,0.3000000000000007,0.3500000000000014,0.4700000000000024,0.5999999999999979,0.6499999999999986,0.8599999999999994,0.47347825940208077,658.3944444444444
25,discharge,spread_C,237041,237041,1.1413097312279308,0.12990301460326575,0.5999999999999979,0.8000000000000007,0.9000000000000021,1.1000000000000014,1.3000000000000007,1.4000000000000021,2.0,1.1413023263663287,658.3944444444444
25,discharge,mean_minus_midpoint_C,237041,237041,0.09717365350298053,0.05160579786899746,-0.13000000000000256,-0.020000000000003126,0.010000000000001563,0.09999999999999787,0.17999999999999972,0.21000000000000085,0.31999999999999673,0.09717290378108365,658.3944444444444
25,near_zero,temp_mean_C,24380,24380,25.74739376538146,0.42260120658185035,24.95,25.16,25.27,25.59,26.57,26.94,27.18,25.746655990197933,67.55944444444444
25,near_zero,temp_min_C,24380,24380,25.066119770303526,0.42121315625488626,24.1,24.5,24.6,24.9,25.9,26.2,26.5,25.06535561275256,67.55944444444444
25,near_zero,temp_max_C,24380,24380,26.24043068088597,0.44871061375004706,25.4,25.6,25.7,26.1,27.1,27.5,27.8,26.23967370299407,67.55944444444444
25,near_zero,mean_minus_set_C,24380,24380,0.7473937653814602,0.42260120658185035,-0.05000000000000071,0.16000000000000014,0.2699999999999996,0.5899999999999999,1.5700000000000003,1.9400000000000013,2.1799999999999997,0.7466559901979327,67.55944444444444
25,near_zero,min_minus_set_C,24380,24380,0.06611977030352748,0.4212131562548862,-0.8999999999999986,-0.5,-0.3999999999999986,-0.10000000000000142,0.8999999999999986,1.1999999999999993,1.5,0.06535561275255536,67.55944444444444
25,near_zero,max_minus_set_C,24380,24380,1.240430680885972,0.44871061375004706,0.3999999999999986,0.6000000000000014,0.6999999999999993,1.1000000000000014,2.1000000000000014,2.5,2.8000000000000007,1.239673702994071,67.55944444444444
25,near_zero,mean_minus_min_C,24380,24380,0.6812739950779327,0.08947881087262739,0.3299999999999983,0.4799999999999969,0.5300000000000011,0.6899999999999977,0.8200000000000003,0.889999999999997,1.0199999999999996,0.6813003774453773,67.55944444444444
25,near_zero,max_minus_mean_C,24380,24380,0.4930369155045118,0.07961115629363168,0.22000000000000242,0.3099999999999987,0.35999999999999943,0.490000000000002,0.629999999999999,0.6799999999999997,0.7999999999999972,0.49301771279613826,67.55944444444444
25,near_zero,spread_C,24380,24380,1.1743109105824445,0.13325585874295418,0.5999999999999979,0.8999999999999986,1.0,1.1999999999999993,1.3999999999999986,1.5,1.6999999999999993,1.1743180902415156,67.55944444444444
25,near_zero,mean_minus_midpoint_C,24380,24380,0.09411853978671045,0.05227729840440972,-0.11000000000000298,-0.029999999999997584,0.00999999999999801,0.09999999999999787,0.17999999999999972,0.21000000000000085,0.28000000000000114,0.09414133232461949,67.55944444444444
45,charge,temp_mean_C,529623,529623,46.03159366190667,0.3100206284075082,44.1,45.46,45.61,45.97,46.64,46.94,47.61,46.03155854050931,1471.0611111111111
45,charge,temp_min_C,529623,529623,45.37227990476244,0.3214488257966194,42.4,44.7,44.9,45.3,46.0,46.3,47.0,45.37224769724047,1471.0611111111111
45,charge,temp_max_C,529623,529623,46.50620724553126,0.31241777278700683,45.5,45.9,46.1,46.4,47.1,47.4,48.3,46.50617305724137,1471.0611111111111
45,charge,mean_minus_set_C,529623,529623,1.031593661906677,0.3100206284075082,-0.8999999999999986,0.46000000000000085,0.6099999999999994,0.9699999999999989,1.6400000000000006,1.9399999999999977,2.6099999999999994,1.0315585405093073,1471.0611111111111
45,charge,min_minus_set_C,529623,529623,0.3722799047624441,0.3214488257966194,-2.6000000000000014,-0.29999999999999716,-0.10000000000000142,0.29999999999999716,1.0,1.2999999999999972,2.0,0.372247697240465,1471.0611111111111
45,charge,max_minus_set_C,529623,529623,1.5062072455312547,0.31241777278700683,0.5,0.8999999999999986,1.1000000000000014,1.3999999999999986,2.1000000000000014,2.3999999999999986,3.299999999999997,1.5061730572413712,1471.0611111111111
45,charge,mean_minus_min_C,529623,529623,0.6593137571442329,0.10389968538007104,0.20000000000000284,0.4200000000000017,0.490000000000002,0.6599999999999966,0.8299999999999983,0.8999999999999986,2.0900000000000034,0.6593108432688424,1471.0611111111111
45,charge,max_minus_mean_C,529623,529623,0.4746135836245779,0.07752703776535727,0.1700000000000017,0.29999999999999716,0.3500000000000014,0.47000000000000597,0.6000000000000014,0.6599999999999966,1.75,0.4746145167320638,1471.0611111111111
45,charge,spread_C,529623,529623,1.1339273407688106,0.14262226619552115,0.5999999999999943,0.7999999999999972,0.8999999999999986,1.1000000000000014,1.3999999999999986,1.5,3.6000000000000014,1.133925360000906,1471.0611111111111
45,charge,mean_minus_midpoint_C,529623,529623,0.09235008675982762,0.057597876694266366,-0.1699999999999946,-0.03999999999999915,0.0,0.09000000000000341,0.18999999999999773,0.22999999999999687,0.35999999999999943,0.09234816326838936,1471.0611111111111
45,discharge,temp_mean_C,475992,475992,45.82670458747206,0.23364307985021565,44.78,45.3,45.43,45.84,46.17,46.37,46.79,45.826677859357005,1322.1261111111112
45,discharge,temp_min_C,475992,475992,45.18387535924974,0.2603937322617608,43.7,44.6,44.7,45.2,45.6,45.8,46.3,45.183853952409144,1322.1261111111112
45,discharge,temp_max_C,475992,475992,46.30341224222255,0.2358661782845255,45.5,45.8,45.9,46.3,46.6,46.9,47.3,46.303385225060474,1322.1261111111112
45,discharge,mean_minus_set_C,475992,475992,0.8267045874720584,0.23364307985021562,-0.21999999999999886,0.29999999999999716,0.4299999999999997,0.8400000000000034,1.1700000000000017,1.3699999999999974,1.7899999999999991,0.8266778593570037,1322.1261111111112
45,discharge,min_minus_set_C,475992,475992,0.18387535924973525,0.2603937322617608,-1.2999999999999972,-0.3999999999999986,-0.29999999999999716,0.20000000000000284,0.6000000000000014,0.7999999999999972,1.2999999999999972,0.1838539524091457,1322.1261111111112
45,discharge,max_minus_set_C,475992,475992,1.3034122422225582,0.2358661782845255,0.5,0.7999999999999972,0.8999999999999986,1.2999999999999972,1.6000000000000014,1.8999999999999986,2.299999999999997,1.3033852250604772,1322.1261111111112
45,discharge,mean_minus_min_C,475992,475992,0.6428292282223232,0.0998428673452651,0.240000000000002,0.4199999999999946,0.4799999999999969,0.6400000000000006,0.8099999999999952,0.8700000000000045,1.1000000000000014,0.642823906947858,1322.1261111111112
45,discharge,max_minus_mean_C,475992,475992,0.47670765475049987,0.07586714074585092,0.20000000000000284,0.30999999999999517,0.3500000000000014,0.4799999999999969,0.6000000000000014,0.6599999999999966,1.1199999999999974,0.47670736570347333,1322.1261111111112
45,discharge,spread_C,475992,475992,1.1195368829728227,0.1374518154495281,0.5999999999999943,0.7999999999999972,0.8999999999999986,1.1000000000000014,1.3000000000000043,1.4000000000000057,2.1999999999999957,1.1195312726513313,1322.1261111111112
45,discharge,mean_minus_midpoint_C,475992,475992,0.08306078673591163,0.056026424209873485,-0.14999999999999858,-0.04000000000000625,-0.00999999999999801,0.0800000000000054,0.17999999999999972,0.21000000000000085,0.3100000000000023,0.08305827062219238,1322.1261111111112
45,near_zero,temp_mean_C,38267,38267,46.05504429403925,0.2867165072146551,44.69,45.42,45.64,46.02,46.54,46.69,47.01,46.05440307189234,106.015
45,near_zero,temp_min_C,38267,38267,45.401855384534976,0.30545350140806776,43.0,44.7,45.0,45.4,45.9,46.1,46.4,45.4012681643583,106.015
45,near_zero,temp_max_C,38267,38267,46.53212689784932,0.28537695065746127,45.5,45.9,46.1,46.5,47.0,47.2,47.7,46.53149554308352,106.015
45,near_zero,mean_minus_set_C,38267,38267,1.0550442940392506,0.2867165072146551,-0.3100000000000023,0.4200000000000017,0.6400000000000006,1.0200000000000031,1.5399999999999991,1.6899999999999977,2.009999999999998,1.0544030718923423,106.015
45,near_zero,min_minus_set_C,38267,38267,0.4018553845349779,0.30545350140806776,-2.0,-0.29999999999999716,0.0,0.3999999999999986,0.8999999999999986,1.1000000000000014,1.3999999999999986,0.40126816435829304,106.015
45,near_zero,max_minus_set_C,38267,38267,1.5321268978493214,0.28537695065746127,0.5,0.8999999999999986,1.1000000000000014,1.5,2.0,2.200000000000003,2.700000000000003,1.5314955430835258,106.015
45,near_zero,mean_minus_min_C,38267,38267,0.6531889095042727,0.10210722842491728,0.23000000000000398,0.4299999999999997,0.490000000000002,0.6500000000000057,0.8200000000000003,0.8900000000000006,1.759999999999998,0.6531349075340492,106.015
45,near_zero,max_minus_mean_C,38267,38267,0.47708260381007106,0.08051351253913293,0.20000000000000284,0.29999999999999716,0.3499999999999943,0.4799999999999969,0.6099999999999994,0.6633999999999657,1.4400000000000048,0.4770924711911833,106.015
45,near_zero,spread_C,38267,38267,1.1302715133143437,0.14230313552629928,0.5999999999999943,0.7999999999999972,0.8999999999999986,1.1000000000000014,1.3999999999999986,1.5,3.200000000000003,1.1302273787252326,106.015
45,near_zero,mean_minus_midpoint_C,38267,38267,0.08805315284710089,0.05823753346296179,-0.13000000000000256,-0.04000000000000625,-0.009999999999990905,0.0899999999999963,0.18999999999999773,0.22999999999999687,0.3200000000000003,0.08802121817143302,106.015
