run_id,method,cell_id,target_ordinal,target_cycle,target_discharge_start,input_end,prediction_soh_pp_replayed,prediction_Ah,fallback,updates,runtime_s,evidence,prediction_soh_pp_recorded,target_soh_pp,delta_prediction_pp
M0_history_replay_v1,A_old,102Ah_25degC_0p5C_cell3,1,102,2021-05-22T09:30:15,2021-05-22T09:29:45,100.38788705214621,102.39564479318913,False,5,0.017344041960313916,E3-P1 developmental holdout; target labels stored only in panel_main.csv,100.3878870521462,99.55990196078432,1.4210854715202004e-14
M0_history_replay_v1,A_old,102Ah_25degC_0p5C_cell3,2,504,2021-08-21T21:57:48,2021-08-21T19:27:25,94.90286859403132,96.80092596591194,False,5,0.08504804200492799,E3-P1 developmental holdout; target labels stored only in panel_main.csv,94.90286859403132,96.25078431372548,0.0
M0_history_replay_v1,A_old,102Ah_25degC_0p5C_cell3,3,906,2021-11-22T08:50:02,2021-11-22T08:49:32,92.71066145260562,94.56487468165773,False,5,0.23569604207295924,E3-P1 developmental holdout; target labels stored only in panel_main.csv,92.71066145260562,94.19911764705884,0.0
M0_history_replay_v1,A_old,102Ah_25degC_1C_cell3,1,419,2021-06-25T01:07:26,2021-06-25T01:06:56,101.8986776789057,103.93665123248383,False,5,0.06868979206774384,E3-P1 developmental holdout; target labels stored only in panel_main.csv,101.8986776789057,96.75049019607845,0.0
M0_history_replay_v1,A_old,102Ah_25degC_1C_cell3,2,3095,2022-06-22T01:54:17,2022-06-22T01:53:47,80.71486697411478,82.32916431359709,False,5,0.3347749999957159,E3-P1 developmental holdout; target labels stored only in panel_main.csv,80.71486697411478,85.87411764705882,0.0
M0_history_replay_v1,A_old,102Ah_25degC_1C_cell3,3,4842,2023-01-31T06:01:23,2023-01-31T06:00:53,56.46455526970573,57.59384637509984,False,5,0.5845923749729991,E3-P1 developmental holdout; target labels stored only in panel_main.csv,56.46455526970573,75.55843137254902,0.0
M0_history_replay_v1,A_old,102Ah_35degC_1C_cell1,1,537,2021-07-09T18:08:13,2021-07-09T18:08:12,85.48069874151777,87.19031271634813,False,5,0.08997474994976074,E3-P1 developmental holdout; target labels stored only in panel_main.csv,85.48069874151777,96.17784313725492,0.0
M0_history_replay_v1,A_old,102Ah_35degC_1C_cell1,2,2679,2022-04-22T04:58:47,2022-04-22T04:58:17,92.76042453135965,94.61563302198684,False,5,0.4218734169844538,E3-P1 developmental holdout; target labels stored only in panel_main.csv,92.76042453135965,86.8463725490196,0.0
M0_history_replay_v1,A_old,102Ah_35degC_1C_cell1,3,4820,2023-01-30T07:57:11,2023-01-30T07:56:41,74.91948888766605,76.41787866541937,False,5,0.698940165922977,E3-P1 developmental holdout; target labels stored only in panel_main.csv,74.91948888766605,77.10303921568628,0.0
M0_history_replay_v1,A_old,102Ah_45degC_0p5C_cell3,1,431,2021-08-17T17:42:25,2021-08-17T17:42:24,86.07179630464547,87.79323223073838,False,1,0.09211604192387313,E3-P1 developmental holdout; target labels stored only in panel_main.csv,86.07179630464547,95.52264705882352,0.0
M0_history_replay_v1,A_old,102Ah_45degC_0p5C_cell3,2,2205,2022-10-18T05:37:40,2022-10-18T05:37:10,68.68958020737486,70.06337181152236,False,5,0.43272804096341133,E3-P1 developmental holdout; target labels stored only in panel_main.csv,68.68958020737486,85.1793137254902,0.0
M0_history_replay_v1,A_old,102Ah_45degC_0p5C_cell3,3,3896,2023-10-22T19:42:24,2023-10-22T19:42:23,51.070014841054466,52.09141513787556,False,1,0.8370199169730768,E3-P1 developmental holdout; target labels stored only in panel_main.csv,51.070014841054466,63.80049019607843,0.0
M0_history_replay_v1,A_old,102Ah_45degC_1C_cell1,1,234,2021-05-31T01:16:46,2021-05-31T01:16:16,113.51137900807694,115.78160658823849,False,5,0.05603762506507337,E3-P1 developmental holdout; target labels stored only in panel_main.csv,113.51137900807694,96.93196078431372,0.0
M0_history_replay_v1,A_old,102Ah_45degC_1C_cell1,2,1181,2021-09-28T06:45:16,2021-09-28T06:45:15,105.52705026110137,107.6375912663234,False,3,0.18242916697636247,E3-P1 developmental holdout; target labels stored only in panel_main.csv,105.52705026110137,91.22196078431372,0.0
M0_history_replay_v1,A_old,102Ah_45degC_1C_cell1,3,2164,2022-02-18T18:11:51,2022-02-18T18:11:21,102.61176470588235,104.664,True,0,0.33203979197423905,E3-P1 developmental holdout; target labels stored only in panel_main.csv,102.61176470588236,86.11382352941177,-1.4210854715202004e-14
M0_history_replay_v1,A_old,102Ah_55degC_1C_cell3,1,436,2021-07-08T13:15:21,2021-07-08T13:14:51,115.45757401635511,117.76672549668221,False,3,0.05284391692839563,E3-P1 developmental holdout; target labels stored only in panel_main.csv,115.45757401635512,93.94823529411764,-1.4210854715202004e-14
M0_history_replay_v1,A_old,102Ah_55degC_1C_cell3,2,1312,2021-10-30T11:56:02,2021-10-30T11:55:32,105.7452931763446,107.86019903987149,False,5,0.19031291699502617,E3-P1 developmental holdout; target labels stored only in panel_main.csv,105.7452931763446,86.68480392156862,0.0
M0_history_replay_v1,A_old,102Ah_55degC_1C_cell3,3,2193,2022-02-21T04:47:30,2022-02-21T04:47:00,82.42360869312792,84.07208086699048,False,5,0.35450499993748963,E3-P1 developmental holdout; target labels stored only in panel_main.csv,82.42360869312792,70.57774509803922,0.0
