condition,cell_id,target_ordinal,held_cell,seed,method,target_soh_pp,age_prior_pp,pred_soh_pp,error_pp,late
no_temperature,102Ah_25degC_0p5C_cell3,1,102Ah_25degC_0p5C_cell3,20260928,TCN_finetune_no_temperature,100.56999969482422,96.75743923047568,102.24612674573447,1.676127050910253,False
no_temperature,102Ah_25degC_0p5C_cell3,2,102Ah_25degC_0p5C_cell3,20260928,TCN_finetune_no_temperature,99.88500213623047,95.93491609941987,100.95333727251557,1.0683351362851,False
no_temperature,102Ah_25degC_0p5C_cell3,3,102Ah_25degC_0p5C_cell3,20260928,TCN_finetune_no_temperature,99.38600158691406,95.31777290009894,100.37486842774787,0.9888668408338077,False
no_temperature,102Ah_25degC_0p5C_cell3,4,102Ah_25degC_0p5C_cell3,20260928,TCN_finetune_no_temperature,98.99400329589844,94.79189656506863,99.88343880902615,0.8894355131277081,False
no_temperature,102Ah_25degC_0p5C_cell3,5,102Ah_25degC_0p5C_cell3,20260928,TCN_finetune_no_temperature,98.60199737548828,94.33880243539872,99.474650957585,0.8726535820967172,False
no_temperature,102Ah_25degC_0p5C_cell3,6,102Ah_25degC_0p5C_cell3,20260928,TCN_finetune_no_temperature,98.23500061035156,93.61613704621793,99.138049620986,0.9030490106344331,False
no_temperature,102Ah_25degC_0p5C_cell3,7,102Ah_25degC_0p5C_cell3,20260928,TCN_finetune_no_temperature,97.99299621582031,93.28354866840644,98.86935360767646,0.8763573918561463,False
no_temperature,102Ah_25degC_0p5C_cell3,8,102Ah_25degC_0p5C_cell3,20260928,TCN_finetune_no_temperature,97.70999908447266,92.95861050691084,98.54831740464644,0.8383183201737836,False
no_temperature,102Ah_25degC_0p5C_cell3,9,102Ah_25degC_0p5C_cell3,20260928,TCN_finetune_no_temperature,97.44100189208984,92.66277938359285,98.27959304326082,0.8385911511709736,False
no_temperature,102Ah_25degC_0p5C_cell3,10,102Ah_25degC_0p5C_cell3,20260928,TCN_finetune_no_temperature,97.21199798583984,92.3915860630008,98.00163149604523,0.7896335102053911,False
no_temperature,102Ah_25degC_0p5C_cell3,11,102Ah_25degC_0p5C_cell3,20260928,TCN_finetune_no_temperature,97.0270004272461,92.14179511957782,97.77738376551288,0.7503833382667864,False
no_temperature,102Ah_25degC_0p5C_cell3,12,102Ah_25degC_0p5C_cell3,20260928,TCN_finetune_no_temperature,96.82499694824219,91.894713181247,97.47846152185369,0.653464573611501,False
no_temperature,102Ah_25degC_0p5C_cell3,13,102Ah_25degC_0p5C_cell3,20260928,TCN_finetune_no_temperature,96.65299987792969,91.66542166790288,97.27152413448613,0.6185242565564408,False
no_temperature,102Ah_25degC_0p5C_cell3,14,102Ah_25degC_0p5C_cell3,20260928,TCN_finetune_no_temperature,96.4489974975586,91.43682209469043,97.05010429836474,0.60110680080615,False
no_temperature,102Ah_25degC_0p5C_cell3,15,102Ah_25degC_0p5C_cell3,20260928,TCN_finetune_no_temperature,96.23999786376953,91.21625729966864,96.86119910646185,0.6212012426923224,False
no_temperature,102Ah_25degC_0p5C_cell3,16,102Ah_25degC_0p5C_cell3,20260928,TCN_finetune_no_temperature,96.13400268554688,90.96953409728316,96.58597534713057,0.45197266158369587,False
no_temperature,102Ah_25degC_0p5C_cell3,17,102Ah_25degC_0p5C_cell3,20260928,TCN_finetune_no_temperature,95.9489974975586,90.75270466837634,96.35201458964099,0.40301709208239345,False
no_temperature,102Ah_25degC_0p5C_cell3,18,102Ah_25degC_0p5C_cell3,20260928,TCN_finetune_no_temperature,95.78199768066406,90.55213901292927,96.13412067186482,0.3521229912007584,False
no_temperature,102Ah_25degC_0p5C_cell3,19,102Ah_25degC_0p5C_cell3,20260928,TCN_finetune_no_temperature,95.64299774169922,90.36242067869813,95.94337046202332,0.30037272032410556,False
no_temperature,102Ah_25degC_0p5C_cell3,20,102Ah_25degC_0p5C_cell3,20260928,TCN_finetune_no_temperature,95.46900177001953,90.16157687156401,95.7398206040164,0.27081883399687,False
no_temperature,102Ah_25degC_0p5C_cell3,21,102Ah_25degC_0p5C_cell3,20260928,TCN_finetune_no_temperature,95.31800079345703,89.98033158363374,95.51814095558198,0.20014016212495278,True
no_temperature,102Ah_25degC_0p5C_cell3,22,102Ah_25degC_0p5C_cell3,20260928,TCN_finetune_no_temperature,95.07599639892578,89.60763893211785,95.1651164063305,0.08912000740471626,True
no_temperature,102Ah_25degC_0p5C_cell3,23,102Ah_25degC_0p5C_cell3,20260928,TCN_finetune_no_temperature,94.94400024414062,89.43730029682655,94.98164901356239,0.03764876942176443,True
no_temperature,102Ah_25degC_0p5C_cell3,24,102Ah_25degC_0p5C_cell3,20260928,TCN_finetune_no_temperature,94.75599670410156,89.26402193709966,94.89029032394048,0.13429361983891397,True
no_temperature,102Ah_25degC_0p5C_cell3,25,102Ah_25degC_0p5C_cell3,20260928,TCN_finetune_no_temperature,94.62100219726562,89.08557312370148,94.7333349454483,0.11233274818268058,True
no_temperature,102Ah_25degC_0p5C_cell3,26,102Ah_25degC_0p5C_cell3,20260928,TCN_finetune_no_temperature,94.56600189208984,88.88923518712978,94.39854972417812,-0.16745216791171913,True
no_temperature,102Ah_25degC_0p5C_cell3,27,102Ah_25degC_0p5C_cell3,20260928,TCN_finetune_no_temperature,94.41799926757812,88.72454800602628,94.2476088046713,-0.17039046290682336,True
no_temperature,102Ah_25degC_0p5C_cell3,28,102Ah_25degC_0p5C_cell3,20260928,TCN_finetune_no_temperature,94.23799896240234,88.56171585258448,94.11149240669215,-0.12650655571019342,True
no_temperature,102Ah_25degC_0p5C_cell3,29,102Ah_25degC_0p5C_cell3,20260928,TCN_finetune_no_temperature,94.03500366210938,88.40571445820576,94.07567066548116,0.0406670033717802,True
no_temperature,102Ah_25degC_0p5C_cell3,30,102Ah_25degC_0p5C_cell3,20260928,TCN_finetune_no_temperature,93.9749984741211,88.24716619448404,93.83912710146646,-0.13587137265463411,True
no_temperature,102Ah_25degC_0p5C_cell3,1,102Ah_25degC_0p5C_cell3,20260929,TCN_finetune_no_temperature,100.56999969482422,96.75743923047568,102.70430955747153,2.1343098626473136,False
no_temperature,102Ah_25degC_0p5C_cell3,2,102Ah_25degC_0p5C_cell3,20260929,TCN_finetune_no_temperature,99.88500213623047,95.93491609941987,101.64831789385346,1.7633157576229905,False
no_temperature,102Ah_25degC_0p5C_cell3,3,102Ah_25degC_0p5C_cell3,20260929,TCN_finetune_no_temperature,99.38600158691406,95.31777290009894,101.08929351472297,1.7032919278089054,False
no_temperature,102Ah_25degC_0p5C_cell3,4,102Ah_25degC_0p5C_cell3,20260929,TCN_finetune_no_temperature,98.99400329589844,94.79189656506863,100.64428828488674,1.6502849889883038,False
no_temperature,102Ah_25degC_0p5C_cell3,5,102Ah_25degC_0p5C_cell3,20260929,TCN_finetune_no_temperature,98.60199737548828,94.33880243539872,100.27762804269852,1.6756306672102426,False
no_temperature,102Ah_25degC_0p5C_cell3,6,102Ah_25degC_0p5C_cell3,20260929,TCN_finetune_no_temperature,98.23500061035156,93.61613704621793,99.77858402192594,1.5435834115743745,False
no_temperature,102Ah_25degC_0p5C_cell3,7,102Ah_25degC_0p5C_cell3,20260929,TCN_finetune_no_temperature,97.99299621582031,93.28354866840644,99.52171309330268,1.528716877482367,False
no_temperature,102Ah_25degC_0p5C_cell3,8,102Ah_25degC_0p5C_cell3,20260929,TCN_finetune_no_temperature,97.70999908447266,92.95861050691084,99.19850918855147,1.488510104078813,False
no_temperature,102Ah_25degC_0p5C_cell3,9,102Ah_25degC_0p5C_cell3,20260929,TCN_finetune_no_temperature,97.44100189208984,92.66277938359285,98.94663720601106,1.5056353139212177,False
no_temperature,102Ah_25degC_0p5C_cell3,10,102Ah_25degC_0p5C_cell3,20260929,TCN_finetune_no_temperature,97.21199798583984,92.3915860630008,98.66599774131501,1.4539997554751665,False
no_temperature,102Ah_25degC_0p5C_cell3,11,102Ah_25degC_0p5C_cell3,20260929,TCN_finetune_no_temperature,97.0270004272461,92.14179511957782,98.42714019709247,1.4001397698463762,False
no_temperature,102Ah_25degC_0p5C_cell3,12,102Ah_25degC_0p5C_cell3,20260929,TCN_finetune_no_temperature,96.82499694824219,91.894713181247,98.17477299570012,1.3497760474579366,False
no_temperature,102Ah_25degC_0p5C_cell3,13,102Ah_25degC_0p5C_cell3,20260929,TCN_finetune_no_temperature,96.65299987792969,91.66542166790288,97.9593769939832,1.3063771160535111,False
no_temperature,102Ah_25degC_0p5C_cell3,14,102Ah_25degC_0p5C_cell3,20260929,TCN_finetune_no_temperature,96.4489974975586,91.43682209469043,97.74408260799609,1.2950851104374976,False
no_temperature,102Ah_25degC_0p5C_cell3,15,102Ah_25degC_0p5C_cell3,20260929,TCN_finetune_no_temperature,96.23999786376953,91.21625729966864,97.5583922522138,1.3183943884442755,False
no_temperature,102Ah_25degC_0p5C_cell3,16,102Ah_25degC_0p5C_cell3,20260929,TCN_finetune_no_temperature,96.13400268554688,90.96953409728316,97.30901306685713,1.1750103813102584,False
no_temperature,102Ah_25degC_0p5C_cell3,17,102Ah_25degC_0p5C_cell3,20260929,TCN_finetune_no_temperature,95.9489974975586,90.75270466837634,97.06214528116931,1.1131477836107138,False
no_temperature,102Ah_25degC_0p5C_cell3,18,102Ah_25degC_0p5C_cell3,20260929,TCN_finetune_no_temperature,95.78199768066406,90.55213901292927,96.84918472063191,1.0671870399678482,False
no_temperature,102Ah_25degC_0p5C_cell3,19,102Ah_25degC_0p5C_cell3,20260929,TCN_finetune_no_temperature,95.64299774169922,90.36242067869813,96.64582312163026,1.0028253799310392,False
no_temperature,102Ah_25degC_0p5C_cell3,20,102Ah_25degC_0p5C_cell3,20260929,TCN_finetune_no_temperature,95.46900177001953,90.16157687156401,96.45401585548125,0.9850140854617138,False
no_temperature,102Ah_25degC_0p5C_cell3,21,102Ah_25degC_0p5C_cell3,20260929,TCN_finetune_no_temperature,95.31800079345703,89.98033158363374,96.22915856422456,0.9111577707675309,True
no_temperature,102Ah_25degC_0p5C_cell3,22,102Ah_25degC_0p5C_cell3,20260929,TCN_finetune_no_temperature,95.07599639892578,89.60763893211785,95.88547096336785,0.8094745644420698,True
no_temperature,102Ah_25degC_0p5C_cell3,23,102Ah_25degC_0p5C_cell3,20260929,TCN_finetune_no_temperature,94.94400024414062,89.43730029682655,95.69074210743446,0.7467418632938347,True
no_temperature,102Ah_25degC_0p5C_cell3,24,102Ah_25degC_0p5C_cell3,20260929,TCN_finetune_no_temperature,94.75599670410156,89.26402193709966,95.59817797347661,0.8421812693750468,True
no_temperature,102Ah_25degC_0p5C_cell3,25,102Ah_25degC_0p5C_cell3,20260929,TCN_finetune_no_temperature,94.62100219726562,89.08557312370148,95.40793268562165,0.7869304883560204,True
no_temperature,102Ah_25degC_0p5C_cell3,26,102Ah_25degC_0p5C_cell3,20260929,TCN_finetune_no_temperature,94.56600189208984,88.88923518712978,95.10526149328213,0.5392596011922848,True
no_temperature,102Ah_25degC_0p5C_cell3,27,102Ah_25degC_0p5C_cell3,20260929,TCN_finetune_no_temperature,94.41799926757812,88.72454800602628,94.94444622990324,0.5264469623251102,True
no_temperature,102Ah_25degC_0p5C_cell3,28,102Ah_25degC_0p5C_cell3,20260929,TCN_finetune_no_temperature,94.23799896240234,88.56171585258448,94.7904241197964,0.5524251573940546,True
no_temperature,102Ah_25degC_0p5C_cell3,29,102Ah_25degC_0p5C_cell3,20260929,TCN_finetune_no_temperature,94.03500366210938,88.40571445820576,94.72850937245137,0.693505710341995,True
no_temperature,102Ah_25degC_0p5C_cell3,30,102Ah_25degC_0p5C_cell3,20260929,TCN_finetune_no_temperature,93.9749984741211,88.24716619448404,94.4916735072587,0.5166750331376022,True
no_temperature,102Ah_25degC_0p5C_cell3,1,102Ah_25degC_0p5C_cell3,20260930,TCN_finetune_no_temperature,100.56999969482422,96.75743923047568,103.71416482785727,3.144165133033056,False
no_temperature,102Ah_25degC_0p5C_cell3,2,102Ah_25degC_0p5C_cell3,20260930,TCN_finetune_no_temperature,99.88500213623047,95.93491609941987,102.45587404619721,2.5708719099667405,False
no_temperature,102Ah_25degC_0p5C_cell3,3,102Ah_25degC_0p5C_cell3,20260930,TCN_finetune_no_temperature,99.38600158691406,95.31777290009894,101.75608018540778,2.37007859849372,False
no_temperature,102Ah_25degC_0p5C_cell3,4,102Ah_25degC_0p5C_cell3,20260930,TCN_finetune_no_temperature,98.99400329589844,94.79189656506863,101.18716262112942,2.1931593252309796,False
no_temperature,102Ah_25degC_0p5C_cell3,5,102Ah_25degC_0p5C_cell3,20260930,TCN_finetune_no_temperature,98.60199737548828,94.33880243539872,100.73018274545731,2.1281853699690316,False
no_temperature,102Ah_25degC_0p5C_cell3,6,102Ah_25degC_0p5C_cell3,20260930,TCN_finetune_no_temperature,98.23500061035156,93.61613704621793,100.07879402101041,1.8437934106588472,False
no_temperature,102Ah_25degC_0p5C_cell3,7,102Ah_25degC_0p5C_cell3,20260930,TCN_finetune_no_temperature,97.99299621582031,93.28354866840644,99.76794989445014,1.774953678629828,False
no_temperature,102Ah_25degC_0p5C_cell3,8,102Ah_25degC_0p5C_cell3,20260930,TCN_finetune_no_temperature,97.70999908447266,92.95861050691084,99.39495608415083,1.6849569996781781,False
no_temperature,102Ah_25degC_0p5C_cell3,9,102Ah_25degC_0p5C_cell3,20260930,TCN_finetune_no_temperature,97.44100189208984,92.66277938359285,99.0877123402884,1.6467104481985615,False
no_temperature,102Ah_25degC_0p5C_cell3,10,102Ah_25degC_0p5C_cell3,20260930,TCN_finetune_no_temperature,97.21199798583984,92.3915860630008,98.75031208762849,1.538314101788643,False
no_temperature,102Ah_25degC_0p5C_cell3,11,102Ah_25degC_0p5C_cell3,20260930,TCN_finetune_no_temperature,97.0270004272461,92.14179511957782,98.49496456080097,1.4679641335548723,False
no_temperature,102Ah_25degC_0p5C_cell3,12,102Ah_25degC_0p5C_cell3,20260930,TCN_finetune_no_temperature,96.82499694824219,91.894713181247,98.15832878946233,1.3333318412201436,False
no_temperature,102Ah_25degC_0p5C_cell3,13,102Ah_25degC_0p5C_cell3,20260930,TCN_finetune_no_temperature,96.65299987792969,91.66542166790288,97.92385691723149,1.2708570393018022,False
no_temperature,102Ah_25degC_0p5C_cell3,14,102Ah_25degC_0p5C_cell3,20260930,TCN_finetune_no_temperature,96.4489974975586,91.43682209469043,97.66224113918506,1.2132436416264625,False
no_temperature,102Ah_25degC_0p5C_cell3,15,102Ah_25degC_0p5C_cell3,20260930,TCN_finetune_no_temperature,96.23999786376953,91.21625729966864,97.45896121431097,1.2189633505414434,False
no_temperature,102Ah_25degC_0p5C_cell3,16,102Ah_25degC_0p5C_cell3,20260930,TCN_finetune_no_temperature,96.13400268554688,90.96953409728316,97.13888758239058,1.0048848968437056,False
no_temperature,102Ah_25degC_0p5C_cell3,17,102Ah_25degC_0p5C_cell3,20260930,TCN_finetune_no_temperature,95.9489974975586,90.75270466837634,96.85957055124987,0.9105730536912802,False
no_temperature,102Ah_25degC_0p5C_cell3,18,102Ah_25degC_0p5C_cell3,20260930,TCN_finetune_no_temperature,95.78199768066406,90.55213901292927,96.6167013336385,0.83470365297444,False
no_temperature,102Ah_25degC_0p5C_cell3,19,102Ah_25degC_0p5C_cell3,20260930,TCN_finetune_no_temperature,95.64299774169922,90.36242067869813,96.3726497894159,0.7296520477166837,False
no_temperature,102Ah_25degC_0p5C_cell3,20,102Ah_25degC_0p5C_cell3,20260930,TCN_finetune_no_temperature,95.46900177001953,90.16157687156401,96.1578761383792,0.688874368359663,False
no_temperature,102Ah_25degC_0p5C_cell3,21,102Ah_25degC_0p5C_cell3,20260930,TCN_finetune_no_temperature,95.31800079345703,89.98033158363374,95.87863461555513,0.5606338220980973,True
no_temperature,102Ah_25degC_0p5C_cell3,22,102Ah_25degC_0p5C_cell3,20260930,TCN_finetune_no_temperature,95.07599639892578,89.60763893211785,95.49937257851067,0.42337617958489204,True
no_temperature,102Ah_25degC_0p5C_cell3,23,102Ah_25degC_0p5C_cell3,20260930,TCN_finetune_no_temperature,94.94400024414062,89.43730029682655,95.26349410633583,0.3194938621952019,True
no_temperature,102Ah_25degC_0p5C_cell3,24,102Ah_25degC_0p5C_cell3,20260930,TCN_finetune_no_temperature,94.75599670410156,89.26402193709966,95.172506396023,0.4165096919214335,True
no_temperature,102Ah_25degC_0p5C_cell3,25,102Ah_25degC_0p5C_cell3,20260930,TCN_finetune_no_temperature,94.62100219726562,89.08557312370148,94.97987263084259,0.3588704335769677,True
no_temperature,102Ah_25degC_0p5C_cell3,26,102Ah_25degC_0p5C_cell3,20260930,TCN_finetune_no_temperature,94.56600189208984,88.88923518712978,94.5863067394064,0.020304847316552355,True
no_temperature,102Ah_25degC_0p5C_cell3,27,102Ah_25degC_0p5C_cell3,20260930,TCN_finetune_no_temperature,94.41799926757812,88.72454800602628,94.43847861286832,0.020479345290198125,True
no_temperature,102Ah_25degC_0p5C_cell3,28,102Ah_25degC_0p5C_cell3,20260930,TCN_finetune_no_temperature,94.23799896240234,88.56171585258448,94.25811792549098,0.0201189630886347,True
no_temperature,102Ah_25degC_0p5C_cell3,29,102Ah_25degC_0p5C_cell3,20260930,TCN_finetune_no_temperature,94.03500366210938,88.40571445820576,94.22662729618794,0.1916236340785673,True
no_temperature,102Ah_25degC_0p5C_cell3,30,102Ah_25degC_0p5C_cell3,20260930,TCN_finetune_no_temperature,93.9749984741211,88.24716619448404,93.94912580446939,-0.025872669651704427,True
no_temperature,102Ah_25degC_1C_cell3,1,102Ah_25degC_1C_cell3,20260928,TCN_finetune_no_temperature,98.41600036621094,96.62647977902634,99.07365552022202,0.6576551540110813,False
no_temperature,102Ah_25degC_1C_cell3,2,102Ah_25degC_1C_cell3,20260928,TCN_finetune_no_temperature,97.31300354003906,95.3916353175274,97.81966318579828,0.5066596457592141,False
no_temperature,102Ah_25degC_1C_cell3,3,102Ah_25degC_1C_cell3,20260928,TCN_finetune_no_temperature,96.4530029296875,94.33154020773148,96.89493427740311,0.4419313477156095,False
no_temperature,102Ah_25degC_1C_cell3,4,102Ah_25degC_1C_cell3,20260928,TCN_finetune_no_temperature,95.68499755859375,93.45431806650419,96.0023098191287,0.31731226053494765,False
no_temperature,102Ah_25degC_1C_cell3,5,102Ah_25degC_1C_cell3,20260928,TCN_finetune_no_temperature,95.03199768066406,92.72789806874438,95.30549950154467,0.27350182088061104,False
no_temperature,102Ah_25degC_1C_cell3,6,102Ah_25degC_1C_cell3,20260928,TCN_finetune_no_temperature,94.38700103759766,92.03031776003762,94.67472908549233,0.28772804789467443,False
no_temperature,102Ah_25degC_1C_cell3,7,102Ah_25degC_1C_cell3,20260928,TCN_finetune_no_temperature,93.83999633789062,91.38897846567998,94.05078409541021,0.2107877575195829,False
no_temperature,102Ah_25degC_1C_cell3,8,102Ah_25degC_1C_cell3,20260928,TCN_finetune_no_temperature,91.2229995727539,89.23543534253068,92.50519881222672,1.282199239472817,False
no_temperature,102Ah_25degC_1C_cell3,9,102Ah_25degC_1C_cell3,20260928,TCN_finetune_no_temperature,90.68099975585938,88.73984462303659,92.42232090515634,1.7413211492969651,False
no_temperature,102Ah_25degC_1C_cell3,10,102Ah_25degC_1C_cell3,20260928,TCN_finetune_no_temperature,90.1449966430664,88.25372003736965,92.40373491468898,2.258738271622576,False
no_temperature,102Ah_25degC_1C_cell3,11,102Ah_25degC_1C_cell3,20260928,TCN_finetune_no_temperature,88.09100341796875,86.56503140775571,90.21913945524106,2.128136037272313,False
no_temperature,102Ah_25degC_1C_cell3,12,102Ah_25degC_1C_cell3,20260928,TCN_finetune_no_temperature,87.63400268554688,86.11556556058389,89.94852139783364,2.3145187122867696,False
no_temperature,102Ah_25degC_1C_cell3,13,102Ah_25degC_1C_cell3,20260928,TCN_finetune_no_temperature,87.18599700927734,85.57160491516399,88.62455458214092,1.4385575728635729,False
no_temperature,102Ah_25degC_1C_cell3,14,102Ah_25degC_1C_cell3,20260928,TCN_finetune_no_temperature,86.58999633789062,85.13485201545978,88.97005852409626,2.3800621862056346,False
no_temperature,102Ah_25degC_1C_cell3,15,102Ah_25degC_1C_cell3,20260928,TCN_finetune_no_temperature,86.05999755859375,84.63890027834836,88.68219852282468,2.6222009642309274,False
no_temperature,102Ah_25degC_1C_cell3,16,102Ah_25degC_1C_cell3,20260928,TCN_finetune_no_temperature,85.61100006103516,84.21618827380864,88.36744245090215,2.75644238986699,False
no_temperature,102Ah_25degC_1C_cell3,17,102Ah_25degC_1C_cell3,20260928,TCN_finetune_no_temperature,85.11399841308594,83.75602420218773,87.68541224845238,2.5714138353664424,False
no_temperature,102Ah_25degC_1C_cell3,18,102Ah_25degC_1C_cell3,20260928,TCN_finetune_no_temperature,84.61499786376953,83.3351756970516,87.26475614710958,2.6497582833400486,False
no_temperature,102Ah_25degC_1C_cell3,19,102Ah_25degC_1C_cell3,20260928,TCN_finetune_no_temperature,84.04299926757812,82.86704628446107,87.20641653516297,3.1634172675848475,False
no_temperature,102Ah_25degC_1C_cell3,20,102Ah_25degC_1C_cell3,20260928,TCN_finetune_no_temperature,83.4729995727539,82.45599987344066,86.57544901208202,3.1024494393281117,False
no_temperature,102Ah_25degC_1C_cell3,21,102Ah_25degC_1C_cell3,20260928,TCN_finetune_no_temperature,82.83499908447266,82.0401522930145,85.96997974472043,3.134980660247777,True
no_temperature,102Ah_25degC_1C_cell3,22,102Ah_25degC_1C_cell3,20260928,TCN_finetune_no_temperature,81.96099853515625,81.5004407959345,85.61583300403386,3.6548344688776098,True
no_temperature,102Ah_25degC_1C_cell3,23,102Ah_25degC_1C_cell3,20260928,TCN_finetune_no_temperature,81.24099731445312,81.08594092612731,85.00598630195128,3.764988987498157,True
no_temperature,102Ah_25degC_1C_cell3,24,102Ah_25degC_1C_cell3,20260928,TCN_finetune_no_temperature,80.47200012207031,80.67903655458385,84.61652630258494,4.144526180514632,True
no_temperature,102Ah_25degC_1C_cell3,25,102Ah_25degC_1C_cell3,20260928,TCN_finetune_no_temperature,79.60600280761719,80.27950149919174,83.93745666886947,4.331453861252285,True
no_temperature,102Ah_25degC_1C_cell3,26,102Ah_25degC_1C_cell3,20260928,TCN_finetune_no_temperature,78.64800262451172,79.88678301392831,83.32822884141244,4.680226216900721,True
no_temperature,102Ah_25degC_1C_cell3,27,102Ah_25degC_1C_cell3,20260928,TCN_finetune_no_temperature,77.54900360107422,79.48402935267305,83.27839332819795,5.729389727123731,True
no_temperature,102Ah_25degC_1C_cell3,28,102Ah_25degC_1C_cell3,20260928,TCN_finetune_no_temperature,76.2040023803711,79.07683184232019,82.70866181935571,6.504659438984618,True
no_temperature,102Ah_25degC_1C_cell3,29,102Ah_25degC_1C_cell3,20260928,TCN_finetune_no_temperature,73.37999725341797,76.26352471915823,79.10545749274831,5.725460239330346,True
no_temperature,102Ah_25degC_1C_cell3,30,102Ah_25degC_1C_cell3,20260928,TCN_finetune_no_temperature,70.85399627685547,76.48610142368464,79.33420017856746,8.480203901711988,True
no_temperature,102Ah_25degC_1C_cell3,1,102Ah_25degC_1C_cell3,20260929,TCN_finetune_no_temperature,98.41600036621094,96.62647977902634,98.04306772782547,-0.3729326383854641,False
no_temperature,102Ah_25degC_1C_cell3,2,102Ah_25degC_1C_cell3,20260929,TCN_finetune_no_temperature,97.31300354003906,95.3916353175274,96.91446747275506,-0.3985360672839988,False
no_temperature,102Ah_25degC_1C_cell3,3,102Ah_25degC_1C_cell3,20260929,TCN_finetune_no_temperature,96.4530029296875,94.33154020773148,96.09991417394852,-0.35308875573898035,False
no_temperature,102Ah_25degC_1C_cell3,4,102Ah_25degC_1C_cell3,20260929,TCN_finetune_no_temperature,95.68499755859375,93.45431806650419,95.33079328146238,-0.35420427713137315,False
no_temperature,102Ah_25degC_1C_cell3,5,102Ah_25degC_1C_cell3,20260929,TCN_finetune_no_temperature,95.03199768066406,92.72789806874438,94.75984878094836,-0.27214889971570244,False
no_temperature,102Ah_25degC_1C_cell3,6,102Ah_25degC_1C_cell3,20260929,TCN_finetune_no_temperature,94.38700103759766,92.03031776003762,94.18537042193337,-0.20163061566428553,False
no_temperature,102Ah_25degC_1C_cell3,7,102Ah_25degC_1C_cell3,20260929,TCN_finetune_no_temperature,93.83999633789062,91.38897846567998,93.66836212504278,-0.17163421284784874,False
no_temperature,102Ah_25degC_1C_cell3,8,102Ah_25degC_1C_cell3,20260929,TCN_finetune_no_temperature,91.2229995727539,89.23543534253068,91.70940742466874,0.4864078519148336,False
no_temperature,102Ah_25degC_1C_cell3,9,102Ah_25degC_1C_cell3,20260929,TCN_finetune_no_temperature,90.68099975585938,88.73984462303659,91.46862417740365,0.7876244215442796,False
no_temperature,102Ah_25degC_1C_cell3,10,102Ah_25degC_1C_cell3,20260929,TCN_finetune_no_temperature,90.1449966430664,88.25372003736965,91.2208037299203,1.0758070868538994,False
no_temperature,102Ah_25degC_1C_cell3,11,102Ah_25degC_1C_cell3,20260929,TCN_finetune_no_temperature,88.09100341796875,86.56503140775571,88.87831175176511,0.7873083337963607,False
no_temperature,102Ah_25degC_1C_cell3,12,102Ah_25degC_1C_cell3,20260929,TCN_finetune_no_temperature,87.63400268554688,86.11556556058389,88.69757058454019,1.0635678989933126,False
no_temperature,102Ah_25degC_1C_cell3,13,102Ah_25degC_1C_cell3,20260929,TCN_finetune_no_temperature,87.18599700927734,85.57160491516399,87.55024654438304,0.36424953510569935,False
no_temperature,102Ah_25degC_1C_cell3,14,102Ah_25degC_1C_cell3,20260929,TCN_finetune_no_temperature,86.58999633789062,85.13485201545978,87.58216890045429,0.9921725625636668,False
no_temperature,102Ah_25degC_1C_cell3,15,102Ah_25degC_1C_cell3,20260929,TCN_finetune_no_temperature,86.05999755859375,84.63890027834836,87.125647781629,1.0656502230352487,False
no_temperature,102Ah_25degC_1C_cell3,16,102Ah_25degC_1C_cell3,20260929,TCN_finetune_no_temperature,85.61100006103516,84.21618827380864,86.87568601169316,1.2646859506580057,False
no_temperature,102Ah_25degC_1C_cell3,17,102Ah_25degC_1C_cell3,20260929,TCN_finetune_no_temperature,85.11399841308594,83.75602420218773,86.08476456054039,0.9707661474544551,False
no_temperature,102Ah_25degC_1C_cell3,18,102Ah_25degC_1C_cell3,20260929,TCN_finetune_no_temperature,84.61499786376953,83.3351756970516,85.55223435565145,0.9372364918819187,False
no_temperature,102Ah_25degC_1C_cell3,19,102Ah_25degC_1C_cell3,20260929,TCN_finetune_no_temperature,84.04299926757812,82.86704628446107,85.33626573064332,1.2932664630651942,False
no_temperature,102Ah_25degC_1C_cell3,20,102Ah_25degC_1C_cell3,20260929,TCN_finetune_no_temperature,83.4729995727539,82.45599987344066,84.69744589165965,1.2244463189057484,False
no_temperature,102Ah_25degC_1C_cell3,21,102Ah_25degC_1C_cell3,20260929,TCN_finetune_no_temperature,82.83499908447266,82.0401522930145,84.0259294326782,1.1909303482055407,True
no_temperature,102Ah_25degC_1C_cell3,22,102Ah_25degC_1C_cell3,20260929,TCN_finetune_no_temperature,81.96099853515625,81.5004407959345,83.58176084331303,1.6207623081567846,True
no_temperature,102Ah_25degC_1C_cell3,23,102Ah_25degC_1C_cell3,20260929,TCN_finetune_no_temperature,81.24099731445312,81.08594092612731,83.04141661410796,1.800419299654834,True
no_temperature,102Ah_25degC_1C_cell3,24,102Ah_25degC_1C_cell3,20260929,TCN_finetune_no_temperature,80.47200012207031,80.67903655458385,82.6421136229127,2.1701135008423904,True
no_temperature,102Ah_25degC_1C_cell3,25,102Ah_25degC_1C_cell3,20260929,TCN_finetune_no_temperature,79.60600280761719,80.27950149919174,82.13957232381485,2.533569516197659,True
no_temperature,102Ah_25degC_1C_cell3,26,102Ah_25degC_1C_cell3,20260929,TCN_finetune_no_temperature,78.64800262451172,79.88678301392831,81.6370227438096,2.9890201192978765,True
no_temperature,102Ah_25degC_1C_cell3,27,102Ah_25degC_1C_cell3,20260929,TCN_finetune_no_temperature,77.54900360107422,79.48402935267305,81.3485763669095,3.799572765835279,True
no_temperature,102Ah_25degC_1C_cell3,28,102Ah_25degC_1C_cell3,20260929,TCN_finetune_no_temperature,76.2040023803711,79.07683184232019,81.00648465241693,4.802482272045836,True
no_temperature,102Ah_25degC_1C_cell3,29,102Ah_25degC_1C_cell3,20260929,TCN_finetune_no_temperature,73.37999725341797,76.26352471915823,76.35704540518861,2.9770481517706457,True
no_temperature,102Ah_25degC_1C_cell3,30,102Ah_25degC_1C_cell3,20260929,TCN_finetune_no_temperature,70.85399627685547,76.48610142368464,76.91160285967975,6.0576065828242776,True
no_temperature,102Ah_25degC_1C_cell3,1,102Ah_25degC_1C_cell3,20260930,TCN_finetune_no_temperature,98.41600036621094,96.62647977902634,98.62300435139878,0.20700398518783913,False
no_temperature,102Ah_25degC_1C_cell3,2,102Ah_25degC_1C_cell3,20260930,TCN_finetune_no_temperature,97.31300354003906,95.3916353175274,97.57370795699273,0.2607044169536721,False
no_temperature,102Ah_25degC_1C_cell3,3,102Ah_25degC_1C_cell3,20260930,TCN_finetune_no_temperature,96.4530029296875,94.33154020773148,96.76290927396988,0.30990634428238195,False
no_temperature,102Ah_25degC_1C_cell3,4,102Ah_25degC_1C_cell3,20260930,TCN_finetune_no_temperature,95.68499755859375,93.45431806650419,95.99133112039823,0.3063335618044789,False
no_temperature,102Ah_25degC_1C_cell3,5,102Ah_25degC_1C_cell3,20260930,TCN_finetune_no_temperature,95.03199768066406,92.72789806874438,95.33983773739978,0.3078400567357136,False
no_temperature,102Ah_25degC_1C_cell3,6,102Ah_25degC_1C_cell3,20260930,TCN_finetune_no_temperature,94.38700103759766,92.03031776003762,94.7395875220768,0.3525864844791471,False
no_temperature,102Ah_25degC_1C_cell3,7,102Ah_25degC_1C_cell3,20260930,TCN_finetune_no_temperature,93.83999633789062,91.38897846567998,94.17533443797002,0.33533810007939735,False
no_temperature,102Ah_25degC_1C_cell3,8,102Ah_25degC_1C_cell3,20260930,TCN_finetune_no_temperature,91.2229995727539,89.23543534253068,92.65556631062455,1.4325667378706441,False
no_temperature,102Ah_25degC_1C_cell3,9,102Ah_25degC_1C_cell3,20260930,TCN_finetune_no_temperature,90.68099975585938,88.73984462303659,92.44159966988107,1.7605999140216966,False
no_temperature,102Ah_25degC_1C_cell3,10,102Ah_25degC_1C_cell3,20260930,TCN_finetune_no_temperature,90.1449966430664,88.25372003736965,92.23500489416591,2.090008251099505,False
no_temperature,102Ah_25degC_1C_cell3,11,102Ah_25degC_1C_cell3,20260930,TCN_finetune_no_temperature,88.09100341796875,86.56503140775571,90.25190913526426,2.160905717295506,False
no_temperature,102Ah_25degC_1C_cell3,12,102Ah_25degC_1C_cell3,20260930,TCN_finetune_no_temperature,87.63400268554688,86.11556556058389,89.86658956838113,2.232586882834255,False
no_temperature,102Ah_25degC_1C_cell3,13,102Ah_25degC_1C_cell3,20260930,TCN_finetune_no_temperature,87.18599700927734,85.57160491516399,88.71975059082317,1.5337535815458239,False
no_temperature,102Ah_25degC_1C_cell3,14,102Ah_25degC_1C_cell3,20260930,TCN_finetune_no_temperature,86.58999633789062,85.13485201545978,88.70393999763752,2.1139436597468944,False
no_temperature,102Ah_25degC_1C_cell3,15,102Ah_25degC_1C_cell3,20260930,TCN_finetune_no_temperature,86.05999755859375,84.63890027834836,88.15451049639645,2.0945129378027048,False
no_temperature,102Ah_25degC_1C_cell3,16,102Ah_25degC_1C_cell3,20260930,TCN_finetune_no_temperature,85.61100006103516,84.21618827380864,87.88860662975041,2.2776065687152567,False
no_temperature,102Ah_25degC_1C_cell3,17,102Ah_25degC_1C_cell3,20260930,TCN_finetune_no_temperature,85.11399841308594,83.75602420218773,87.12043364890404,2.0064352358181026,False
no_temperature,102Ah_25degC_1C_cell3,18,102Ah_25degC_1C_cell3,20260930,TCN_finetune_no_temperature,84.61499786376953,83.3351756970516,86.5594803731075,1.9444825093379734,False
no_temperature,102Ah_25degC_1C_cell3,19,102Ah_25degC_1C_cell3,20260930,TCN_finetune_no_temperature,84.04299926757812,82.86704628446107,86.34031741597657,2.297318148398446,False
no_temperature,102Ah_25degC_1C_cell3,20,102Ah_25degC_1C_cell3,20260930,TCN_finetune_no_temperature,83.4729995727539,82.45599987344066,85.62490584687511,2.1519062741212025,False
no_temperature,102Ah_25degC_1C_cell3,21,102Ah_25degC_1C_cell3,20260930,TCN_finetune_no_temperature,82.83499908447266,82.0401522930145,84.81788323478696,1.9828841503143053,True
no_temperature,102Ah_25degC_1C_cell3,22,102Ah_25degC_1C_cell3,20260930,TCN_finetune_no_temperature,81.96099853515625,81.5004407959345,84.37842579654485,2.417427261388596,True
no_temperature,102Ah_25degC_1C_cell3,23,102Ah_25degC_1C_cell3,20260930,TCN_finetune_no_temperature,81.24099731445312,81.08594092612731,83.78114089255797,2.5401435781048463,True
no_temperature,102Ah_25degC_1C_cell3,24,102Ah_25degC_1C_cell3,20260930,TCN_finetune_no_temperature,80.47200012207031,80.67903655458385,83.32967561174327,2.857675489672957,True
no_temperature,102Ah_25degC_1C_cell3,25,102Ah_25degC_1C_cell3,20260930,TCN_finetune_no_temperature,79.60600280761719,80.27950149919174,82.80188518907211,3.195882381454922,True
no_temperature,102Ah_25degC_1C_cell3,26,102Ah_25degC_1C_cell3,20260930,TCN_finetune_no_temperature,78.64800262451172,79.88678301392831,82.21734870492257,3.5693460804108526,True
no_temperature,102Ah_25degC_1C_cell3,27,102Ah_25degC_1C_cell3,20260930,TCN_finetune_no_temperature,77.54900360107422,79.48402935267305,81.8151028752408,4.266099274166578,True
no_temperature,102Ah_25degC_1C_cell3,28,102Ah_25degC_1C_cell3,20260930,TCN_finetune_no_temperature,76.2040023803711,79.07683184232019,81.53719928349756,5.333196903126463,True
no_temperature,102Ah_25degC_1C_cell3,29,102Ah_25degC_1C_cell3,20260930,TCN_finetune_no_temperature,73.37999725341797,76.26352471915823,76.68997482267957,3.309977569261605,True
no_temperature,102Ah_25degC_1C_cell3,30,102Ah_25degC_1C_cell3,20260930,TCN_finetune_no_temperature,70.85399627685547,76.48610142368464,77.29877451557307,6.444778238717603,True
no_temperature,102Ah_35degC_1C_cell1,1,102Ah_35degC_1C_cell1,20260928,TCN_finetune_no_temperature,97.94400024414062,95.72975258021327,98.20936564593288,0.265365401792252,False
no_temperature,102Ah_35degC_1C_cell1,2,102Ah_35degC_1C_cell1,20260928,TCN_finetune_no_temperature,96.74600219726562,94.21887608614719,96.78657408800876,0.04057189074313783,False
no_temperature,102Ah_35degC_1C_cell1,3,102Ah_35degC_1C_cell1,20260928,TCN_finetune_no_temperature,95.83999633789062,93.05600205519329,95.59200612166057,-0.24799021623005046,False
no_temperature,102Ah_35degC_1C_cell1,4,102Ah_35degC_1C_cell1,20260928,TCN_finetune_no_temperature,95.05000305175781,92.04675149893072,94.67763900732305,-0.3723640444347609,False
no_temperature,102Ah_35degC_1C_cell1,5,102Ah_35degC_1C_cell1,20260928,TCN_finetune_no_temperature,94.32499694824219,91.11831017449435,93.72405620530185,-0.6009407429403382,False
no_temperature,102Ah_35degC_1C_cell1,6,102Ah_35degC_1C_cell1,20260928,TCN_finetune_no_temperature,93.59500122070312,90.22724954138003,92.83717504987918,-0.7578261708239467,False
no_temperature,102Ah_35degC_1C_cell1,7,102Ah_35degC_1C_cell1,20260928,TCN_finetune_no_temperature,92.85199737548828,89.25672778101568,91.81052097292547,-1.0414764025628074,False
no_temperature,102Ah_35degC_1C_cell1,8,102Ah_35degC_1C_cell1,20260928,TCN_finetune_no_temperature,92.20700073242188,88.46991194671672,90.89594234413188,-1.311058388289993,False
no_temperature,102Ah_35degC_1C_cell1,9,102Ah_35degC_1C_cell1,20260928,TCN_finetune_no_temperature,91.60700225830078,87.62489821126908,90.00897695234269,-1.598025305958089,False
no_temperature,102Ah_35degC_1C_cell1,10,102Ah_35degC_1C_cell1,20260928,TCN_finetune_no_temperature,90.94100189208984,86.88451233625231,89.20206156492053,-1.738940327169317,False
no_temperature,102Ah_35degC_1C_cell1,11,102Ah_35degC_1C_cell1,20260928,TCN_finetune_no_temperature,89.83899688720703,86.15614501256539,88.39988342542244,-1.4391134617845864,False
no_temperature,102Ah_35degC_1C_cell1,12,102Ah_35degC_1C_cell1,20260928,TCN_finetune_no_temperature,89.10199737548828,85.28874264845246,87.32757960447663,-1.774417771011656,False
no_temperature,102Ah_35degC_1C_cell1,13,102Ah_35degC_1C_cell1,20260928,TCN_finetune_no_temperature,88.51699829101562,84.59342922024294,86.48125828556581,-2.03574000544981,False
no_temperature,102Ah_35degC_1C_cell1,14,102Ah_35degC_1C_cell1,20260928,TCN_finetune_no_temperature,87.8740005493164,83.90720225863733,85.65022791915216,-2.223772630164248,False
no_temperature,102Ah_35degC_1C_cell1,15,102Ah_35degC_1C_cell1,20260928,TCN_finetune_no_temperature,87.25399780273438,83.22569880369085,84.4848682630338,-2.7691295397005717,False
no_temperature,102Ah_35degC_1C_cell1,16,102Ah_35degC_1C_cell1,20260928,TCN_finetune_no_temperature,86.66899871826172,82.52204735389383,84.81686146369607,-1.8521372545656476,False
no_temperature,102Ah_35degC_1C_cell1,17,102Ah_35degC_1C_cell1,20260928,TCN_finetune_no_temperature,86.04000091552734,81.79763367381037,83.79000344481409,-2.2499974707132537,False
no_temperature,102Ah_35degC_1C_cell1,18,102Ah_35degC_1C_cell1,20260928,TCN_finetune_no_temperature,85.2249984741211,81.06636462650584,82.99824438534068,-2.2267540887804103,False
no_temperature,102Ah_35degC_1C_cell1,19,102Ah_35degC_1C_cell1,20260928,TCN_finetune_no_temperature,84.63500213623047,80.4119277628829,82.44423920239706,-2.190762933833412,False
no_temperature,102Ah_35degC_1C_cell1,20,102Ah_35degC_1C_cell1,20260928,TCN_finetune_no_temperature,84.06600189208984,79.76568296062268,81.39244439708509,-2.673557495004758,False
no_temperature,102Ah_35degC_1C_cell1,21,102Ah_35degC_1C_cell1,20260928,TCN_finetune_no_temperature,83.48100280761719,79.11046996942284,80.3408170067382,-3.1401858008789816,True
no_temperature,102Ah_35degC_1C_cell1,22,102Ah_35degC_1C_cell1,20260928,TCN_finetune_no_temperature,82.81600189208984,78.47330256022869,79.40957077063976,-3.4064311214500833,True
no_temperature,102Ah_35degC_1C_cell1,23,102Ah_35degC_1C_cell1,20260928,TCN_finetune_no_temperature,82.08899688720703,77.81379984036467,76.87863091841719,-5.210365968789844,True
no_temperature,102Ah_35degC_1C_cell1,24,102Ah_35degC_1C_cell1,20260928,TCN_finetune_no_temperature,81.26000213623047,77.07289087955944,72.67137062733165,-8.588631508898814,True
no_temperature,102Ah_35degC_1C_cell1,25,102Ah_35degC_1C_cell1,20260928,TCN_finetune_no_temperature,80.43599700927734,76.4093574321452,71.47862184407147,-8.957375165205875,True
no_temperature,102Ah_35degC_1C_cell1,26,102Ah_35degC_1C_cell1,20260928,TCN_finetune_no_temperature,79.58300018310547,75.78895684049616,70.04670067594537,-9.536299507160095,True
no_temperature,102Ah_35degC_1C_cell1,27,102Ah_35degC_1C_cell1,20260928,TCN_finetune_no_temperature,78.6500015258789,75.17168577185595,68.70806224814379,-9.941939277735116,True
no_temperature,102Ah_35degC_1C_cell1,28,102Ah_35degC_1C_cell1,20260928,TCN_finetune_no_temperature,77.58999633789062,74.55520606488642,69.24774671048579,-8.34224962740484,True
no_temperature,102Ah_35degC_1C_cell1,29,102Ah_35degC_1C_cell1,20260928,TCN_finetune_no_temperature,76.3740005493164,73.83634513346018,66.42931312052073,-9.944687428795675,True
no_temperature,102Ah_35degC_1C_cell1,30,102Ah_35degC_1C_cell1,20260928,TCN_finetune_no_temperature,75.08899688720703,73.22735992342456,65.53369727999194,-9.55529960721509,True
no_temperature,102Ah_35degC_1C_cell1,1,102Ah_35degC_1C_cell1,20260929,TCN_finetune_no_temperature,97.94400024414062,95.72975258021327,97.5259336629388,-0.4180665812018276,False
no_temperature,102Ah_35degC_1C_cell1,2,102Ah_35degC_1C_cell1,20260929,TCN_finetune_no_temperature,96.74600219726562,94.21887608614719,96.26185818758762,-0.48414400967800475,False
no_temperature,102Ah_35degC_1C_cell1,3,102Ah_35degC_1C_cell1,20260929,TCN_finetune_no_temperature,95.83999633789062,93.05600205519329,95.12602296927105,-0.7139733686195768,False
no_temperature,102Ah_35degC_1C_cell1,4,102Ah_35degC_1C_cell1,20260929,TCN_finetune_no_temperature,95.05000305175781,92.04675149893072,94.27615213369634,-0.7738509180614699,False
no_temperature,102Ah_35degC_1C_cell1,5,102Ah_35degC_1C_cell1,20260929,TCN_finetune_no_temperature,94.32499694824219,91.11831017449435,93.36515398934421,-0.9598429588979798,False
no_temperature,102Ah_35degC_1C_cell1,6,102Ah_35degC_1C_cell1,20260929,TCN_finetune_no_temperature,93.59500122070312,90.22724954138003,92.49815885076724,-1.0968423699358851,False
no_temperature,102Ah_35degC_1C_cell1,7,102Ah_35degC_1C_cell1,20260929,TCN_finetune_no_temperature,92.85199737548828,89.25672778101568,91.48822936030035,-1.3637680151879294,False
no_temperature,102Ah_35degC_1C_cell1,8,102Ah_35degC_1C_cell1,20260929,TCN_finetune_no_temperature,92.20700073242188,88.46991194671672,90.6454492945103,-1.5615514379115751,False
no_temperature,102Ah_35degC_1C_cell1,9,102Ah_35degC_1C_cell1,20260929,TCN_finetune_no_temperature,91.60700225830078,87.62489821126908,89.78137184789628,-1.8256304104045,False
no_temperature,102Ah_35degC_1C_cell1,10,102Ah_35degC_1C_cell1,20260929,TCN_finetune_no_temperature,90.94100189208984,86.88451233625231,88.85174909353076,-2.0892527985590874,False
no_temperature,102Ah_35degC_1C_cell1,11,102Ah_35degC_1C_cell1,20260929,TCN_finetune_no_temperature,89.83899688720703,86.15614501256539,87.97225896138741,-1.8667379258196206,False
no_temperature,102Ah_35degC_1C_cell1,12,102Ah_35degC_1C_cell1,20260929,TCN_finetune_no_temperature,89.10199737548828,85.28874264845246,86.89138780722016,-2.2106095682681257,False
no_temperature,102Ah_35degC_1C_cell1,13,102Ah_35degC_1C_cell1,20260929,TCN_finetune_no_temperature,88.51699829101562,84.59342922024294,86.0533152943091,-2.463682996706524,False
no_temperature,102Ah_35degC_1C_cell1,14,102Ah_35degC_1C_cell1,20260929,TCN_finetune_no_temperature,87.8740005493164,83.90720225863733,85.23994709544458,-2.6340534538718288,False
no_temperature,102Ah_35degC_1C_cell1,15,102Ah_35degC_1C_cell1,20260929,TCN_finetune_no_temperature,87.25399780273438,83.22569880369085,84.11662373426336,-3.1373740684710185,False
no_temperature,102Ah_35degC_1C_cell1,16,102Ah_35degC_1C_cell1,20260929,TCN_finetune_no_temperature,86.66899871826172,82.52204735389383,84.41621120086343,-2.252787517398289,False
no_temperature,102Ah_35degC_1C_cell1,17,102Ah_35degC_1C_cell1,20260929,TCN_finetune_no_temperature,86.04000091552734,81.79763367381037,83.42345180716455,-2.61654910836279,False
no_temperature,102Ah_35degC_1C_cell1,18,102Ah_35degC_1C_cell1,20260929,TCN_finetune_no_temperature,85.2249984741211,81.06636462650584,82.61159894905376,-2.6133995250673365,False
no_temperature,102Ah_35degC_1C_cell1,19,102Ah_35degC_1C_cell1,20260929,TCN_finetune_no_temperature,84.63500213623047,80.4119277628829,82.08382851208944,-2.551173624141029,False
no_temperature,102Ah_35degC_1C_cell1,20,102Ah_35degC_1C_cell1,20260929,TCN_finetune_no_temperature,84.06600189208984,79.76568296062268,81.11880114185132,-2.9472007502385225,False
no_temperature,102Ah_35degC_1C_cell1,21,102Ah_35degC_1C_cell1,20260929,TCN_finetune_no_temperature,83.48100280761719,79.11046996942284,80.15658405652763,-3.324418751089553,True
no_temperature,102Ah_35degC_1C_cell1,22,102Ah_35degC_1C_cell1,20260929,TCN_finetune_no_temperature,82.81600189208984,78.47330256022869,79.13288273133693,-3.6831191607529092,True
no_temperature,102Ah_35degC_1C_cell1,23,102Ah_35degC_1C_cell1,20260929,TCN_finetune_no_temperature,82.08899688720703,77.81379984036467,76.66982279435179,-5.419174092855243,True
no_temperature,102Ah_35degC_1C_cell1,24,102Ah_35degC_1C_cell1,20260929,TCN_finetune_no_temperature,81.26000213623047,77.07289087955944,71.26050245945446,-9.999499676776011,True
no_temperature,102Ah_35degC_1C_cell1,25,102Ah_35degC_1C_cell1,20260929,TCN_finetune_no_temperature,80.43599700927734,76.4093574321452,69.99704301716717,-10.438953992110171,True
no_temperature,102Ah_35degC_1C_cell1,26,102Ah_35degC_1C_cell1,20260929,TCN_finetune_no_temperature,79.58300018310547,75.78895684049616,68.63525744245538,-10.947742740650085,True
no_temperature,102Ah_35degC_1C_cell1,27,102Ah_35degC_1C_cell1,20260929,TCN_finetune_no_temperature,78.6500015258789,75.17168577185595,67.38080938330614,-11.269192142572763,True
no_temperature,102Ah_35degC_1C_cell1,28,102Ah_35degC_1C_cell1,20260929,TCN_finetune_no_temperature,77.58999633789062,74.55520606488642,68.05687928647455,-9.53311705141607,True
no_temperature,102Ah_35degC_1C_cell1,29,102Ah_35degC_1C_cell1,20260929,TCN_finetune_no_temperature,76.3740005493164,73.83634513346018,65.28786796060862,-11.086132588707784,True
no_temperature,102Ah_35degC_1C_cell1,30,102Ah_35degC_1C_cell1,20260929,TCN_finetune_no_temperature,75.08899688720703,73.22735992342456,64.43243328005298,-10.656563607154055,True
no_temperature,102Ah_35degC_1C_cell1,1,102Ah_35degC_1C_cell1,20260930,TCN_finetune_no_temperature,97.94400024414062,95.72975258021327,98.32446555285426,0.3804653087136387,False
no_temperature,102Ah_35degC_1C_cell1,2,102Ah_35degC_1C_cell1,20260930,TCN_finetune_no_temperature,96.74600219726562,94.21887608614719,97.05613466349399,0.3101324662283673,False
no_temperature,102Ah_35degC_1C_cell1,3,102Ah_35degC_1C_cell1,20260930,TCN_finetune_no_temperature,95.83999633789062,93.05600205519329,95.93622056105266,0.09622422316203938,False
no_temperature,102Ah_35degC_1C_cell1,4,102Ah_35degC_1C_cell1,20260930,TCN_finetune_no_temperature,95.05000305175781,92.04675149893072,95.09010219549444,0.04009914373662582,False
no_temperature,102Ah_35degC_1C_cell1,5,102Ah_35degC_1C_cell1,20260930,TCN_finetune_no_temperature,94.32499694824219,91.11831017449435,94.16659327462253,-0.15840367361965946,False
no_temperature,102Ah_35degC_1C_cell1,6,102Ah_35degC_1C_cell1,20260930,TCN_finetune_no_temperature,93.59500122070312,90.22724954138003,93.26937023649417,-0.3256309842089564,False
no_temperature,102Ah_35degC_1C_cell1,7,102Ah_35degC_1C_cell1,20260930,TCN_finetune_no_temperature,92.85199737548828,89.25672778101568,92.22141131373053,-0.6305860617577537,False
no_temperature,102Ah_35degC_1C_cell1,8,102Ah_35degC_1C_cell1,20260930,TCN_finetune_no_temperature,92.20700073242188,88.46991194671672,91.35091103500407,-0.8560896974178007,False
no_temperature,102Ah_35degC_1C_cell1,9,102Ah_35degC_1C_cell1,20260930,TCN_finetune_no_temperature,91.60700225830078,87.62489821126908,90.46126176526994,-1.1457404930308428,False
no_temperature,102Ah_35degC_1C_cell1,10,102Ah_35degC_1C_cell1,20260930,TCN_finetune_no_temperature,90.94100189208984,86.88451233625231,89.55532971143542,-1.3856721806544243,False
no_temperature,102Ah_35degC_1C_cell1,11,102Ah_35degC_1C_cell1,20260930,TCN_finetune_no_temperature,89.83899688720703,86.15614501256539,88.78879061956002,-1.0502062676470132,False
no_temperature,102Ah_35degC_1C_cell1,12,102Ah_35degC_1C_cell1,20260930,TCN_finetune_no_temperature,89.10199737548828,85.28874264845246,87.84378253111237,-1.2582148443759138,False
no_temperature,102Ah_35degC_1C_cell1,13,102Ah_35degC_1C_cell1,20260930,TCN_finetune_no_temperature,88.51699829101562,84.59342922024294,87.09717692188784,-1.4198213691277886,False
no_temperature,102Ah_35degC_1C_cell1,14,102Ah_35degC_1C_cell1,20260930,TCN_finetune_no_temperature,87.8740005493164,83.90720225863733,86.35980941348352,-1.5141911358328883,False
no_temperature,102Ah_35degC_1C_cell1,15,102Ah_35degC_1C_cell1,20260930,TCN_finetune_no_temperature,87.25399780273438,83.22569880369085,85.34252700689214,-1.9114707958422343,False
no_temperature,102Ah_35degC_1C_cell1,16,102Ah_35degC_1C_cell1,20260930,TCN_finetune_no_temperature,86.66899871826172,82.52204735389383,85.52075750938089,-1.1482412088808331,False
no_temperature,102Ah_35degC_1C_cell1,17,102Ah_35degC_1C_cell1,20260930,TCN_finetune_no_temperature,86.04000091552734,81.79763367381037,84.72306349482477,-1.3169374207025726,False
no_temperature,102Ah_35degC_1C_cell1,18,102Ah_35degC_1C_cell1,20260930,TCN_finetune_no_temperature,85.2249984741211,81.06636462650584,83.87632308445262,-1.3486753896684718,False
no_temperature,102Ah_35degC_1C_cell1,19,102Ah_35degC_1C_cell1,20260930,TCN_finetune_no_temperature,84.63500213623047,80.4119277628829,83.36438709821005,-1.2706150380204235,False
no_temperature,102Ah_35degC_1C_cell1,20,102Ah_35degC_1C_cell1,20260930,TCN_finetune_no_temperature,84.06600189208984,79.76568296062268,82.49294545757093,-1.573056434518918,False
no_temperature,102Ah_35degC_1C_cell1,21,102Ah_35degC_1C_cell1,20260930,TCN_finetune_no_temperature,83.48100280761719,79.11046996942284,81.73833123079064,-1.7426715768265524,True
no_temperature,102Ah_35degC_1C_cell1,22,102Ah_35degC_1C_cell1,20260930,TCN_finetune_no_temperature,82.81600189208984,78.47330256022869,80.77585406817852,-2.040147823911326,True
no_temperature,102Ah_35degC_1C_cell1,23,102Ah_35degC_1C_cell1,20260930,TCN_finetune_no_temperature,82.08899688720703,77.81379984036467,78.93417869225523,-3.154818194951801,True
no_temperature,102Ah_35degC_1C_cell1,24,102Ah_35degC_1C_cell1,20260930,TCN_finetune_no_temperature,81.26000213623047,77.07289087955944,75.80705511753551,-5.452947018694957,True
no_temperature,102Ah_35degC_1C_cell1,25,102Ah_35degC_1C_cell1,20260930,TCN_finetune_no_temperature,80.43599700927734,76.4093574321452,74.92763412358197,-5.508362885695377,True
no_temperature,102Ah_35degC_1C_cell1,26,102Ah_35degC_1C_cell1,20260930,TCN_finetune_no_temperature,79.58300018310547,75.78895684049616,73.69595309064874,-5.887047092456726,True
no_temperature,102Ah_35degC_1C_cell1,27,102Ah_35degC_1C_cell1,20260930,TCN_finetune_no_temperature,78.6500015258789,75.17168577185595,72.4679737853142,-6.182027740564706,True
no_temperature,102Ah_35degC_1C_cell1,28,102Ah_35degC_1C_cell1,20260930,TCN_finetune_no_temperature,77.58999633789062,74.55520606488642,73.48803270310816,-4.101963634782464,True
no_temperature,102Ah_35degC_1C_cell1,29,102Ah_35degC_1C_cell1,20260930,TCN_finetune_no_temperature,76.3740005493164,73.83634513346018,70.4092687937385,-5.964731755577901,True
no_temperature,102Ah_35degC_1C_cell1,30,102Ah_35degC_1C_cell1,20260930,TCN_finetune_no_temperature,75.08899688720703,73.22735992342456,69.61925855547412,-5.469738331732913,True
no_temperature,102Ah_45degC_0p5C_cell3,1,102Ah_45degC_0p5C_cell3,20260928,TCN_finetune_no_temperature,97.21299743652344,95.00914446116657,95.50286239982815,-1.7101350366952914,False
no_temperature,102Ah_45degC_0p5C_cell3,2,102Ah_45degC_0p5C_cell3,20260928,TCN_finetune_no_temperature,96.09300231933594,93.84631449603411,93.83954236623767,-2.2534599530982717,False
no_temperature,102Ah_45degC_0p5C_cell3,3,102Ah_45degC_0p5C_cell3,20260928,TCN_finetune_no_temperature,95.18299865722656,92.90245782881885,92.59008109122425,-2.5929175660023134,False
no_temperature,102Ah_45degC_0p5C_cell3,4,102Ah_45degC_0p5C_cell3,20260928,TCN_finetune_no_temperature,94.40499877929688,92.01588622134364,91.05442157786524,-3.3505772014316335,False
no_temperature,102Ah_45degC_0p5C_cell3,5,102Ah_45degC_0p5C_cell3,20260928,TCN_finetune_no_temperature,93.5790023803711,91.09174615470573,89.62660092441246,-3.9524014559586362,False
no_temperature,102Ah_45degC_0p5C_cell3,6,102Ah_45degC_0p5C_cell3,20260928,TCN_finetune_no_temperature,92.86699676513672,90.39827604610512,88.5479756148536,-4.31902115028312,False
no_temperature,102Ah_45degC_0p5C_cell3,7,102Ah_45degC_0p5C_cell3,20260928,TCN_finetune_no_temperature,92.30699920654297,89.2761786465578,86.49924712228106,-5.807752084261907,False
no_temperature,102Ah_45degC_0p5C_cell3,8,102Ah_45degC_0p5C_cell3,20260928,TCN_finetune_no_temperature,91.33399963378906,88.3584133908645,85.21140950178064,-6.122590132008426,False
no_temperature,102Ah_45degC_0p5C_cell3,9,102Ah_45degC_0p5C_cell3,20260928,TCN_finetune_no_temperature,90.5459976196289,87.74733413144688,84.18056453153233,-6.36543308809658,False
no_temperature,102Ah_45degC_0p5C_cell3,10,102Ah_45degC_0p5C_cell3,20260928,TCN_finetune_no_temperature,89.70999908447266,87.06854364652058,82.91012832898518,-6.7998707554874755,False
no_temperature,102Ah_45degC_0p5C_cell3,11,102Ah_45degC_0p5C_cell3,20260928,TCN_finetune_no_temperature,88.7969970703125,86.40932052458456,81.85838239515951,-6.938614675152991,False
no_temperature,102Ah_45degC_0p5C_cell3,12,102Ah_45degC_0p5C_cell3,20260928,TCN_finetune_no_temperature,88.0250015258789,85.86510972681604,81.0429027527865,-6.982098773092403,False
no_temperature,102Ah_45degC_0p5C_cell3,13,102Ah_45degC_0p5C_cell3,20260928,TCN_finetune_no_temperature,87.25599670410156,85.34788544209302,80.34035189183057,-6.9156448122709975,False
no_temperature,102Ah_45degC_0p5C_cell3,14,102Ah_45degC_0p5C_cell3,20260928,TCN_finetune_no_temperature,86.447998046875,84.83670786297748,79.64123514569232,-6.80676290118268,False
no_temperature,102Ah_45degC_0p5C_cell3,15,102Ah_45degC_0p5C_cell3,20260928,TCN_finetune_no_temperature,85.4540023803711,83.91856036349714,78.58345875903547,-6.870543621335628,False
no_temperature,102Ah_45degC_0p5C_cell3,16,102Ah_45degC_0p5C_cell3,20260928,TCN_finetune_no_temperature,84.76699829101562,83.72395127570285,78.29347985541476,-6.473518435600866,False
no_temperature,102Ah_45degC_0p5C_cell3,17,102Ah_45degC_0p5C_cell3,20260928,TCN_finetune_no_temperature,83.86100006103516,83.199060599733,77.69430176489413,-6.166698296141021,False
no_temperature,102Ah_45degC_0p5C_cell3,18,102Ah_45degC_0p5C_cell3,20260928,TCN_finetune_no_temperature,82.9209976196289,82.72204347948852,77.13453670840087,-5.786460911228033,False
no_temperature,102Ah_45degC_0p5C_cell3,19,102Ah_45degC_0p5C_cell3,20260928,TCN_finetune_no_temperature,81.85900115966797,82.25240176272224,76.54511683535408,-5.313884324313889,False
no_temperature,102Ah_45degC_0p5C_cell3,20,102Ah_45degC_0p5C_cell3,20260928,TCN_finetune_no_temperature,80.56800079345703,81.66699250530903,75.84512790035907,-4.722872893097957,False
no_temperature,102Ah_45degC_0p5C_cell3,21,102Ah_45degC_0p5C_cell3,20260928,TCN_finetune_no_temperature,78.86199951171875,81.04508627746172,75.05429591033526,-3.807703601383494,True
no_temperature,102Ah_45degC_0p5C_cell3,22,102Ah_45degC_0p5C_cell3,20260928,TCN_finetune_no_temperature,77.35099792480469,80.59604363272673,74.51201824973113,-2.83897967507356,True
no_temperature,102Ah_45degC_0p5C_cell3,23,102Ah_45degC_0p5C_cell3,20260928,TCN_finetune_no_temperature,75.58499908447266,80.07468023954482,73.85419121442885,-1.7308078700438045,True
no_temperature,102Ah_45degC_0p5C_cell3,24,102Ah_45degC_0p5C_cell3,20260928,TCN_finetune_no_temperature,73.37699890136719,79.32614314987418,72.80156362488029,-0.5754352764868997,True
no_temperature,102Ah_45degC_0p5C_cell3,25,102Ah_45degC_0p5C_cell3,20260928,TCN_finetune_no_temperature,71.21199798583984,78.86094056513444,72.30451642420427,1.0925184383644222,True
no_temperature,102Ah_45degC_0p5C_cell3,26,102Ah_45degC_0p5C_cell3,20260928,TCN_finetune_no_temperature,68.95999908447266,78.44323201053383,71.78937382571938,2.829374741246724,True
no_temperature,102Ah_45degC_0p5C_cell3,27,102Ah_45degC_0p5C_cell3,20260928,TCN_finetune_no_temperature,66.66500091552734,78.02909793598477,71.29486121876064,4.6298603032333006,True
no_temperature,102Ah_45degC_0p5C_cell3,28,102Ah_45degC_0p5C_cell3,20260928,TCN_finetune_no_temperature,64.20500183105469,76.07515855066076,69.23123450509802,5.026232674043328,True
no_temperature,102Ah_45degC_0p5C_cell3,29,102Ah_45degC_0p5C_cell3,20260928,TCN_finetune_no_temperature,63.18000030517578,56.889998027969,50.72575719087183,-12.45424311430395,True
no_temperature,102Ah_45degC_0p5C_cell3,30,102Ah_45degC_0p5C_cell3,20260928,TCN_finetune_no_temperature,61.9010009765625,77.2187930726434,70.32631699079525,8.425316014232749,True
no_temperature,102Ah_45degC_0p5C_cell3,1,102Ah_45degC_0p5C_cell3,20260929,TCN_finetune_no_temperature,97.21299743652344,95.00914446116657,95.40894249678821,-1.8040549397352237,False
no_temperature,102Ah_45degC_0p5C_cell3,2,102Ah_45degC_0p5C_cell3,20260929,TCN_finetune_no_temperature,96.09300231933594,93.84631449603411,94.0648551496205,-2.0281471697154387,False
no_temperature,102Ah_45degC_0p5C_cell3,3,102Ah_45degC_0p5C_cell3,20260929,TCN_finetune_no_temperature,95.18299865722656,92.90245782881885,92.91620384361505,-2.2667948136115115,False
no_temperature,102Ah_45degC_0p5C_cell3,4,102Ah_45degC_0p5C_cell3,20260929,TCN_finetune_no_temperature,94.40499877929688,92.01588622134364,91.65730694335139,-2.7476918359454885,False
no_temperature,102Ah_45degC_0p5C_cell3,5,102Ah_45degC_0p5C_cell3,20260929,TCN_finetune_no_temperature,93.5790023803711,91.09174615470573,90.39449352351829,-3.1845088568528013,False
no_temperature,102Ah_45degC_0p5C_cell3,6,102Ah_45degC_0p5C_cell3,20260929,TCN_finetune_no_temperature,92.86699676513672,90.39827604610512,89.08289273101876,-3.7841040341179593,False
no_temperature,102Ah_45degC_0p5C_cell3,7,102Ah_45degC_0p5C_cell3,20260929,TCN_finetune_no_temperature,92.30699920654297,89.2761786465578,86.12507777261065,-6.181921433932317,False
no_temperature,102Ah_45degC_0p5C_cell3,8,102Ah_45degC_0p5C_cell3,20260929,TCN_finetune_no_temperature,91.33399963378906,88.3584133908645,84.40052144979394,-6.9334781839951205,False
no_temperature,102Ah_45degC_0p5C_cell3,9,102Ah_45degC_0p5C_cell3,20260929,TCN_finetune_no_temperature,90.5459976196289,87.74733413144688,83.10201323911289,-7.443984380516014,False
no_temperature,102Ah_45degC_0p5C_cell3,10,102Ah_45degC_0p5C_cell3,20260929,TCN_finetune_no_temperature,89.70999908447266,87.06854364652058,81.62405750531575,-8.08594157915691,False
no_temperature,102Ah_45degC_0p5C_cell3,11,102Ah_45degC_0p5C_cell3,20260929,TCN_finetune_no_temperature,88.7969970703125,86.40932052458456,80.51043002928427,-8.286567041028235,False
no_temperature,102Ah_45degC_0p5C_cell3,12,102Ah_45degC_0p5C_cell3,20260929,TCN_finetune_no_temperature,88.0250015258789,85.86510972681604,79.6053822487887,-8.419619277090206,False
no_temperature,102Ah_45degC_0p5C_cell3,13,102Ah_45degC_0p5C_cell3,20260929,TCN_finetune_no_temperature,87.25599670410156,85.34788544209302,78.76757080586255,-8.488425898239015,False
no_temperature,102Ah_45degC_0p5C_cell3,14,102Ah_45degC_0p5C_cell3,20260929,TCN_finetune_no_temperature,86.447998046875,84.83670786297748,77.96080187237689,-8.48719617449811,False
no_temperature,102Ah_45degC_0p5C_cell3,15,102Ah_45degC_0p5C_cell3,20260929,TCN_finetune_no_temperature,85.4540023803711,83.91856036349714,76.76189694568097,-8.69210543469012,False
no_temperature,102Ah_45degC_0p5C_cell3,16,102Ah_45degC_0p5C_cell3,20260929,TCN_finetune_no_temperature,84.76699829101562,83.72395127570285,76.40280860221041,-8.364189688805212,False
no_temperature,102Ah_45degC_0p5C_cell3,17,102Ah_45degC_0p5C_cell3,20260929,TCN_finetune_no_temperature,83.86100006103516,83.199060599733,75.79124323599399,-8.069756825041168,False
no_temperature,102Ah_45degC_0p5C_cell3,18,102Ah_45degC_0p5C_cell3,20260929,TCN_finetune_no_temperature,82.9209976196289,82.72204347948852,75.17951198916259,-7.741485630466315,False
no_temperature,102Ah_45degC_0p5C_cell3,19,102Ah_45degC_0p5C_cell3,20260929,TCN_finetune_no_temperature,81.85900115966797,82.25240176272224,74.53717845034431,-7.321822709323655,False
no_temperature,102Ah_45degC_0p5C_cell3,20,102Ah_45degC_0p5C_cell3,20260929,TCN_finetune_no_temperature,80.56800079345703,81.66699250530903,73.79492553066913,-6.7730752627878985,False
no_temperature,102Ah_45degC_0p5C_cell3,21,102Ah_45degC_0p5C_cell3,20260929,TCN_finetune_no_temperature,78.86199951171875,81.04508627746172,73.01158942077227,-5.8504100909464825,True
no_temperature,102Ah_45degC_0p5C_cell3,22,102Ah_45degC_0p5C_cell3,20260929,TCN_finetune_no_temperature,77.35099792480469,80.59604363272673,72.4792318804074,-4.87176604439729,True
no_temperature,102Ah_45degC_0p5C_cell3,23,102Ah_45degC_0p5C_cell3,20260929,TCN_finetune_no_temperature,75.58499908447266,80.07468023954482,71.83145228086562,-3.753546803607037,True
no_temperature,102Ah_45degC_0p5C_cell3,24,102Ah_45degC_0p5C_cell3,20260929,TCN_finetune_no_temperature,73.37699890136719,79.32614314987418,70.83987701370475,-2.537121887662437,True
no_temperature,102Ah_45degC_0p5C_cell3,25,102Ah_45degC_0p5C_cell3,20260929,TCN_finetune_no_temperature,71.21199798583984,78.86094056513444,70.3616882457985,-0.8503097400413395,True
no_temperature,102Ah_45degC_0p5C_cell3,26,102Ah_45degC_0p5C_cell3,20260929,TCN_finetune_no_temperature,68.95999908447266,78.44323201053383,69.86341805331948,0.9034189688468217,True
no_temperature,102Ah_45degC_0p5C_cell3,27,102Ah_45degC_0p5C_cell3,20260929,TCN_finetune_no_temperature,66.66500091552734,78.02909793598477,69.40831222278896,2.743311307261621,True
no_temperature,102Ah_45degC_0p5C_cell3,28,102Ah_45degC_0p5C_cell3,20260929,TCN_finetune_no_temperature,64.20500183105469,76.07515855066076,67.38773007623449,3.1827282451798027,True
no_temperature,102Ah_45degC_0p5C_cell3,29,102Ah_45degC_0p5C_cell3,20260929,TCN_finetune_no_temperature,63.18000030517578,56.889998027969,55.236251780677435,-7.943748524498346,True
no_temperature,102Ah_45degC_0p5C_cell3,30,102Ah_45degC_0p5C_cell3,20260929,TCN_finetune_no_temperature,61.9010009765625,77.2187930726434,68.51328865522396,6.61228767866146,True
no_temperature,102Ah_45degC_0p5C_cell3,1,102Ah_45degC_0p5C_cell3,20260930,TCN_finetune_no_temperature,97.21299743652344,95.00914446116657,95.27681056262226,-1.9361868739011783,False
no_temperature,102Ah_45degC_0p5C_cell3,2,102Ah_45degC_0p5C_cell3,20260930,TCN_finetune_no_temperature,96.09300231933594,93.84631449603411,93.76200721287104,-2.330995106464897,False
no_temperature,102Ah_45degC_0p5C_cell3,3,102Ah_45degC_0p5C_cell3,20260930,TCN_finetune_no_temperature,95.18299865722656,92.90245782881885,92.3996410921207,-2.7833575651058595,False
no_temperature,102Ah_45degC_0p5C_cell3,4,102Ah_45degC_0p5C_cell3,20260930,TCN_finetune_no_temperature,94.40499877929688,92.01588622134364,90.08181205790675,-4.32318672139013,False
no_temperature,102Ah_45degC_0p5C_cell3,5,102Ah_45degC_0p5C_cell3,20260930,TCN_finetune_no_temperature,93.5790023803711,91.09174615470573,88.02273184386894,-5.556270536502154,False
no_temperature,102Ah_45degC_0p5C_cell3,6,102Ah_45degC_0p5C_cell3,20260930,TCN_finetune_no_temperature,92.86699676513672,90.39827604610512,86.3500334771354,-6.516963288001321,False
no_temperature,102Ah_45degC_0p5C_cell3,7,102Ah_45degC_0p5C_cell3,20260930,TCN_finetune_no_temperature,92.30699920654297,89.2761786465578,83.8310840611391,-8.475915145403874,False
no_temperature,102Ah_45degC_0p5C_cell3,8,102Ah_45degC_0p5C_cell3,20260930,TCN_finetune_no_temperature,91.33399963378906,88.3584133908645,82.26353376363672,-9.070465870152347,False
no_temperature,102Ah_45degC_0p5C_cell3,9,102Ah_45degC_0p5C_cell3,20260930,TCN_finetune_no_temperature,90.5459976196289,87.74733413144688,81.02045405789951,-9.525543561729393,False
no_temperature,102Ah_45degC_0p5C_cell3,10,102Ah_45degC_0p5C_cell3,20260930,TCN_finetune_no_temperature,89.70999908447266,87.06854364652058,79.77352878827473,-9.936470296197925,False
no_temperature,102Ah_45degC_0p5C_cell3,11,102Ah_45degC_0p5C_cell3,20260930,TCN_finetune_no_temperature,88.7969970703125,86.40932052458456,78.80311029280355,-9.993886777508948,False
no_temperature,102Ah_45degC_0p5C_cell3,12,102Ah_45degC_0p5C_cell3,20260930,TCN_finetune_no_temperature,88.0250015258789,85.86510972681604,78.03985004129969,-9.98515148457922,False
no_temperature,102Ah_45degC_0p5C_cell3,13,102Ah_45degC_0p5C_cell3,20260930,TCN_finetune_no_temperature,87.25599670410156,85.34788544209302,77.3103221181184,-9.945674585983156,False
no_temperature,102Ah_45degC_0p5C_cell3,14,102Ah_45degC_0p5C_cell3,20260930,TCN_finetune_no_temperature,86.447998046875,84.83670786297748,76.59109571850726,-9.856902328367738,False
no_temperature,102Ah_45degC_0p5C_cell3,15,102Ah_45degC_0p5C_cell3,20260930,TCN_finetune_no_temperature,85.4540023803711,83.91856036349714,75.58205351993024,-9.871948860440853,False
no_temperature,102Ah_45degC_0p5C_cell3,16,102Ah_45degC_0p5C_cell3,20260930,TCN_finetune_no_temperature,84.76699829101562,83.72395127570285,75.15712254798068,-9.609875743034948,False
no_temperature,102Ah_45degC_0p5C_cell3,17,102Ah_45degC_0p5C_cell3,20260930,TCN_finetune_no_temperature,83.86100006103516,83.199060599733,74.53830639593662,-9.32269366509854,False
no_temperature,102Ah_45degC_0p5C_cell3,18,102Ah_45degC_0p5C_cell3,20260930,TCN_finetune_no_temperature,82.9209976196289,82.72204347948852,73.96349569659057,-8.957501923038336,False
no_temperature,102Ah_45degC_0p5C_cell3,19,102Ah_45degC_0p5C_cell3,20260930,TCN_finetune_no_temperature,81.85900115966797,82.25240176272224,73.37703745913338,-8.481963700534592,False
no_temperature,102Ah_45degC_0p5C_cell3,20,102Ah_45degC_0p5C_cell3,20260930,TCN_finetune_no_temperature,80.56800079345703,81.66699250530903,72.68335946392719,-7.884641329529842,False
no_temperature,102Ah_45degC_0p5C_cell3,21,102Ah_45degC_0p5C_cell3,20260930,TCN_finetune_no_temperature,78.86199951171875,81.04508627746172,71.93932093474932,-6.922678576969432,True
no_temperature,102Ah_45degC_0p5C_cell3,22,102Ah_45degC_0p5C_cell3,20260930,TCN_finetune_no_temperature,77.35099792480469,80.59604363272673,71.4229631883908,-5.928034736413892,True
no_temperature,102Ah_45degC_0p5C_cell3,23,102Ah_45degC_0p5C_cell3,20260930,TCN_finetune_no_temperature,75.58499908447266,80.07468023954482,70.81508055387587,-4.769918530596783,True
no_temperature,102Ah_45degC_0p5C_cell3,24,102Ah_45degC_0p5C_cell3,20260930,TCN_finetune_no_temperature,73.37699890136719,79.32614314987418,69.89324844314811,-3.4837504582190775,True
no_temperature,102Ah_45degC_0p5C_cell3,25,102Ah_45degC_0p5C_cell3,20260930,TCN_finetune_no_temperature,71.21199798583984,78.86094056513444,69.41060983088151,-1.8013881549583317,True
no_temperature,102Ah_45degC_0p5C_cell3,26,102Ah_45degC_0p5C_cell3,20260930,TCN_finetune_no_temperature,68.95999908447266,78.44323201053383,68.94602913730385,-0.013969947168803287,True
no_temperature,102Ah_45degC_0p5C_cell3,27,102Ah_45degC_0p5C_cell3,20260930,TCN_finetune_no_temperature,66.66500091552734,78.02909793598477,68.49265613300625,1.827655217478906,True
no_temperature,102Ah_45degC_0p5C_cell3,28,102Ah_45degC_0p5C_cell3,20260930,TCN_finetune_no_temperature,64.20500183105469,76.07515855066076,66.55845017663732,2.3534483455826347,True
no_temperature,102Ah_45degC_0p5C_cell3,29,102Ah_45degC_0p5C_cell3,20260930,TCN_finetune_no_temperature,63.18000030517578,56.889998027969,59.043953487563726,-4.136046817612055,True
no_temperature,102Ah_45degC_0p5C_cell3,30,102Ah_45degC_0p5C_cell3,20260930,TCN_finetune_no_temperature,61.9010009765625,77.2187930726434,67.61962524885189,5.718624272289389,True
no_temperature,102Ah_45degC_1C_cell1,1,102Ah_45degC_1C_cell1,20260928,TCN_finetune_no_temperature,98.46199798583984,98.21686535113048,99.02634738915157,0.5643494033117236,False
no_temperature,102Ah_45degC_1C_cell1,2,102Ah_45degC_1C_cell1,20260928,TCN_finetune_no_temperature,97.48799896240234,97.15611991415416,97.95478287468349,0.46678391228114435,False
no_temperature,102Ah_45degC_1C_cell1,3,102Ah_45degC_1C_cell1,20260928,TCN_finetune_no_temperature,96.66799926757812,96.35831319829477,97.19243955155862,0.5244402839804962,False
no_temperature,102Ah_45degC_1C_cell1,4,102Ah_45degC_1C_cell1,20260928,TCN_finetune_no_temperature,96.06999969482422,95.69223365327349,96.5507631017827,0.48076340695848785,False
no_temperature,102Ah_45degC_1C_cell1,5,102Ah_45degC_1C_cell1,20260928,TCN_finetune_no_temperature,95.53199768066406,95.02000571466078,95.95158494687666,0.4195872662126021,False
no_temperature,102Ah_45degC_1C_cell1,6,102Ah_45degC_1C_cell1,20260928,TCN_finetune_no_temperature,95.0469970703125,94.50730662278232,95.43397014073429,0.38697307042178863,False
no_temperature,102Ah_45degC_1C_cell1,7,102Ah_45degC_1C_cell1,20260928,TCN_finetune_no_temperature,94.61000061035156,93.99465035813469,94.85863071101326,0.24863010066169977,False
no_temperature,102Ah_45degC_1C_cell1,8,102Ah_45degC_1C_cell1,20260928,TCN_finetune_no_temperature,94.1500015258789,93.5451418327883,94.29966511007102,0.1496635841921119,False
no_temperature,102Ah_45degC_1C_cell1,9,102Ah_45degC_1C_cell1,20260928,TCN_finetune_no_temperature,93.73200225830078,93.12582935109461,93.80031038537348,0.06830812707269729,False
no_temperature,102Ah_45degC_1C_cell1,10,102Ah_45degC_1C_cell1,20260928,TCN_finetune_no_temperature,93.33999633789062,92.73538366394479,93.31033781605203,-0.029658521838598517,False
no_temperature,102Ah_45degC_1C_cell1,11,102Ah_45degC_1C_cell1,20260928,TCN_finetune_no_temperature,92.94000244140625,92.34708337058076,92.88871185053834,-0.051290590867907326,False
no_temperature,102Ah_45degC_1C_cell1,12,102Ah_45degC_1C_cell1,20260928,TCN_finetune_no_temperature,92.56400299072266,91.98808960286661,92.48597390619798,-0.0780290845246725,False
no_temperature,102Ah_45degC_1C_cell1,13,102Ah_45degC_1C_cell1,20260928,TCN_finetune_no_temperature,92.1969985961914,91.63764316447536,92.13043276079456,-0.06656583539684391,False
no_temperature,102Ah_45degC_1C_cell1,14,102Ah_45degC_1C_cell1,20260928,TCN_finetune_no_temperature,91.82099914550781,91.27393945666499,91.67115059109874,-0.14984855440907552,False
no_temperature,102Ah_45degC_1C_cell1,15,102Ah_45degC_1C_cell1,20260928,TCN_finetune_no_temperature,91.42400360107422,90.93571465815204,91.26765831912654,-0.15634528194767938,False
no_temperature,102Ah_45degC_1C_cell1,16,102Ah_45degC_1C_cell1,20260928,TCN_finetune_no_temperature,90.94300079345703,90.43302522761486,90.69459925753735,-0.24840153591968317,False
no_temperature,102Ah_45degC_1C_cell1,17,102Ah_45degC_1C_cell1,20260928,TCN_finetune_no_temperature,90.60299682617188,90.12427635311595,90.3569550198268,-0.246041806345076,False
no_temperature,102Ah_45degC_1C_cell1,18,102Ah_45degC_1C_cell1,20260928,TCN_finetune_no_temperature,90.27799987792969,89.814887562228,87.64864663167074,-2.629353246258944,False
no_temperature,102Ah_45degC_1C_cell1,19,102Ah_45degC_1C_cell1,20260928,TCN_finetune_no_temperature,89.8219985961914,89.51341354124054,89.7869290041159,-0.03506959207550153,False
no_temperature,102Ah_45degC_1C_cell1,20,102Ah_45degC_1C_cell1,20260928,TCN_finetune_no_temperature,89.49400329589844,89.17108093800229,89.43832935990972,-0.05567393598872172,False
no_temperature,102Ah_45degC_1C_cell1,21,102Ah_45degC_1C_cell1,20260928,TCN_finetune_no_temperature,89.03600311279297,88.7729032192507,89.4093480263033,0.37334491351033705,True
no_temperature,102Ah_45degC_1C_cell1,22,102Ah_45degC_1C_cell1,20260928,TCN_finetune_no_temperature,88.69599914550781,88.49070200693185,89.13643011819894,0.4404309726911322,True
no_temperature,102Ah_45degC_1C_cell1,23,102Ah_45degC_1C_cell1,20260928,TCN_finetune_no_temperature,88.34700012207031,88.2151014386661,88.8321268140323,0.48512669196199454,True
no_temperature,102Ah_45degC_1C_cell1,24,102Ah_45degC_1C_cell1,20260928,TCN_finetune_no_temperature,88.0,87.9453264077895,88.55576737725666,0.5557673772566574,True
no_temperature,102Ah_45degC_1C_cell1,25,102Ah_45degC_1C_cell1,20260928,TCN_finetune_no_temperature,87.625,87.67598260341113,88.24714882073825,0.6221488207382464,True
no_temperature,102Ah_45degC_1C_cell1,26,102Ah_45degC_1C_cell1,20260928,TCN_finetune_no_temperature,87.25800323486328,87.40921718306771,87.94225591845742,0.6842526835941385,True
no_temperature,102Ah_45degC_1C_cell1,27,102Ah_45degC_1C_cell1,20260928,TCN_finetune_no_temperature,86.91500091552734,87.11088873007692,87.48870701649584,0.5737061009684936,True
no_temperature,102Ah_45degC_1C_cell1,28,102Ah_45degC_1C_cell1,20260928,TCN_finetune_no_temperature,86.36100006103516,86.66744864457205,86.74798276000574,0.38698269897058424,True
no_temperature,102Ah_45degC_1C_cell1,29,102Ah_45degC_1C_cell1,20260928,TCN_finetune_no_temperature,85.89399719238281,86.3653337127773,86.08679816790502,0.19280097552220354,True
no_temperature,102Ah_45degC_1C_cell1,30,102Ah_45degC_1C_cell1,20260928,TCN_finetune_no_temperature,85.51200103759766,86.11459009632583,85.65029017910476,0.13828914150710148,True
no_temperature,102Ah_45degC_1C_cell1,1,102Ah_45degC_1C_cell1,20260929,TCN_finetune_no_temperature,98.46199798583984,98.21686535113048,98.30163856380176,-0.16035942203808418,False
no_temperature,102Ah_45degC_1C_cell1,2,102Ah_45degC_1C_cell1,20260929,TCN_finetune_no_temperature,97.48799896240234,97.15611991415416,97.36084756384288,-0.12715139855946234,False
no_temperature,102Ah_45degC_1C_cell1,3,102Ah_45degC_1C_cell1,20260929,TCN_finetune_no_temperature,96.66799926757812,96.35831319829477,96.8151401533748,0.14714088579667362,False
no_temperature,102Ah_45degC_1C_cell1,4,102Ah_45degC_1C_cell1,20260929,TCN_finetune_no_temperature,96.06999969482422,95.69223365327349,96.30565098067751,0.23565128585329376,False
no_temperature,102Ah_45degC_1C_cell1,5,102Ah_45degC_1C_cell1,20260929,TCN_finetune_no_temperature,95.53199768066406,95.02000571466078,95.92605741000762,0.39405972934355304,False
no_temperature,102Ah_45degC_1C_cell1,6,102Ah_45degC_1C_cell1,20260929,TCN_finetune_no_temperature,95.0469970703125,94.50730662278232,95.28941546610889,0.2424183957963919,False
no_temperature,102Ah_45degC_1C_cell1,7,102Ah_45degC_1C_cell1,20260929,TCN_finetune_no_temperature,94.61000061035156,93.99465035813469,94.65874564068932,0.04874503033775568,False
no_temperature,102Ah_45degC_1C_cell1,8,102Ah_45degC_1C_cell1,20260929,TCN_finetune_no_temperature,94.1500015258789,93.5451418327883,94.27389885659964,0.12389733072073739,False
no_temperature,102Ah_45degC_1C_cell1,9,102Ah_45degC_1C_cell1,20260929,TCN_finetune_no_temperature,93.73200225830078,93.12582935109461,93.71653236165369,-0.015469896647090309,False
no_temperature,102Ah_45degC_1C_cell1,10,102Ah_45degC_1C_cell1,20260929,TCN_finetune_no_temperature,93.33999633789062,92.73538366394479,93.38916287260491,0.049166534714288446,False
no_temperature,102Ah_45degC_1C_cell1,11,102Ah_45degC_1C_cell1,20260929,TCN_finetune_no_temperature,92.94000244140625,92.34708337058076,92.85508952607164,-0.08491291533461265,False
no_temperature,102Ah_45degC_1C_cell1,12,102Ah_45degC_1C_cell1,20260929,TCN_finetune_no_temperature,92.56400299072266,91.98808960286661,92.5766123947291,0.012609404006440172,False
no_temperature,102Ah_45degC_1C_cell1,13,102Ah_45degC_1C_cell1,20260929,TCN_finetune_no_temperature,92.1969985961914,91.63764316447536,92.08049494632046,-0.11650364987094974,False
no_temperature,102Ah_45degC_1C_cell1,14,102Ah_45degC_1C_cell1,20260929,TCN_finetune_no_temperature,91.82099914550781,91.27393945666499,91.7513689658279,-0.06963017967991902,False
no_temperature,102Ah_45degC_1C_cell1,15,102Ah_45degC_1C_cell1,20260929,TCN_finetune_no_temperature,91.42400360107422,90.93571465815204,91.21790915335315,-0.2060944477210711,False
no_temperature,102Ah_45degC_1C_cell1,16,102Ah_45degC_1C_cell1,20260929,TCN_finetune_no_temperature,90.94300079345703,90.43302522761486,90.58822371227406,-0.3547770811829736,False
no_temperature,102Ah_45degC_1C_cell1,17,102Ah_45degC_1C_cell1,20260929,TCN_finetune_no_temperature,90.60299682617188,90.12427635311595,90.27937412082663,-0.32362270534524384,False
no_temperature,102Ah_45degC_1C_cell1,18,102Ah_45degC_1C_cell1,20260929,TCN_finetune_no_temperature,90.27799987792969,89.814887562228,88.14725617451742,-2.1307437034122643,False
no_temperature,102Ah_45degC_1C_cell1,19,102Ah_45degC_1C_cell1,20260929,TCN_finetune_no_temperature,89.8219985961914,89.51341354124054,89.59978701196417,-0.22221158422723875,False
no_temperature,102Ah_45degC_1C_cell1,20,102Ah_45degC_1C_cell1,20260929,TCN_finetune_no_temperature,89.49400329589844,89.17108093800229,89.29599743189496,-0.19800586400347697,False
no_temperature,102Ah_45degC_1C_cell1,21,102Ah_45degC_1C_cell1,20260929,TCN_finetune_no_temperature,89.03600311279297,88.7729032192507,88.8533056233206,-0.18269748947237474,True
no_temperature,102Ah_45degC_1C_cell1,22,102Ah_45degC_1C_cell1,20260929,TCN_finetune_no_temperature,88.69599914550781,88.49070200693185,88.59896648299272,-0.09703266251509035,True
no_temperature,102Ah_45degC_1C_cell1,23,102Ah_45degC_1C_cell1,20260929,TCN_finetune_no_temperature,88.34700012207031,88.2151014386661,88.08373558809828,-0.2632645339720341,True
no_temperature,102Ah_45degC_1C_cell1,24,102Ah_45degC_1C_cell1,20260929,TCN_finetune_no_temperature,88.0,87.9453264077895,87.70321511232784,-0.2967848876721604,True
no_temperature,102Ah_45degC_1C_cell1,25,102Ah_45degC_1C_cell1,20260929,TCN_finetune_no_temperature,87.625,87.67598260341113,87.11852992473071,-0.5064700752692914,True
no_temperature,102Ah_45degC_1C_cell1,26,102Ah_45degC_1C_cell1,20260929,TCN_finetune_no_temperature,87.25800323486328,87.40921718306771,86.75548428721658,-0.5025189476467062,True
no_temperature,102Ah_45degC_1C_cell1,27,102Ah_45degC_1C_cell1,20260929,TCN_finetune_no_temperature,86.91500091552734,87.11088873007692,86.22363329985536,-0.6913676156719788,True
no_temperature,102Ah_45degC_1C_cell1,28,102Ah_45degC_1C_cell1,20260929,TCN_finetune_no_temperature,86.36100006103516,86.66744864457205,85.62747133248403,-0.7335287285511214,True
no_temperature,102Ah_45degC_1C_cell1,29,102Ah_45degC_1C_cell1,20260929,TCN_finetune_no_temperature,85.89399719238281,86.3653337127773,84.9177075988857,-0.9762895934971141,True
no_temperature,102Ah_45degC_1C_cell1,30,102Ah_45degC_1C_cell1,20260929,TCN_finetune_no_temperature,85.51200103759766,86.11459009632583,84.29256372436996,-1.2194373132277008,True
no_temperature,102Ah_45degC_1C_cell1,1,102Ah_45degC_1C_cell1,20260930,TCN_finetune_no_temperature,98.46199798583984,98.21686535113048,98.89030342333507,0.42830543749522576,False
no_temperature,102Ah_45degC_1C_cell1,2,102Ah_45degC_1C_cell1,20260930,TCN_finetune_no_temperature,97.48799896240234,97.15611991415416,97.69892260561382,0.21092364321147272,False
no_temperature,102Ah_45degC_1C_cell1,3,102Ah_45degC_1C_cell1,20260930,TCN_finetune_no_temperature,96.66799926757812,96.35831319829477,96.91797256013406,0.2499732925559357,False
no_temperature,102Ah_45degC_1C_cell1,4,102Ah_45degC_1C_cell1,20260930,TCN_finetune_no_temperature,96.06999969482422,95.69223365327349,96.24282983085146,0.17283013602724395,False
no_temperature,102Ah_45degC_1C_cell1,5,102Ah_45degC_1C_cell1,20260930,TCN_finetune_no_temperature,95.53199768066406,95.02000571466078,95.64078940129866,0.10879172063459919,False
no_temperature,102Ah_45degC_1C_cell1,6,102Ah_45degC_1C_cell1,20260930,TCN_finetune_no_temperature,95.0469970703125,94.50730662278232,95.0428886883646,-0.004108381947901307,False
no_temperature,102Ah_45degC_1C_cell1,7,102Ah_45degC_1C_cell1,20260930,TCN_finetune_no_temperature,94.61000061035156,93.99465035813469,94.4483839811625,-0.16161662918906927,False
no_temperature,102Ah_45degC_1C_cell1,8,102Ah_45degC_1C_cell1,20260930,TCN_finetune_no_temperature,94.1500015258789,93.5451418327883,93.81188278075011,-0.3381187451287957,False
no_temperature,102Ah_45degC_1C_cell1,9,102Ah_45degC_1C_cell1,20260930,TCN_finetune_no_temperature,93.73200225830078,93.12582935109461,93.22750377371634,-0.5044984845844454,False
no_temperature,102Ah_45degC_1C_cell1,10,102Ah_45degC_1C_cell1,20260930,TCN_finetune_no_temperature,93.33999633789062,92.73538366394479,92.62619169490773,-0.7138046429828933,False
no_temperature,102Ah_45degC_1C_cell1,11,102Ah_45degC_1C_cell1,20260930,TCN_finetune_no_temperature,92.94000244140625,92.34708337058076,92.13209081758508,-0.8079116238211697,False
no_temperature,102Ah_45degC_1C_cell1,12,102Ah_45degC_1C_cell1,20260930,TCN_finetune_no_temperature,92.56400299072266,91.98808960286661,91.60420019594713,-0.959802794775527,False
no_temperature,102Ah_45degC_1C_cell1,13,102Ah_45degC_1C_cell1,20260930,TCN_finetune_no_temperature,92.1969985961914,91.63764316447536,91.11276007302563,-1.08423852316578,False
no_temperature,102Ah_45degC_1C_cell1,14,102Ah_45degC_1C_cell1,20260930,TCN_finetune_no_temperature,91.82099914550781,91.27393945666499,90.54106011601634,-1.279939029491473,False
no_temperature,102Ah_45degC_1C_cell1,15,102Ah_45degC_1C_cell1,20260930,TCN_finetune_no_temperature,91.42400360107422,90.93571465815204,90.04299079979556,-1.3810128012786578,False
no_temperature,102Ah_45degC_1C_cell1,16,102Ah_45degC_1C_cell1,20260930,TCN_finetune_no_temperature,90.94300079345703,90.43302522761486,89.35805832011364,-1.5849424733433892,False
no_temperature,102Ah_45degC_1C_cell1,17,102Ah_45degC_1C_cell1,20260930,TCN_finetune_no_temperature,90.60299682617188,90.12427635311595,88.9376827013444,-1.665314124827475,False
no_temperature,102Ah_45degC_1C_cell1,18,102Ah_45degC_1C_cell1,20260930,TCN_finetune_no_temperature,90.27799987792969,89.814887562228,87.24327997250631,-3.0347199054233727,False
no_temperature,102Ah_45degC_1C_cell1,19,102Ah_45degC_1C_cell1,20260930,TCN_finetune_no_temperature,89.8219985961914,89.51341354124054,88.15692257158264,-1.6650760246087657,False
no_temperature,102Ah_45degC_1C_cell1,20,102Ah_45degC_1C_cell1,20260930,TCN_finetune_no_temperature,89.49400329589844,89.17108093800229,87.65356408657712,-1.8404392093213175,False
no_temperature,102Ah_45degC_1C_cell1,21,102Ah_45degC_1C_cell1,20260930,TCN_finetune_no_temperature,89.03600311279297,88.7729032192507,87.57505728342916,-1.4609458293638085,True
no_temperature,102Ah_45degC_1C_cell1,22,102Ah_45degC_1C_cell1,20260930,TCN_finetune_no_temperature,88.69599914550781,88.49070200693185,87.1949707008558,-1.5010284446520075,True
no_temperature,102Ah_45degC_1C_cell1,23,102Ah_45degC_1C_cell1,20260930,TCN_finetune_no_temperature,88.34700012207031,88.2151014386661,86.91916902651857,-1.4278310955517384,True
no_temperature,102Ah_45degC_1C_cell1,24,102Ah_45degC_1C_cell1,20260930,TCN_finetune_no_temperature,88.0,87.9453264077895,86.54399045312336,-1.4560095468766434,True
no_temperature,102Ah_45degC_1C_cell1,25,102Ah_45degC_1C_cell1,20260930,TCN_finetune_no_temperature,87.625,87.67598260341113,86.28231502471392,-1.342684975286076,True
no_temperature,102Ah_45degC_1C_cell1,26,102Ah_45degC_1C_cell1,20260930,TCN_finetune_no_temperature,87.25800323486328,87.40921718306771,85.90777570433846,-1.350227530524819,True
no_temperature,102Ah_45degC_1C_cell1,27,102Ah_45degC_1C_cell1,20260930,TCN_finetune_no_temperature,86.91500091552734,87.11088873007692,85.5559721098224,-1.3590288057049378,True
no_temperature,102Ah_45degC_1C_cell1,28,102Ah_45degC_1C_cell1,20260930,TCN_finetune_no_temperature,86.36100006103516,86.66744864457205,84.70649064057424,-1.6545094204609114,True
no_temperature,102Ah_45degC_1C_cell1,29,102Ah_45degC_1C_cell1,20260930,TCN_finetune_no_temperature,85.89399719238281,86.3653337127773,84.26744333573262,-1.6265538566501903,True
no_temperature,102Ah_45degC_1C_cell1,30,102Ah_45degC_1C_cell1,20260930,TCN_finetune_no_temperature,85.51200103759766,86.11459009632583,83.96479670986648,-1.5472043277311798,True
no_temperature,102Ah_55degC_1C_cell3,1,102Ah_55degC_1C_cell3,20260928,TCN_finetune_no_temperature,98.1500015258789,99.83269686101751,97.36947054265814,-0.7805309832207712,False
no_temperature,102Ah_55degC_1C_cell3,2,102Ah_55degC_1C_cell3,20260928,TCN_finetune_no_temperature,97.00199890136719,99.25616575954531,96.88447691677187,-0.11752198459531371,False
no_temperature,102Ah_55degC_1C_cell3,3,102Ah_55degC_1C_cell3,20260928,TCN_finetune_no_temperature,93.69200134277344,97.39139652072582,95.03275728046093,1.34075593768749,False
no_temperature,102Ah_55degC_1C_cell3,4,102Ah_55degC_1C_cell3,20260928,TCN_finetune_no_temperature,93.08599853515625,97.02570771604691,94.77725505262528,1.6912565174690286,False
no_temperature,102Ah_55degC_1C_cell3,5,102Ah_55degC_1C_cell3,20260928,TCN_finetune_no_temperature,92.50499725341797,96.66366245774051,94.37321307686588,1.8682158234479118,False
no_temperature,102Ah_55degC_1C_cell3,6,102Ah_55degC_1C_cell3,20260928,TCN_finetune_no_temperature,91.9530029296875,96.30761220329386,93.97007992141825,2.0170769917307467,False
no_temperature,102Ah_55degC_1C_cell3,7,102Ah_55degC_1C_cell3,20260928,TCN_finetune_no_temperature,91.40699768066406,95.91243520183971,93.6433285753291,2.2363308946650307,False
no_temperature,102Ah_55degC_1C_cell3,8,102Ah_55degC_1C_cell3,20260928,TCN_finetune_no_temperature,90.84600067138672,95.57662465186336,93.2813759049914,2.435375233604688,False
no_temperature,102Ah_55degC_1C_cell3,9,102Ah_55degC_1C_cell3,20260928,TCN_finetune_no_temperature,90.3010025024414,95.24558937468242,92.87920725264263,2.5782047502012233,False
no_temperature,102Ah_55degC_1C_cell3,10,102Ah_55degC_1C_cell3,20260928,TCN_finetune_no_temperature,89.74400329589844,94.91395191362288,92.54583362749007,2.8018303315916313,False
no_temperature,102Ah_55degC_1C_cell3,11,102Ah_55degC_1C_cell3,20260928,TCN_finetune_no_temperature,89.2040023803711,94.59136216346258,92.31637422744268,3.1123718470715858,False
no_temperature,102Ah_55degC_1C_cell3,12,102Ah_55degC_1C_cell3,20260928,TCN_finetune_no_temperature,88.66100311279297,94.26714410990898,91.93573584765618,3.274732734863207,False
no_temperature,102Ah_55degC_1C_cell3,13,102Ah_55degC_1C_cell3,20260928,TCN_finetune_no_temperature,88.03900146484375,93.74126764201019,91.40414067171905,3.3651392068752983,False
no_temperature,102Ah_55degC_1C_cell3,14,102Ah_55degC_1C_cell3,20260928,TCN_finetune_no_temperature,87.51200103759766,93.42564425849842,91.10476885223316,3.5927678146355078,False
no_temperature,102Ah_55degC_1C_cell3,15,102Ah_55degC_1C_cell3,20260928,TCN_finetune_no_temperature,86.96199798583984,93.11682070201574,90.77301562732397,3.8110176414841277,False
no_temperature,102Ah_55degC_1C_cell3,16,102Ah_55degC_1C_cell3,20260928,TCN_finetune_no_temperature,86.37999725341797,92.80560897904553,90.61450075226941,4.2345034988514385,False
no_temperature,102Ah_55degC_1C_cell3,17,102Ah_55degC_1C_cell3,20260928,TCN_finetune_no_temperature,85.81500244140625,92.50184537320915,90.18234087377373,4.367338432367475,False
no_temperature,102Ah_55degC_1C_cell3,18,102Ah_55degC_1C_cell3,20260928,TCN_finetune_no_temperature,85.10800170898438,92.19527438794627,89.84069732343211,4.732695614447735,False
no_temperature,102Ah_55degC_1C_cell3,19,102Ah_55degC_1C_cell3,20260928,TCN_finetune_no_temperature,84.20700073242188,91.79940857002302,89.45192159721418,5.244920864792306,False
no_temperature,102Ah_55degC_1C_cell3,20,102Ah_55degC_1C_cell3,20260928,TCN_finetune_no_temperature,83.03500366210938,91.4979075465794,89.08933534961895,6.054331687509574,False
no_temperature,102Ah_55degC_1C_cell3,21,102Ah_55degC_1C_cell3,20260928,TCN_finetune_no_temperature,81.81400299072266,91.20373765456696,88.81440464484712,7.00040165412446,True
no_temperature,102Ah_55degC_1C_cell3,22,102Ah_55degC_1C_cell3,20260928,TCN_finetune_no_temperature,80.49400329589844,90.90749645463741,88.48053145639217,7.986528160493734,True
no_temperature,102Ah_55degC_1C_cell3,23,102Ah_55degC_1C_cell3,20260928,TCN_finetune_no_temperature,79.11599731445312,90.61824711855918,88.11336788233787,8.997370567884744,True
no_temperature,102Ah_55degC_1C_cell3,24,102Ah_55degC_1C_cell3,20260928,TCN_finetune_no_temperature,77.65799713134766,90.33156117028366,87.84346350258957,10.185466371241915,True
no_temperature,102Ah_55degC_1C_cell3,25,102Ah_55degC_1C_cell3,20260928,TCN_finetune_no_temperature,76.06800079345703,90.03819709149488,87.52951364842542,11.46151285496839,True
no_temperature,102Ah_55degC_1C_cell3,26,102Ah_55degC_1C_cell3,20260928,TCN_finetune_no_temperature,74.4020004272461,89.7308441645546,87.21704020566177,12.81503977841568,True
no_temperature,102Ah_55degC_1C_cell3,27,102Ah_55degC_1C_cell3,20260928,TCN_finetune_no_temperature,72.73300170898438,89.16697801012047,86.65134848016747,13.918346771183096,True
no_temperature,102Ah_55degC_1C_cell3,28,102Ah_55degC_1C_cell3,20260928,TCN_finetune_no_temperature,71.20500183105469,88.89198965498467,86.32619184919854,15.12119001814385,True
no_temperature,102Ah_55degC_1C_cell3,29,102Ah_55degC_1C_cell3,20260928,TCN_finetune_no_temperature,69.63400268554688,88.61567018169599,86.00499127048688,16.370988584940008,True
no_temperature,102Ah_55degC_1C_cell3,30,102Ah_55degC_1C_cell3,20260928,TCN_finetune_no_temperature,68.08300018310547,88.28306657160668,85.76218158091454,17.679181397809074,True
no_temperature,102Ah_55degC_1C_cell3,1,102Ah_55degC_1C_cell3,20260929,TCN_finetune_no_temperature,98.1500015258789,99.83269686101751,97.36465258001165,-0.7853489458672556,False
no_temperature,102Ah_55degC_1C_cell3,2,102Ah_55degC_1C_cell3,20260929,TCN_finetune_no_temperature,97.00199890136719,99.25616575954531,96.79311181781863,-0.20888708354856078,False
no_temperature,102Ah_55degC_1C_cell3,3,102Ah_55degC_1C_cell3,20260929,TCN_finetune_no_temperature,93.69200134277344,97.39139652072582,94.88549613773021,1.1934947949567771,False
no_temperature,102Ah_55degC_1C_cell3,4,102Ah_55degC_1C_cell3,20260929,TCN_finetune_no_temperature,93.08599853515625,97.02570771604691,94.52769183546219,1.4416933003059427,False
no_temperature,102Ah_55degC_1C_cell3,5,102Ah_55degC_1C_cell3,20260929,TCN_finetune_no_temperature,92.50499725341797,96.66366245774051,94.13224699524662,1.6272497418286491,False
no_temperature,102Ah_55degC_1C_cell3,6,102Ah_55degC_1C_cell3,20260929,TCN_finetune_no_temperature,91.9530029296875,96.30761220329386,93.73806049697977,1.7850575672922702,False
no_temperature,102Ah_55degC_1C_cell3,7,102Ah_55degC_1C_cell3,20260929,TCN_finetune_no_temperature,91.40699768066406,95.91243520183971,93.31372561855724,1.90672793789318,False
no_temperature,102Ah_55degC_1C_cell3,8,102Ah_55degC_1C_cell3,20260929,TCN_finetune_no_temperature,90.84600067138672,95.57662465186336,92.96532585234858,2.119325180961866,False
no_temperature,102Ah_55degC_1C_cell3,9,102Ah_55degC_1C_cell3,20260929,TCN_finetune_no_temperature,90.3010025024414,95.24558937468242,92.58122265257549,2.2802201501340846,False
no_temperature,102Ah_55degC_1C_cell3,10,102Ah_55degC_1C_cell3,20260929,TCN_finetune_no_temperature,89.74400329589844,94.91395191362288,92.24751786401656,2.5035145681181206,False
no_temperature,102Ah_55degC_1C_cell3,11,102Ah_55degC_1C_cell3,20260929,TCN_finetune_no_temperature,89.2040023803711,94.59136216346258,91.92454330626958,2.72054092589849,False
no_temperature,102Ah_55degC_1C_cell3,12,102Ah_55degC_1C_cell3,20260929,TCN_finetune_no_temperature,88.66100311279297,94.26714410990898,91.56072154254143,2.899718429748461,False
no_temperature,102Ah_55degC_1C_cell3,13,102Ah_55degC_1C_cell3,20260929,TCN_finetune_no_temperature,88.03900146484375,93.74126764201019,91.01024742983672,2.971245964992974,False
no_temperature,102Ah_55degC_1C_cell3,14,102Ah_55degC_1C_cell3,20260929,TCN_finetune_no_temperature,87.51200103759766,93.42564425849842,90.65820346259999,3.146202425002329,False
no_temperature,102Ah_55degC_1C_cell3,15,102Ah_55degC_1C_cell3,20260929,TCN_finetune_no_temperature,86.96199798583984,93.11682070201574,90.33641398853003,3.3744160026901824,False
no_temperature,102Ah_55degC_1C_cell3,16,102Ah_55degC_1C_cell3,20260929,TCN_finetune_no_temperature,86.37999725341797,92.80560897904553,90.12782882767834,3.747831574260374,False
no_temperature,102Ah_55degC_1C_cell3,17,102Ah_55degC_1C_cell3,20260929,TCN_finetune_no_temperature,85.81500244140625,92.50184537320915,89.6953034535009,3.880301012094648,False
no_temperature,102Ah_55degC_1C_cell3,18,102Ah_55degC_1C_cell3,20260929,TCN_finetune_no_temperature,85.10800170898438,92.19527438794627,89.35264424001231,4.244642531027935,False
no_temperature,102Ah_55degC_1C_cell3,19,102Ah_55degC_1C_cell3,20260929,TCN_finetune_no_temperature,84.20700073242188,91.79940857002302,88.93695224830671,4.729951515884835,False
no_temperature,102Ah_55degC_1C_cell3,20,102Ah_55degC_1C_cell3,20260929,TCN_finetune_no_temperature,83.03500366210938,91.4979075465794,88.60085335117535,5.5658496890659706,False
no_temperature,102Ah_55degC_1C_cell3,21,102Ah_55degC_1C_cell3,20260929,TCN_finetune_no_temperature,81.81400299072266,91.20373765456696,88.28566066253205,6.471657671809396,True
no_temperature,102Ah_55degC_1C_cell3,22,102Ah_55degC_1C_cell3,20260929,TCN_finetune_no_temperature,80.49400329589844,90.90749645463741,87.96675849191463,7.472755196016195,True
no_temperature,102Ah_55degC_1C_cell3,23,102Ah_55degC_1C_cell3,20260929,TCN_finetune_no_temperature,79.11599731445312,90.61824711855918,87.60665425356895,8.490656939115823,True
no_temperature,102Ah_55degC_1C_cell3,24,102Ah_55degC_1C_cell3,20260929,TCN_finetune_no_temperature,77.65799713134766,90.33156117028366,87.34059985703598,9.682602725688326,True
no_temperature,102Ah_55degC_1C_cell3,25,102Ah_55degC_1C_cell3,20260929,TCN_finetune_no_temperature,76.06800079345703,90.03819709149488,87.05270629254468,10.984705499087653,True
no_temperature,102Ah_55degC_1C_cell3,26,102Ah_55degC_1C_cell3,20260929,TCN_finetune_no_temperature,74.4020004272461,89.7308441645546,86.69240655965042,12.290406132404328,True
no_temperature,102Ah_55degC_1C_cell3,27,102Ah_55degC_1C_cell3,20260929,TCN_finetune_no_temperature,72.73300170898438,89.16697801012047,86.10844458002099,13.375442871036611,True
no_temperature,102Ah_55degC_1C_cell3,28,102Ah_55degC_1C_cell3,20260929,TCN_finetune_no_temperature,71.20500183105469,88.89198965498467,85.79946011969109,14.594458288636403,True
no_temperature,102Ah_55degC_1C_cell3,29,102Ah_55degC_1C_cell3,20260929,TCN_finetune_no_temperature,69.63400268554688,88.61567018169599,85.49227736133771,15.858274675790838,True
no_temperature,102Ah_55degC_1C_cell3,30,102Ah_55degC_1C_cell3,20260929,TCN_finetune_no_temperature,68.08300018310547,88.28306657160668,85.17569428767113,17.092694104565666,True
no_temperature,102Ah_55degC_1C_cell3,1,102Ah_55degC_1C_cell3,20260930,TCN_finetune_no_temperature,98.1500015258789,99.83269686101751,97.45726317762212,-0.6927383482567819,False
no_temperature,102Ah_55degC_1C_cell3,2,102Ah_55degC_1C_cell3,20260930,TCN_finetune_no_temperature,97.00199890136719,99.25616575954531,96.84320618389224,-0.15879271747495238,False
no_temperature,102Ah_55degC_1C_cell3,3,102Ah_55degC_1C_cell3,20260930,TCN_finetune_no_temperature,93.69200134277344,97.39139652072582,94.8072538357893,1.1152524930158592,False
no_temperature,102Ah_55degC_1C_cell3,4,102Ah_55degC_1C_cell3,20260930,TCN_finetune_no_temperature,93.08599853515625,97.02570771604691,94.48846768766556,1.4024691525093118,False
no_temperature,102Ah_55degC_1C_cell3,5,102Ah_55degC_1C_cell3,20260930,TCN_finetune_no_temperature,92.50499725341797,96.66366245774051,94.1024711373212,1.597473883903234,False
no_temperature,102Ah_55degC_1C_cell3,6,102Ah_55degC_1C_cell3,20260930,TCN_finetune_no_temperature,91.9530029296875,96.30761220329386,93.72544982307535,1.7724468933878512,False
no_temperature,102Ah_55degC_1C_cell3,7,102Ah_55degC_1C_cell3,20260930,TCN_finetune_no_temperature,91.40699768066406,95.91243520183971,93.35892906589916,1.951931385235099,False
no_temperature,102Ah_55degC_1C_cell3,8,102Ah_55degC_1C_cell3,20260930,TCN_finetune_no_temperature,90.84600067138672,95.57662465186336,93.02595212073543,2.1799514493487067,False
no_temperature,102Ah_55degC_1C_cell3,9,102Ah_55degC_1C_cell3,20260930,TCN_finetune_no_temperature,90.3010025024414,95.24558937468242,92.68099939741802,2.379996894976614,False
no_temperature,102Ah_55degC_1C_cell3,10,102Ah_55degC_1C_cell3,20260930,TCN_finetune_no_temperature,89.74400329589844,94.91395191362288,92.36195401361373,2.6179507177152885,False
no_temperature,102Ah_55degC_1C_cell3,11,102Ah_55degC_1C_cell3,20260930,TCN_finetune_no_temperature,89.2040023803711,94.59136216346258,92.09119026366704,2.887187883295951,False
no_temperature,102Ah_55degC_1C_cell3,12,102Ah_55degC_1C_cell3,20260930,TCN_finetune_no_temperature,88.66100311279297,94.26714410990898,91.75461545199578,3.0936123392028065,False
no_temperature,102Ah_55degC_1C_cell3,13,102Ah_55degC_1C_cell3,20260930,TCN_finetune_no_temperature,88.03900146484375,93.74126764201019,91.24144526385162,3.2024437990078667,False
no_temperature,102Ah_55degC_1C_cell3,14,102Ah_55degC_1C_cell3,20260930,TCN_finetune_no_temperature,87.51200103759766,93.42564425849842,90.94331488990711,3.431313852309458,False
no_temperature,102Ah_55degC_1C_cell3,15,102Ah_55degC_1C_cell3,20260930,TCN_finetune_no_temperature,86.96199798583984,93.11682070201574,90.63547075694738,3.673472771107541,False
no_temperature,102Ah_55degC_1C_cell3,16,102Ah_55degC_1C_cell3,20260930,TCN_finetune_no_temperature,86.37999725341797,92.80560897904553,90.38344406205334,4.003446808635374,False
no_temperature,102Ah_55degC_1C_cell3,17,102Ah_55degC_1C_cell3,20260930,TCN_finetune_no_temperature,85.81500244140625,92.50184537320915,90.01490308194938,4.1999006405431345,False
no_temperature,102Ah_55degC_1C_cell3,18,102Ah_55degC_1C_cell3,20260930,TCN_finetune_no_temperature,85.10800170898438,92.19527438794627,89.69775370275035,4.589751993765972,False
no_temperature,102Ah_55degC_1C_cell3,19,102Ah_55degC_1C_cell3,20260930,TCN_finetune_no_temperature,84.20700073242188,91.79940857002302,89.2990402133183,5.092039480896432,False
no_temperature,102Ah_55degC_1C_cell3,20,102Ah_55degC_1C_cell3,20260930,TCN_finetune_no_temperature,83.03500366210938,91.4979075465794,88.98980799061016,5.954804328500785,False
no_temperature,102Ah_55degC_1C_cell3,21,102Ah_55degC_1C_cell3,20260930,TCN_finetune_no_temperature,81.81400299072266,91.20373765456696,88.68676129806062,6.872758307337961,True
no_temperature,102Ah_55degC_1C_cell3,22,102Ah_55degC_1C_cell3,20260930,TCN_finetune_no_temperature,80.49400329589844,90.90749645463741,88.38723135225094,7.893228056352498,True
no_temperature,102Ah_55degC_1C_cell3,23,102Ah_55degC_1C_cell3,20260930,TCN_finetune_no_temperature,79.11599731445312,90.61824711855918,88.0886226564315,8.972625341978372,True
no_temperature,102Ah_55degC_1C_cell3,24,102Ah_55degC_1C_cell3,20260930,TCN_finetune_no_temperature,77.65799713134766,90.33156117028366,87.81946524209152,10.161468110743868,True
no_temperature,102Ah_55degC_1C_cell3,25,102Ah_55degC_1C_cell3,20260930,TCN_finetune_no_temperature,76.06800079345703,90.03819709149488,87.53447108594068,11.466470292483649,True
no_temperature,102Ah_55degC_1C_cell3,26,102Ah_55degC_1C_cell3,20260930,TCN_finetune_no_temperature,74.4020004272461,89.7308441645546,87.21371164387894,12.811711216632844,True
no_temperature,102Ah_55degC_1C_cell3,27,102Ah_55degC_1C_cell3,20260930,TCN_finetune_no_temperature,72.73300170898438,89.16697801012047,86.67771781343468,13.944716104450308,True
no_temperature,102Ah_55degC_1C_cell3,28,102Ah_55degC_1C_cell3,20260930,TCN_finetune_no_temperature,71.20500183105469,88.89198965498467,86.41536230513115,15.210360474076467,True
no_temperature,102Ah_55degC_1C_cell3,29,102Ah_55degC_1C_cell3,20260930,TCN_finetune_no_temperature,69.63400268554688,88.61567018169599,86.1669521107121,16.532949425165228,True
no_temperature,102Ah_55degC_1C_cell3,30,102Ah_55degC_1C_cell3,20260930,TCN_finetune_no_temperature,68.08300018310547,88.28306657160668,85.79789716090112,17.714896977795647,True
