condition,held_cell,seed,pretrain_initial_loss_mV2,pretrain_final_loss_mV2,held_event_next_voltage_loss_mV2,head_initial_loss,head_final_loss,pretrain_seconds,head_seconds
no_temperature,102Ah_25degC_0p5C_cell3,20260928,92.69143911508414,40.03394390986516,16.363503456115723,3.545923852920532,0.5522577270865441,1.575300624999727,4.541656417000922
no_temperature,102Ah_25degC_0p5C_cell3,20260929,92.25653486985426,44.90841249319223,16.63457155227661,3.945083665847778,0.42002012133598327,2.1839621670005727,5.270121790999838
no_temperature,102Ah_25degC_0p5C_cell3,20260930,91.93014408991887,43.565623210026665,15.644946098327637,2.4871835231781008,0.4768632292747498,2.2534255840000696,5.470976250000604
no_temperature,102Ah_25degC_1C_cell3,20260928,86.24673080444336,34.56209593552809,27.49565029144287,3.652379941940308,0.7955485969781876,2.2551668340001925,5.3648462500004825
no_temperature,102Ah_25degC_1C_cell3,20260929,86.22106023935171,37.59963490412785,24.71970844268799,4.072257137298584,0.43106829673051833,2.217358875001082,5.3366234580007585
no_temperature,102Ah_25degC_1C_cell3,20260930,85.85879927415114,37.41716854388897,22.730831623077393,2.815308952331543,0.45584321916103365,2.225257916999908,5.374212124999758
no_temperature,102Ah_35degC_1C_cell1,20260928,87.71613077016977,33.91880989074707,40.98026084899902,3.4507402896881105,0.5419729501008987,2.225266208000903,5.421460916999422
no_temperature,102Ah_35degC_1C_cell1,20260929,87.38652508075421,36.74246318523701,37.30743980407715,3.888788843154907,0.4018165111541748,2.2273874999991676,5.450108791001185
no_temperature,102Ah_35degC_1C_cell1,20260930,86.96636023888222,36.85300196134127,32.79689121246338,2.737956428527832,0.49811929166316987,2.240895625000121,5.5001329999995505
no_temperature,102Ah_45degC_0p5C_cell3,20260928,80.38464590219351,35.66381161029522,30.714088439941406,3.2119662284851076,0.5820453360676765,2.3015018749993033,5.6287871669992455
no_temperature,102Ah_45degC_0p5C_cell3,20260929,80.0988282423753,38.341605553260216,34.50688934326172,3.611205291748047,0.4227606371045113,2.2926270839998324,5.577372084000672
no_temperature,102Ah_45degC_0p5C_cell3,20260930,79.77173409095177,38.27734727125902,33.890268325805664,2.52092604637146,0.402496737241745,2.2947645830008696,5.605854166999052
no_temperature,102Ah_45degC_1C_cell1,20260928,75.54436287513145,32.72398801950308,34.267648696899414,3.721452236175537,0.5186711922287941,2.2964903749998484,5.40692266699989
no_temperature,102Ah_45degC_1C_cell1,20260929,75.6649181659405,35.525928057157074,38.29506206512451,4.162855052947998,0.4253612108528614,1.607785292000699,4.052551541000867
no_temperature,102Ah_45degC_1C_cell1,20260930,75.35161795982948,35.59518594008226,37.41706657409668,2.9680737972259523,0.5107705593109131,1.6351271250005084,4.095171584000127
no_temperature,102Ah_55degC_1C_cell3,20260928,56.021553626427284,17.530212328984188,149.79515838623047,1.7722456574440002,0.1989569216966629,1.6138675000001967,4.1442537080001784
no_temperature,102Ah_55degC_1C_cell3,20260929,55.95340699415941,19.767788740304802,151.5811538696289,2.3809578657150268,0.11732040643692017,1.6295849159996578,4.087818459000118
no_temperature,102Ah_55degC_1C_cell3,20260930,55.61651846078726,19.846368056077225,150.4243049621582,1.1849148511886596,0.06890241354703903,1.618753624999954,4.123700250000184
