cell_id,target_ordinal,method,actual_pp,pred_pp,error_pp
102Ah_25degC_0p5C_cell3,1,stable_noT,100.57,96.92463771446972,-3.6453622855302683
102Ah_25degC_0p5C_cell3,2,stable_noT,99.885,96.15400734101789,-3.7309926589821174
102Ah_25degC_0p5C_cell3,3,stable_noT,99.386,95.58595873427795,-3.8000412657220437
102Ah_25degC_0p5C_cell3,4,stable_noT,98.994,95.10848305570428,-3.8855169442957163
102Ah_25degC_0p5C_cell3,5,stable_noT,98.602,94.70267860114048,-3.899321398859527
102Ah_25degC_0p5C_cell3,6,stable_noT,98.235,94.0111957877258,-4.223804212274203
102Ah_25degC_0p5C_cell3,7,stable_noT,97.993,93.67672283933625,-4.316277160663745
102Ah_25degC_0p5C_cell3,8,stable_noT,97.71,93.34915036152029,-4.360849638479706
102Ah_25degC_0p5C_cell3,9,stable_noT,97.441,93.05050411765414,-4.39049588234586
102Ah_25degC_0p5C_cell3,10,stable_noT,97.212,92.77624200511843,-4.43575799488157
102Ah_25degC_0p5C_cell3,11,stable_noT,97.027,92.52276356949105,-4.5042364305089535
102Ah_25degC_0p5C_cell3,12,stable_noT,96.825,92.27194224076797,-4.553057759232033
102Ah_25degC_0p5C_cell3,13,stable_noT,96.653,92.03857157840181,-4.614428421598191
102Ah_25degC_0p5C_cell3,14,stable_noT,96.449,91.80587412759144,-4.643125872408561
102Ah_25degC_0p5C_cell3,15,stable_noT,96.24,91.58076515249641,-4.659234847503583
102Ah_25degC_0p5C_cell3,16,stable_noT,96.134,91.32991661016376,-4.8040833898362365
102Ah_25degC_0p5C_cell3,17,stable_noT,95.949,91.10822371349352,-4.8407762865064825
102Ah_25degC_0p5C_cell3,18,stable_noT,95.782,90.902670955204,-4.879329044795995
102Ah_25degC_0p5C_cell3,19,stable_noT,95.643,90.70835782828846,-4.934642171711545
102Ah_25degC_0p5C_cell3,20,stable_noT,95.469,90.50234148267783,-4.966658517322159
102Ah_25degC_0p5C_cell3,21,stable_noT,95.318,90.31629122860534,-5.001708771394661
102Ah_25degC_0p5C_cell3,22,stable_noT,95.076,89.93656489720554,-5.139435102794451
102Ah_25degC_0p5C_cell3,23,stable_noT,94.944,89.7612438661379,-5.1827561338620995
102Ah_25degC_0p5C_cell3,24,stable_noT,94.756,89.58281904139594,-5.173180958604064
102Ah_25degC_0p5C_cell3,25,stable_noT,94.621,89.39876672703696,-5.222233272963038
102Ah_25degC_0p5C_cell3,26,stable_noT,94.566,89.19662614646923,-5.3693738535307745
102Ah_25degC_0p5C_cell3,27,stable_noT,94.418,89.0262471443303,-5.391752855669708
102Ah_25degC_0p5C_cell3,28,stable_noT,94.238,88.8580021253973,-5.379997874602694
102Ah_25degC_0p5C_cell3,29,stable_noT,94.035,88.69685415323758,-5.338145846762416
102Ah_25degC_0p5C_cell3,30,stable_noT,93.975,88.53239904123298,-5.4426009587670166
102Ah_25degC_0p5C_cell3,1,current_T_only,100.57,100.1189347417276,-0.4510652582723935
102Ah_25degC_0p5C_cell3,2,current_T_only,99.885,99.41700668445391,-0.4679933155460958
102Ah_25degC_0p5C_cell3,3,current_T_only,99.386,98.80314271512964,-0.5828572848703573
102Ah_25degC_0p5C_cell3,4,current_T_only,98.994,98.28717076533205,-0.7068292346679499
102Ah_25degC_0p5C_cell3,5,current_T_only,98.602,97.84865994310559,-0.753340056894416
102Ah_25degC_0p5C_cell3,6,current_T_only,98.235,96.59490200653401,-1.6400979934659858
102Ah_25degC_0p5C_cell3,7,current_T_only,97.993,96.39911742215482,-1.5938825778451786
102Ah_25degC_0p5C_cell3,8,current_T_only,97.71,95.96738531358953,-1.7426146864104624
102Ah_25degC_0p5C_cell3,9,current_T_only,97.441,95.71670459845734,-1.724295401542662
102Ah_25degC_0p5C_cell3,10,current_T_only,97.212,95.41757312431555,-1.7944268756844508
102Ah_25degC_0p5C_cell3,11,current_T_only,97.027,95.04728217395147,-1.9797178260485282
102Ah_25degC_0p5C_cell3,12,current_T_only,96.825,94.73594396231606,-2.089056037683946
102Ah_25degC_0p5C_cell3,13,current_T_only,96.653,94.48100434269467,-2.171995657305331
102Ah_25degC_0p5C_cell3,14,current_T_only,96.449,94.28287329706446,-2.166126702935543
102Ah_25degC_0p5C_cell3,15,current_T_only,96.24,94.07421981125205,-2.165780188747945
102Ah_25degC_0p5C_cell3,16,current_T_only,96.134,93.78168391644249,-2.352316083557511
102Ah_25degC_0p5C_cell3,17,current_T_only,95.949,93.4456601215863,-2.5033398784136978
102Ah_25degC_0p5C_cell3,18,current_T_only,95.782,93.11771344838226,-2.664286551617735
102Ah_25degC_0p5C_cell3,19,current_T_only,95.643,92.97051965653071,-2.6724803434692888
102Ah_25degC_0p5C_cell3,20,current_T_only,95.469,92.6701624100863,-2.7988375899136884
102Ah_25degC_0p5C_cell3,21,current_T_only,95.318,92.41019370185948,-2.907806298140514
102Ah_25degC_0p5C_cell3,22,current_T_only,95.076,91.97826952532431,-3.0977304746756857
102Ah_25degC_0p5C_cell3,23,current_T_only,94.944,91.82351593147911,-3.120484068520895
102Ah_25degC_0p5C_cell3,24,current_T_only,94.756,91.90872745518202,-2.847272544817983
102Ah_25degC_0p5C_cell3,25,current_T_only,94.621,91.74445135247286,-2.8765486475271302
102Ah_25degC_0p5C_cell3,26,current_T_only,94.566,91.09254139719499,-3.4734586028050103
102Ah_25degC_0p5C_cell3,27,current_T_only,94.418,90.90559049663523,-3.512409503364779
102Ah_25degC_0p5C_cell3,28,current_T_only,94.238,90.87073682704016,-3.367263172959838
102Ah_25degC_0p5C_cell3,29,current_T_only,94.035,91.10577832575277,-2.9292216742472306
102Ah_25degC_0p5C_cell3,30,current_T_only,93.975,90.68181941406908,-3.2931805859309122
102Ah_25degC_0p5C_cell3,1,full_prefix_meanT,100.57,106.2432318926902,5.673231892690211
102Ah_25degC_0p5C_cell3,2,full_prefix_meanT,99.885,105.52666796003832,5.641667960038319
102Ah_25degC_0p5C_cell3,3,full_prefix_meanT,99.386,104.98332530695663,5.597325306956634
102Ah_25degC_0p5C_cell3,4,full_prefix_meanT,98.994,104.51636454690625,5.522364546906246
102Ah_25degC_0p5C_cell3,5,full_prefix_meanT,98.602,104.11113430016819,5.509134300168185
102Ah_25degC_0p5C_cell3,6,full_prefix_meanT,98.235,102.83011946227657,4.595119462276571
102Ah_25degC_0p5C_cell3,7,full_prefix_meanT,97.993,102.32417628635197,4.331176286351976
102Ah_25degC_0p5C_cell3,8,full_prefix_meanT,97.71,101.89536461407593,4.185364614075937
102Ah_25degC_0p5C_cell3,9,full_prefix_meanT,97.441,101.50190994987919,4.060909949879189
102Ah_25degC_0p5C_cell3,10,full_prefix_meanT,97.212,101.15852883474405,3.9465288347440435
102Ah_25degC_0p5C_cell3,11,full_prefix_meanT,97.027,100.83009534397976,3.803095343979763
102Ah_25degC_0p5C_cell3,12,full_prefix_meanT,96.825,100.505627583277,3.6806275832770012
102Ah_25degC_0p5C_cell3,13,full_prefix_meanT,96.653,100.18103817528294,3.52803817528293
102Ah_25degC_0p5C_cell3,14,full_prefix_meanT,96.449,99.87104411536637,3.4220441153663756
102Ah_25degC_0p5C_cell3,15,full_prefix_meanT,96.24,99.58855105616894,3.3485510561689438
102Ah_25degC_0p5C_cell3,16,full_prefix_meanT,96.134,99.27424388430478,3.1402438843047804
102Ah_25degC_0p5C_cell3,17,full_prefix_meanT,95.949,98.9719743034609,3.0229743034608987
102Ah_25degC_0p5C_cell3,18,full_prefix_meanT,95.782,98.68012207572318,2.8981220757231796
102Ah_25degC_0p5C_cell3,19,full_prefix_meanT,95.643,98.3852132864529,2.7422132864528947
102Ah_25degC_0p5C_cell3,20,full_prefix_meanT,95.469,98.07931247228092,2.610312472280924
102Ah_25degC_0p5C_cell3,21,full_prefix_meanT,95.318,97.79009040395725,2.472090403957253
102Ah_25degC_0p5C_cell3,22,full_prefix_meanT,95.076,97.26600453748684,2.1900045374868427
102Ah_25degC_0p5C_cell3,23,full_prefix_meanT,94.944,96.9738051457663,2.0298051457663036
102Ah_25degC_0p5C_cell3,24,full_prefix_meanT,94.756,96.7176417672983,1.9616417672983033
102Ah_25degC_0p5C_cell3,25,full_prefix_meanT,94.621,96.46108530462412,1.8400853046241252
102Ah_25degC_0p5C_cell3,26,full_prefix_meanT,94.566,96.16007107029812,1.5940710702981136
102Ah_25degC_0p5C_cell3,27,full_prefix_meanT,94.418,95.89348964494923,1.4754896449492207
102Ah_25degC_0p5C_cell3,28,full_prefix_meanT,94.238,95.63751712188493,1.3995171218849265
102Ah_25degC_0p5C_cell3,29,full_prefix_meanT,94.035,95.39598501076615,1.3609850107661572
102Ah_25degC_0p5C_cell3,30,full_prefix_meanT,93.975,95.18390044455762,1.208900444557628
102Ah_25degC_0p5C_cell3,1,full_prefix_hot_fraction,100.57,97.5874892739832,-2.9825107260167982
102Ah_25degC_0p5C_cell3,2,full_prefix_hot_fraction,99.885,96.81089680193958,-3.0741031980604276
102Ah_25degC_0p5C_cell3,3,full_prefix_hot_fraction,99.386,96.2384879266478,-3.147512073352189
102Ah_25degC_0p5C_cell3,4,full_prefix_hot_fraction,98.994,95.75736373002923,-3.2366362699707736
102Ah_25degC_0p5C_cell3,5,full_prefix_hot_fraction,98.602,95.34847189506951,-3.2535281049304956
102Ah_25degC_0p5C_cell3,6,full_prefix_hot_fraction,98.235,94.62880342638607,-3.6061965736139285
102Ah_25degC_0p5C_cell3,7,full_prefix_hot_fraction,97.993,94.29975861428078,-3.693241385719219
102Ah_25degC_0p5C_cell3,8,full_prefix_hot_fraction,97.71,93.97330878872579,-3.7366912112742057
102Ah_25degC_0p5C_cell3,9,full_prefix_hot_fraction,97.441,93.67438646039928,-3.7666135396007263
102Ah_25degC_0p5C_cell3,10,full_prefix_hot_fraction,97.212,93.3992267302853,-3.8127732697146968
102Ah_25degC_0p5C_cell3,11,full_prefix_hot_fraction,97.027,93.14459720472188,-3.882402795278125
102Ah_25degC_0p5C_cell3,12,full_prefix_hot_fraction,96.825,92.89240467408425,-3.932595325915756
102Ah_25degC_0p5C_cell3,13,full_prefix_hot_fraction,96.653,92.65760821834348,-3.9953917816565223
102Ah_25degC_0p5C_cell3,14,full_prefix_hot_fraction,96.449,92.42338029986948,-4.02561970013052
102Ah_25degC_0p5C_cell3,15,full_prefix_hot_fraction,96.24,92.19670973991455,-4.043290260085442
102Ah_25degC_0p5C_cell3,16,full_prefix_hot_fraction,96.134,91.94404813216137,-4.18995186783863
102Ah_25degC_0p5C_cell3,17,full_prefix_hot_fraction,95.949,91.7207089036402,-4.228291096359797
102Ah_25degC_0p5C_cell3,18,full_prefix_hot_fraction,95.782,91.51358998978893,-4.2684100102110705
102Ah_25degC_0p5C_cell3,19,full_prefix_hot_fraction,95.643,91.3177665863273,-4.325233413672706
102Ah_25degC_0p5C_cell3,20,full_prefix_hot_fraction,95.469,91.11012868145461,-4.358871318545383
102Ah_25degC_0p5C_cell3,21,full_prefix_hot_fraction,95.318,90.92258743695491,-4.395412563045085
102Ah_25degC_0p5C_cell3,22,full_prefix_hot_fraction,95.076,90.5399508853451,-4.536049114654887
102Ah_25degC_0p5C_cell3,23,full_prefix_hot_fraction,94.944,90.36100886777295,-4.5829911322270505
102Ah_25degC_0p5C_cell3,24,full_prefix_hot_fraction,94.756,90.18121758334952,-4.5747824166504785
102Ah_25degC_0p5C_cell3,25,full_prefix_hot_fraction,94.621,89.99573867481405,-4.625261325185946
102Ah_25degC_0p5C_cell3,26,full_prefix_hot_fraction,94.566,89.79202574989644,-4.773974250103564
102Ah_25degC_0p5C_cell3,27,full_prefix_hot_fraction,94.418,89.62028653836316,-4.797713461636846
102Ah_25degC_0p5C_cell3,28,full_prefix_hot_fraction,94.238,89.45068381369538,-4.787316186304622
102Ah_25degC_0p5C_cell3,29,full_prefix_hot_fraction,94.035,89.28822328525871,-4.746776714741287
102Ah_25degC_0p5C_cell3,30,full_prefix_hot_fraction,93.975,89.12241700639733,-4.852582993602667
102Ah_25degC_0p5C_cell3,1,full_prefix_arrhenius,100.57,97.81226283636884,-2.7577371636311483
102Ah_25degC_0p5C_cell3,2,full_prefix_arrhenius,99.885,97.31073977478367,-2.574260225216335
102Ah_25degC_0p5C_cell3,3,full_prefix_arrhenius,99.386,96.94161550677138,-2.444384493228611
102Ah_25degC_0p5C_cell3,4,full_prefix_arrhenius,98.994,96.63008696994866,-2.363913030051336
102Ah_25degC_0p5C_cell3,5,full_prefix_arrhenius,98.602,96.36429283004082,-2.2377071699591795
102Ah_25degC_0p5C_cell3,6,full_prefix_arrhenius,98.235,95.88387317023503,-2.351126829764965
102Ah_25degC_0p5C_cell3,7,full_prefix_arrhenius,97.993,95.61267970612157,-2.3803202938784267
102Ah_25degC_0p5C_cell3,8,full_prefix_arrhenius,97.71,95.34569118351969,-2.364308816480303
102Ah_25degC_0p5C_cell3,9,full_prefix_arrhenius,97.441,95.09711903467633,-2.3438809653236774
102Ah_25degC_0p5C_cell3,10,full_prefix_arrhenius,97.212,94.86633840678304,-2.3456615932169598
102Ah_25degC_0p5C_cell3,11,full_prefix_arrhenius,97.027,94.64877461350052,-2.37822538649948
102Ah_25degC_0p5C_cell3,12,full_prefix_arrhenius,96.825,94.4310887911455,-2.3939112088545045
102Ah_25degC_0p5C_cell3,13,full_prefix_arrhenius,96.653,94.22541443369289,-2.4275855663071155
102Ah_25degC_0p5C_cell3,14,full_prefix_arrhenius,96.449,94.01890123619984,-2.43009876380016
102Ah_25degC_0p5C_cell3,15,full_prefix_arrhenius,96.24,93.81829281710145,-2.421707182898544
102Ah_25degC_0p5C_cell3,16,full_prefix_arrhenius,96.134,93.60161629309222,-2.5323837069077797
102Ah_25degC_0p5C_cell3,17,full_prefix_arrhenius,95.949,93.40163219092737,-2.5473678090726253
102Ah_25degC_0p5C_cell3,18,full_prefix_arrhenius,95.782,93.21173919294584,-2.5702608070541544
102Ah_25degC_0p5C_cell3,19,full_prefix_arrhenius,95.643,93.0294009848563,-2.6135990151437056
102Ah_25degC_0p5C_cell3,20,full_prefix_arrhenius,95.469,92.83742816340875,-2.631571836591249
102Ah_25degC_0p5C_cell3,21,full_prefix_arrhenius,95.318,92.65951012617934,-2.658489873820656
102Ah_25degC_0p5C_cell3,22,full_prefix_arrhenius,95.076,92.34593267195507,-2.7300673280449246
102Ah_25degC_0p5C_cell3,23,full_prefix_arrhenius,94.944,92.17279977243419,-2.7712002275658136
102Ah_25degC_0p5C_cell3,24,full_prefix_arrhenius,94.756,91.99991413937153,-2.756085860628474
102Ah_25degC_0p5C_cell3,25,full_prefix_arrhenius,94.621,91.82382822393325,-2.7971717760667474
102Ah_25degC_0p5C_cell3,26,full_prefix_arrhenius,94.566,91.63272346460379,-2.9332765353962174
102Ah_25degC_0p5C_cell3,27,full_prefix_arrhenius,94.418,91.46254788227452,-2.9554521177254856
102Ah_25degC_0p5C_cell3,28,full_prefix_arrhenius,94.238,91.29462660502807,-2.9433733949719283
102Ah_25degC_0p5C_cell3,29,full_prefix_arrhenius,94.035,91.13367034703968,-2.901329652960314
102Ah_25degC_0p5C_cell3,30,full_prefix_arrhenius,93.975,90.9734526871257,-3.001547312874294
102Ah_25degC_0p5C_cell3,1,full_prefix_meanT_plus_currentT,100.57,101.41809871510411,0.8480987151041148
102Ah_25degC_0p5C_cell3,2,full_prefix_meanT_plus_currentT,99.885,100.65939454303367,0.7743945430336652
102Ah_25degC_0p5C_cell3,3,full_prefix_meanT_plus_currentT,99.386,100.03733224407674,0.6513322440767411
102Ah_25degC_0p5C_cell3,4,full_prefix_meanT_plus_currentT,98.994,99.51431794606862,0.5203179460686158
102Ah_25degC_0p5C_cell3,5,full_prefix_meanT_plus_currentT,98.602,99.06969852364466,0.4676985236446569
102Ah_25degC_0p5C_cell3,6,full_prefix_meanT_plus_currentT,98.235,97.81889784357256,-0.4161021564274421
102Ah_25degC_0p5C_cell3,7,full_prefix_meanT_plus_currentT,97.993,97.51836948843784,-0.47463051156215386
102Ah_25degC_0p5C_cell3,8,full_prefix_meanT_plus_currentT,97.71,97.09246235775596,-0.6175376422440308
102Ah_25degC_0p5C_cell3,9,full_prefix_meanT_plus_currentT,97.441,96.79642788370958,-0.6445721162904192
102Ah_25degC_0p5C_cell3,10,full_prefix_meanT_plus_currentT,97.212,96.48729905295394,-0.7247009470460597
102Ah_25degC_0p5C_cell3,11,full_prefix_meanT_plus_currentT,97.027,96.13965666025933,-0.8873433397406671
102Ah_25degC_0p5C_cell3,12,full_prefix_meanT_plus_currentT,96.825,95.83201957027278,-0.9929804297272256
102Ah_25degC_0p5C_cell3,13,full_prefix_meanT_plus_currentT,96.653,95.56204173954197,-1.090958260458038
102Ah_25degC_0p5C_cell3,14,full_prefix_meanT_plus_currentT,96.449,95.33361622990533,-1.1153837700946667
102Ah_25degC_0p5C_cell3,15,full_prefix_meanT_plus_currentT,96.24,95.10783814454014,-1.1321618554598558
102Ah_25degC_0p5C_cell3,16,full_prefix_meanT_plus_currentT,96.134,94.81808628443619,-1.3159137155638092
102Ah_25degC_0p5C_cell3,17,full_prefix_meanT_plus_currentT,95.949,94.50652025867974,-1.4424797413202555
102Ah_25degC_0p5C_cell3,18,full_prefix_meanT_plus_currentT,95.782,94.20454027809552,-1.577459721904475
102Ah_25degC_0p5C_cell3,19,full_prefix_meanT_plus_currentT,95.643,94.01782715581622,-1.6251728441837798
102Ah_25degC_0p5C_cell3,20,full_prefix_meanT_plus_currentT,95.469,93.73013879955725,-1.7388612004427415
102Ah_25degC_0p5C_cell3,21,full_prefix_meanT_plus_currentT,95.318,93.47430309644031,-1.8436969035596888
102Ah_25degC_0p5C_cell3,22,full_prefix_meanT_plus_currentT,95.076,93.03255426950433,-2.0434457304956624
102Ah_25degC_0p5C_cell3,23,full_prefix_meanT_plus_currentT,94.944,92.8444975399481,-2.0995024600519088
102Ah_25degC_0p5C_cell3,24,full_prefix_meanT_plus_currentT,94.756,92.82083338988346,-1.9351666101165392
102Ah_25degC_0p5C_cell3,25,full_prefix_meanT_plus_currentT,94.621,92.63796380207249,-1.983036197927504
102Ah_25degC_0p5C_cell3,26,full_prefix_meanT_plus_currentT,94.566,92.13037551138778,-2.43562448861222
102Ah_25degC_0p5C_cell3,27,full_prefix_meanT_plus_currentT,94.418,91.93094250575444,-2.487057494245562
102Ah_25degC_0p5C_cell3,28,full_prefix_meanT_plus_currentT,94.238,91.83209440507265,-2.405905594927347
102Ah_25degC_0p5C_cell3,29,full_prefix_meanT_plus_currentT,94.035,91.910134709748,-2.1248652902520035
102Ah_25degC_0p5C_cell3,30,full_prefix_meanT_plus_currentT,93.975,91.57663344028042,-2.3983665597195767
102Ah_25degC_1C_cell3,1,stable_noT,98.416,96.66213303255618,-1.7538669674438125
102Ah_25degC_1C_cell3,2,stable_noT,97.313,95.42840728390244,-1.8845927160975577
102Ah_25degC_1C_cell3,3,stable_noT,96.453,94.36123313582503,-2.0917668641749714
102Ah_25degC_1C_cell3,4,stable_noT,95.685,93.47145280505485,-2.21354719494515
102Ah_25degC_1C_cell3,5,stable_noT,95.032,92.72927814243005,-2.3027218575699493
102Ah_25degC_1C_cell3,6,stable_noT,94.387,92.01489598855633,-2.3721040114436676
102Ah_25degC_1C_cell3,7,stable_noT,93.84,91.35494703861515,-2.485052961384852
102Ah_25degC_1C_cell3,8,stable_noT,91.223,89.19784161357678,-2.0251583864232146
102Ah_25degC_1C_cell3,9,stable_noT,90.681,88.67960267373353,-2.0013973262664706
102Ah_25degC_1C_cell3,10,stable_noT,90.145,88.17077379985375,-1.9742262001462478
102Ah_25degC_1C_cell3,11,stable_noT,88.091,86.46717039630528,-1.6238296036947162
102Ah_25degC_1C_cell3,12,stable_noT,87.634,85.99360085467838,-1.6403991453216236
102Ah_25degC_1C_cell3,13,stable_noT,87.186,85.42369892142962,-1.7623010785703883
102Ah_25degC_1C_cell3,14,stable_noT,86.59,84.96099343276913,-1.6290065672308742
102Ah_25degC_1C_cell3,15,stable_noT,86.06,84.44028793783059,-1.6197120621694125
102Ah_25degC_1C_cell3,16,stable_noT,85.611,83.99271613755816,-1.6182838624418423
102Ah_25degC_1C_cell3,17,stable_noT,85.114,83.5077958979065,-1.6062041020934998
102Ah_25degC_1C_cell3,18,stable_noT,84.615,83.06188894226608,-1.553111057733915
102Ah_25degC_1C_cell3,19,stable_noT,84.043,82.56880951341714,-1.47419048658287
102Ah_25degC_1C_cell3,20,stable_noT,83.473,82.13261540372334,-1.3403845962766638
102Ah_25degC_1C_cell3,21,stable_noT,82.835,81.69110817769119,-1.1438918223088024
102Ah_25degC_1C_cell3,22,stable_noT,81.961,81.12641851004767,-0.8345814899523276
102Ah_25degC_1C_cell3,23,stable_noT,81.241,80.68643633034378,-0.5545636696562184
102Ah_25degC_1C_cell3,24,stable_noT,80.472,80.25397245025657,-0.2180275497434252
102Ah_25degC_1C_cell3,25,stable_noT,79.606,79.82876250605756,0.22276250605756331
102Ah_25degC_1C_cell3,26,stable_noT,78.648,79.4105866483199,0.7625866483199104
102Ah_25degC_1C_cell3,27,stable_noT,77.549,78.98212364559157,1.4331236455915644
102Ah_25degC_1C_cell3,28,stable_noT,76.204,78.54961589993154,2.345615899931545
102Ah_25degC_1C_cell3,29,stable_noT,73.38,77.5439490371827,4.163949037182704
102Ah_25degC_1C_cell3,30,stable_noT,70.854,77.36068206373719,6.506682063737188
102Ah_25degC_1C_cell3,1,current_T_only,98.416,97.42569099857482,-0.9903090014251745
102Ah_25degC_1C_cell3,2,current_T_only,97.313,96.25898860367418,-1.0540113963258193
102Ah_25degC_1C_cell3,3,current_T_only,96.453,95.30070454629197,-1.1522954537080352
102Ah_25degC_1C_cell3,4,current_T_only,95.685,94.52688646142627,-1.1581135385737298
102Ah_25degC_1C_cell3,5,current_T_only,95.032,93.7151732882337,-1.3168267117662964
102Ah_25degC_1C_cell3,6,current_T_only,94.387,93.11203588138557,-1.2749641186144345
102Ah_25degC_1C_cell3,7,current_T_only,93.84,92.52553148436057,-1.3144685156394331
102Ah_25degC_1C_cell3,8,current_T_only,91.223,91.03631095223857,-0.18668904776143336
102Ah_25degC_1C_cell3,9,current_T_only,90.681,90.95273072460405,0.2717307246040548
102Ah_25degC_1C_cell3,10,current_T_only,90.145,90.99989887164557,0.8548988716455739
102Ah_25degC_1C_cell3,11,current_T_only,88.091,88.6622299859448,0.5712299859448109
102Ah_25degC_1C_cell3,12,current_T_only,87.634,88.40284573353,0.7688457335300001
102Ah_25degC_1C_cell3,13,current_T_only,87.186,87.08406963288014,-0.10193036711986281
102Ah_25degC_1C_cell3,14,current_T_only,86.59,87.40693973542415,0.8169397354241426
102Ah_25degC_1C_cell3,15,current_T_only,86.06,87.02564834402166,0.965648344021659
102Ah_25degC_1C_cell3,16,current_T_only,85.611,86.81636680707092,1.2053668070709165
102Ah_25degC_1C_cell3,17,current_T_only,85.114,86.08214597932057,0.9681459793205676
102Ah_25degC_1C_cell3,18,current_T_only,84.615,85.6310506587086,1.0160506587086076
102Ah_25degC_1C_cell3,19,current_T_only,84.043,85.61778672293418,1.5747867229341779
102Ah_25degC_1C_cell3,20,current_T_only,83.473,84.93312160607503,1.4601216060750346
102Ah_25degC_1C_cell3,21,current_T_only,82.835,84.19428989876513,1.359289898765141
102Ah_25degC_1C_cell3,22,current_T_only,81.961,83.88796782397498,1.9269678239749766
102Ah_25degC_1C_cell3,23,current_T_only,81.241,83.36931215782664,2.1283121578266417
102Ah_25degC_1C_cell3,24,current_T_only,80.472,83.02854674944703,2.556546749447037
102Ah_25degC_1C_cell3,25,current_T_only,79.606,82.5249154918126,2.918915491812612
102Ah_25degC_1C_cell3,26,current_T_only,78.648,82.02845204939189,3.3804520493918915
102Ah_25degC_1C_cell3,27,current_T_only,77.549,81.83747853588062,4.288478535880614
102Ah_25degC_1C_cell3,28,current_T_only,76.204,81.54496529830729,5.340965298307296
102Ah_25degC_1C_cell3,29,current_T_only,73.38,80.34319175688188,6.9631917568818835
102Ah_25degC_1C_cell3,30,current_T_only,70.854,80.15393994739544,9.299939947395444
102Ah_25degC_1C_cell3,1,full_prefix_meanT,98.416,97.48267834056932,-0.9333216594306748
102Ah_25degC_1C_cell3,2,full_prefix_meanT,97.313,96.35271199719001,-0.9602880028099889
102Ah_25degC_1C_cell3,3,full_prefix_meanT,96.453,95.34856415990558,-1.1044358400944247
102Ah_25degC_1C_cell3,4,full_prefix_meanT,95.685,94.50086534285873,-1.1841346571412714
102Ah_25degC_1C_cell3,5,full_prefix_meanT,95.032,93.78631775591005,-1.2456822440899487
102Ah_25degC_1C_cell3,6,full_prefix_meanT,94.387,93.10980411047562,-1.2771958895243785
102Ah_25degC_1C_cell3,7,full_prefix_meanT,93.84,92.47242069294269,-1.3675793070573121
102Ah_25degC_1C_cell3,8,full_prefix_meanT,91.223,90.41301142868697,-0.8099885713130277
102Ah_25degC_1C_cell3,9,full_prefix_meanT,90.681,89.98546138152832,-0.695538618471673
102Ah_25degC_1C_cell3,10,full_prefix_meanT,90.145,89.60519180258844,-0.5398081974115598
102Ah_25degC_1C_cell3,11,full_prefix_meanT,88.091,87.98153887777129,-0.10946112222870852
102Ah_25degC_1C_cell3,12,full_prefix_meanT,87.634,87.56654903627046,-0.06745096372954151
102Ah_25degC_1C_cell3,13,full_prefix_meanT,87.186,87.04023926694812,-0.14576073305188686
102Ah_25degC_1C_cell3,14,full_prefix_meanT,86.59,86.6006280860101,0.010628086010100901
102Ah_25degC_1C_cell3,15,full_prefix_meanT,86.06,86.13962227367983,0.07962227367983132
102Ah_25degC_1C_cell3,16,full_prefix_meanT,85.611,85.75331081269363,0.14231081269362278
102Ah_25degC_1C_cell3,17,full_prefix_meanT,85.114,85.32161916610283,0.20761916610283038
102Ah_25degC_1C_cell3,18,full_prefix_meanT,84.615,84.92190440151987,0.30690440151987275
102Ah_25degC_1C_cell3,19,full_prefix_meanT,84.043,84.4631966605071,0.4201966605070879
102Ah_25degC_1C_cell3,20,full_prefix_meanT,83.473,84.06230376847641,0.5893037684764124
102Ah_25degC_1C_cell3,21,full_prefix_meanT,82.835,83.63794774504355,0.8029477450435536
102Ah_25degC_1C_cell3,22,full_prefix_meanT,81.961,83.09464843547664,1.133648435476644
102Ah_25degC_1C_cell3,23,full_prefix_meanT,81.241,82.68195289248185,1.440952892481846
102Ah_25degC_1C_cell3,24,full_prefix_meanT,80.472,82.27625894700041,1.8042589470004202
102Ah_25degC_1C_cell3,25,full_prefix_meanT,79.606,81.87052904336427,2.264529043364277
102Ah_25degC_1C_cell3,26,full_prefix_meanT,78.648,81.46787465140824,2.8198746514082416
102Ah_25degC_1C_cell3,27,full_prefix_meanT,77.549,81.05855677621503,3.509556776215021
102Ah_25degC_1C_cell3,28,full_prefix_meanT,76.204,80.64943754717032,4.445437547170329
102Ah_25degC_1C_cell3,29,full_prefix_meanT,73.38,79.64728983073388,6.267289830733887
102Ah_25degC_1C_cell3,30,full_prefix_meanT,70.854,79.45886878160917,8.60486878160917
102Ah_25degC_1C_cell3,1,full_prefix_hot_fraction,98.416,95.50702531506336,-2.908974684936638
102Ah_25degC_1C_cell3,2,full_prefix_hot_fraction,97.313,94.34858916413442,-2.9644108358655785
102Ah_25degC_1C_cell3,3,full_prefix_hot_fraction,96.453,93.35296709667331,-3.1000329033266922
102Ah_25degC_1C_cell3,4,full_prefix_hot_fraction,95.685,92.52169664777016,-3.163303352229846
102Ah_25degC_1C_cell3,5,full_prefix_hot_fraction,95.032,91.82877086935335,-3.2032291306466476
102Ah_25degC_1C_cell3,6,full_prefix_hot_fraction,94.387,91.15726876743216,-3.2297312325678433
102Ah_25degC_1C_cell3,7,full_prefix_hot_fraction,93.84,90.54097968325458,-3.299020316745427
102Ah_25degC_1C_cell3,8,full_prefix_hot_fraction,91.223,88.79783750953825,-2.4251624904617444
102Ah_25degC_1C_cell3,9,full_prefix_hot_fraction,90.681,88.60383986623745,-2.077160133762547
102Ah_25degC_1C_cell3,10,full_prefix_hot_fraction,90.145,88.36412771460112,-1.7808722853988712
102Ah_25degC_1C_cell3,11,full_prefix_hot_fraction,88.091,86.92970880284767,-1.1612911971523232
102Ah_25degC_1C_cell3,12,full_prefix_hot_fraction,87.634,86.6506307808747,-0.9833692191252936
102Ah_25degC_1C_cell3,13,full_prefix_hot_fraction,87.186,86.25565728120516,-0.9303427187948472
102Ah_25degC_1C_cell3,14,full_prefix_hot_fraction,86.59,85.93601203497428,-0.6539879650257205
102Ah_25degC_1C_cell3,15,full_prefix_hot_fraction,86.06,85.55410469230182,-0.5058953076981823
102Ah_25degC_1C_cell3,16,full_prefix_hot_fraction,85.611,85.23006525016413,-0.3809347498358733
102Ah_25degC_1C_cell3,17,full_prefix_hot_fraction,85.114,84.85846699208699,-0.2555330079130158
102Ah_25degC_1C_cell3,18,full_prefix_hot_fraction,84.615,84.51644924345715,-0.09855075654284917
102Ah_25degC_1C_cell3,19,full_prefix_hot_fraction,84.043,84.12112744962823,0.07812744962822649
102Ah_25degC_1C_cell3,20,full_prefix_hot_fraction,83.473,83.77382078633009,0.30082078633009246
102Ah_25degC_1C_cell3,21,full_prefix_hot_fraction,82.835,83.41636202298145,0.5813620229814518
102Ah_25degC_1C_cell3,22,full_prefix_hot_fraction,81.961,82.93460616610824,0.9736061661082402
102Ah_25degC_1C_cell3,23,full_prefix_hot_fraction,81.241,82.56945873345758,1.3284587334575804
102Ah_25degC_1C_cell3,24,full_prefix_hot_fraction,80.472,82.20785788379314,1.7358578837931447
102Ah_25degC_1C_cell3,25,full_prefix_hot_fraction,79.606,81.84998643798096,2.243986437980965
102Ah_25degC_1C_cell3,26,full_prefix_hot_fraction,78.648,81.49600460318312,2.848004603183128
102Ah_25degC_1C_cell3,27,full_prefix_hot_fraction,77.549,81.12942172524643,3.580421725246424
102Ah_25degC_1C_cell3,28,full_prefix_hot_fraction,76.204,80.75656351025808,4.552563510258082
102Ah_25degC_1C_cell3,29,full_prefix_hot_fraction,73.38,79.81882773110996,6.438827731109967
102Ah_25degC_1C_cell3,30,full_prefix_hot_fraction,70.854,79.64148548633122,8.78748548633122
102Ah_25degC_1C_cell3,1,full_prefix_arrhenius,98.416,97.62229988822037,-0.7937001117796285
102Ah_25degC_1C_cell3,2,full_prefix_arrhenius,97.313,97.34380274948988,0.03080274948987949
102Ah_25degC_1C_cell3,3,full_prefix_arrhenius,96.453,96.93832491529541,0.4853249152954078
102Ah_25degC_1C_cell3,4,full_prefix_arrhenius,95.685,96.4582429121568,0.7732429121568032
102Ah_25degC_1C_cell3,5,full_prefix_arrhenius,95.032,95.94675352909485,0.9147535290948525
102Ah_25degC_1C_cell3,6,full_prefix_arrhenius,94.387,95.41989685153582,1.0328968515358241
102Ah_25degC_1C_cell3,7,full_prefix_arrhenius,93.84,94.86736699402103,1.0273669940210226
102Ah_25degC_1C_cell3,8,full_prefix_arrhenius,91.223,93.44095950884082,2.2179595088408206
102Ah_25degC_1C_cell3,9,full_prefix_arrhenius,90.681,92.97884018028925,2.2978401802892563
102Ah_25degC_1C_cell3,10,full_prefix_arrhenius,90.145,92.59601811906539,2.4510181190653952
102Ah_25degC_1C_cell3,11,full_prefix_arrhenius,88.091,91.06513428489077,2.9741342848907806
102Ah_25degC_1C_cell3,12,full_prefix_arrhenius,87.634,90.6087815460532,2.974781546053194
102Ah_25degC_1C_cell3,13,full_prefix_arrhenius,87.186,90.03558291695587,2.8495829169558675
102Ah_25degC_1C_cell3,14,full_prefix_arrhenius,86.59,89.53518275642905,2.9451827564290483
102Ah_25degC_1C_cell3,15,full_prefix_arrhenius,86.06,89.05800305141076,2.9980030514107625
102Ah_25degC_1C_cell3,16,full_prefix_arrhenius,85.611,88.67487796181769,3.0638779618176812
102Ah_25degC_1C_cell3,17,full_prefix_arrhenius,85.114,88.24560584578616,3.1316058457861544
102Ah_25degC_1C_cell3,18,full_prefix_arrhenius,84.615,87.8534557343439,3.2384557343439013
102Ah_25degC_1C_cell3,19,full_prefix_arrhenius,84.043,87.38742007064211,3.3444200706421015
102Ah_25degC_1C_cell3,20,full_prefix_arrhenius,83.473,86.99495516682256,3.521955166822565
102Ah_25degC_1C_cell3,21,full_prefix_arrhenius,82.835,86.55210822336916,3.7171082233691664
102Ah_25degC_1C_cell3,22,full_prefix_arrhenius,81.961,85.98154994543755,4.020549945437551
102Ah_25degC_1C_cell3,23,full_prefix_arrhenius,81.241,85.57906882609839,4.338068826098393
102Ah_25degC_1C_cell3,24,full_prefix_arrhenius,80.472,85.19003196602331,4.718031966023318
102Ah_25degC_1C_cell3,25,full_prefix_arrhenius,79.606,84.79166744503634,5.185667445036344
102Ah_25degC_1C_cell3,26,full_prefix_arrhenius,78.648,84.39271412570567,5.74471412570567
102Ah_25degC_1C_cell3,27,full_prefix_arrhenius,77.549,83.9982226743993,6.449222674399294
102Ah_25degC_1C_cell3,28,full_prefix_arrhenius,76.204,83.61883257424569,7.414832574245693
102Ah_25degC_1C_cell3,29,full_prefix_arrhenius,73.38,82.44691019659058,9.066910196590584
102Ah_25degC_1C_cell3,30,full_prefix_arrhenius,70.854,82.19789715924374,11.343897159243738
102Ah_25degC_1C_cell3,1,full_prefix_meanT_plus_currentT,98.416,97.65779067985603,-0.7582093201439619
102Ah_25degC_1C_cell3,2,full_prefix_meanT_plus_currentT,97.313,96.53075072930791,-0.7822492706920912
102Ah_25degC_1C_cell3,3,full_prefix_meanT_plus_currentT,96.453,95.57274813679305,-0.8802518632069507
102Ah_25degC_1C_cell3,4,full_prefix_meanT_plus_currentT,95.685,94.7840104336039,-0.9009895663961061
102Ah_25degC_1C_cell3,5,full_prefix_meanT_plus_currentT,95.032,94.01337590066721,-1.0186240993327829
102Ah_25degC_1C_cell3,6,full_prefix_meanT_plus_currentT,94.387,93.39440555922789,-0.992594440772109
102Ah_25degC_1C_cell3,7,full_prefix_meanT_plus_currentT,93.84,92.79596772944451,-1.0440322705554905
102Ah_25degC_1C_cell3,8,full_prefix_meanT_plus_currentT,91.223,91.13287911005854,-0.09012088994145984
102Ah_25degC_1C_cell3,9,full_prefix_meanT_plus_currentT,90.681,90.95262342061218,0.2716234206121868
102Ah_25degC_1C_cell3,10,full_prefix_meanT_plus_currentT,90.145,90.88375924470812,0.7387592447081204
102Ah_25degC_1C_cell3,11,full_prefix_meanT_plus_currentT,88.091,88.81612907110694,0.7251290711069487
102Ah_25degC_1C_cell3,12,full_prefix_meanT_plus_currentT,87.634,88.51755011280443,0.8835501128044285
102Ah_25degC_1C_cell3,13,full_prefix_meanT_plus_currentT,87.186,87.4868082939234,0.3008082939233958
102Ah_25degC_1C_cell3,14,full_prefix_meanT_plus_currentT,86.59,87.54936157794307,0.9593615779430706
102Ah_25degC_1C_cell3,15,full_prefix_meanT_plus_currentT,86.06,87.15566936227775,1.0956693622777465
102Ah_25degC_1C_cell3,16,full_prefix_meanT_plus_currentT,85.611,86.90040410765555,1.2894041076555425
102Ah_25degC_1C_cell3,17,full_prefix_meanT_plus_currentT,85.114,86.28560383640183,1.1716038364018289
102Ah_25degC_1C_cell3,18,full_prefix_meanT_plus_currentT,84.615,85.86439822031123,1.2493982203112353
102Ah_25degC_1C_cell3,19,full_prefix_meanT_plus_currentT,84.043,85.70445609509741,1.6614560950974067
102Ah_25degC_1C_cell3,20,full_prefix_meanT_plus_currentT,83.473,85.1280247359517,1.6550247359516987
102Ah_25degC_1C_cell3,21,full_prefix_meanT_plus_currentT,82.835,84.5034559780428,1.6684559780428003
102Ah_25degC_1C_cell3,22,full_prefix_meanT_plus_currentT,81.961,84.11990358308427,2.1589035830842676
102Ah_25degC_1C_cell3,23,full_prefix_meanT_plus_currentT,81.241,83.64530992384537,2.404309923845375
102Ah_25degC_1C_cell3,24,full_prefix_meanT_plus_currentT,80.472,83.28879170737747,2.816791707377476
102Ah_25degC_1C_cell3,25,full_prefix_meanT_plus_currentT,79.606,82.82438918279425,3.2183891827942546
102Ah_25degC_1C_cell3,26,full_prefix_meanT_plus_currentT,78.648,82.36470156781303,3.7167015678130326
102Ah_25degC_1C_cell3,27,full_prefix_meanT_plus_currentT,77.549,82.10242445416854,4.553424454168535
102Ah_25degC_1C_cell3,28,full_prefix_meanT_plus_currentT,76.204,81.77523611025005,5.571236110250055
102Ah_25degC_1C_cell3,29,full_prefix_meanT_plus_currentT,73.38,80.6440900056628,7.264090005662808
102Ah_25degC_1C_cell3,30,full_prefix_meanT_plus_currentT,70.854,80.45379545954333,9.59979545954333
102Ah_35degC_1C_cell1,1,stable_noT,97.944,95.71524024720202,-2.228759752797984
102Ah_35degC_1C_cell1,2,stable_noT,96.746,94.19887225475163,-2.5471277452483605
102Ah_35degC_1C_cell1,3,stable_noT,95.84,93.02628260963326,-2.8137173903667474
102Ah_35degC_1C_cell1,4,stable_noT,95.05,92.0057377820322,-3.0442622179677983
102Ah_35degC_1C_cell1,5,stable_noT,94.325,91.06469959912273,-3.26030040087727
102Ah_35degC_1C_cell1,6,stable_noT,93.595,90.16025230028731,-3.4347476997126876
102Ah_35degC_1C_cell1,7,stable_noT,92.852,89.17269380557451,-3.679306194425493
102Ah_35degC_1C_cell1,8,stable_noT,92.207,88.37151699643785,-3.835483003562146
102Ah_35degC_1C_cell1,9,stable_noT,91.607,87.51130472383578,-4.095695276164221
102Ah_35degC_1C_cell1,10,stable_noT,90.941,86.75604144927007,-4.184958550729931
102Ah_35degC_1C_cell1,11,stable_noT,89.839,86.01248532931471,-3.8265146706852846
102Ah_35degC_1C_cell1,12,stable_noT,89.102,85.125694895294,-3.9763051047060003
102Ah_35degC_1C_cell1,13,stable_noT,88.517,84.41502663321927,-4.101973366780726
102Ah_35degC_1C_cell1,14,stable_noT,87.874,83.71338344874718,-4.160616551252815
102Ah_35degC_1C_cell1,15,stable_noT,87.254,83.0163390131676,-4.2376609868324095
102Ah_35degC_1C_cell1,16,stable_noT,86.669,82.29402548326595,-4.374974516734042
102Ah_35degC_1C_cell1,17,stable_noT,86.04,81.54803780332355,-4.491962196676454
102Ah_35degC_1C_cell1,18,stable_noT,85.225,80.79764096124997,-4.427359038750026
102Ah_35degC_1C_cell1,19,stable_noT,84.635,80.12773062734021,-4.507269372659792
102Ah_35degC_1C_cell1,20,stable_noT,84.066,79.46295967793931,-4.603040322060693
102Ah_35degC_1C_cell1,21,stable_noT,83.481,78.79162553359768,-4.689374466402313
102Ah_35degC_1C_cell1,22,stable_noT,82.816,78.13859651022088,-4.677403489779124
102Ah_35degC_1C_cell1,23,stable_noT,82.089,77.46272210311166,-4.62627789688834
102Ah_35degC_1C_cell1,24,stable_noT,81.26,76.88318025135503,-4.3768197486449765
102Ah_35degC_1C_cell1,25,stable_noT,80.436,76.61079024195195,-3.825209758048061
102Ah_35degC_1C_cell1,26,stable_noT,79.583,76.38199289712267,-3.201007102877327
102Ah_35degC_1C_cell1,27,stable_noT,78.65,76.15629383169365,-2.4937061683063604
102Ah_35degC_1C_cell1,28,stable_noT,77.59,75.75231572428812,-1.8376842757118794
102Ah_35degC_1C_cell1,29,stable_noT,76.374,75.10403837216671,-1.2699616278332826
102Ah_35degC_1C_cell1,30,stable_noT,75.089,74.8843016723352,-0.20469832766480067
102Ah_35degC_1C_cell1,1,current_T_only,97.944,98.32735181332515,0.3833518133251488
102Ah_35degC_1C_cell1,2,current_T_only,96.746,96.9580746010974,0.21207460109739884
102Ah_35degC_1C_cell1,3,current_T_only,95.84,95.72827549316652,-0.11172450683348245
102Ah_35degC_1C_cell1,4,current_T_only,95.05,94.5885358535458,-0.4614641464541904
102Ah_35degC_1C_cell1,5,current_T_only,94.325,93.42889914901436,-0.896100850985647
102Ah_35degC_1C_cell1,6,current_T_only,93.595,92.44582421333364,-1.1491757866663619
102Ah_35degC_1C_cell1,7,current_T_only,92.852,91.240900893484,-1.6110991065160079
102Ah_35degC_1C_cell1,8,current_T_only,92.207,89.96800830147848,-2.2389916985215166
102Ah_35degC_1C_cell1,9,current_T_only,91.607,88.95334195418498,-2.653658045815021
102Ah_35degC_1C_cell1,10,current_T_only,90.941,87.93407281037632,-3.0069271896236813
102Ah_35degC_1C_cell1,11,current_T_only,89.839,87.14518798749272,-2.69381201250728
102Ah_35degC_1C_cell1,12,current_T_only,89.102,85.85020750739312,-3.2517924926068815
102Ah_35degC_1C_cell1,13,current_T_only,88.517,84.82584491264494,-3.6911550873550567
102Ah_35degC_1C_cell1,14,current_T_only,87.874,83.90408154215672,-3.969918457843278
102Ah_35degC_1C_cell1,15,current_T_only,87.254,82.4663483384935,-4.7876516615065015
102Ah_35degC_1C_cell1,16,current_T_only,86.669,82.322911085937,-4.346088914063003
102Ah_35degC_1C_cell1,17,current_T_only,86.04,80.64539857686371,-5.394601423136294
102Ah_35degC_1C_cell1,18,current_T_only,85.225,80.4159618644307,-4.8090381355692955
102Ah_35degC_1C_cell1,19,current_T_only,84.635,79.74033809348944,-4.894661906510564
102Ah_35degC_1C_cell1,20,current_T_only,84.066,78.58039970399207,-5.485600296007931
102Ah_35degC_1C_cell1,21,current_T_only,83.481,77.41129856638864,-6.069701433611357
102Ah_35degC_1C_cell1,22,current_T_only,82.816,76.55314921123446,-6.262850788765547
102Ah_35degC_1C_cell1,23,current_T_only,82.089,74.76365439492733,-7.32534560507267
102Ah_35degC_1C_cell1,24,current_T_only,81.26,72.51549972347713,-8.74450027652287
102Ah_35degC_1C_cell1,25,current_T_only,80.436,72.20623696004647,-8.22976303995354
102Ah_35degC_1C_cell1,26,current_T_only,79.583,71.9451607113902,-7.637839288609797
102Ah_35degC_1C_cell1,27,current_T_only,78.65,71.68649736034004,-6.963502639659964
102Ah_35degC_1C_cell1,28,current_T_only,77.59,72.59931760783425,-4.990682392165752
102Ah_35degC_1C_cell1,29,current_T_only,76.374,72.0080913219627,-4.3659086780373
102Ah_35degC_1C_cell1,30,current_T_only,75.089,71.75282364222227,-3.336176357777731
102Ah_35degC_1C_cell1,1,full_prefix_meanT,97.944,96.94647139811788,-0.9975286018821237
102Ah_35degC_1C_cell1,2,full_prefix_meanT,96.746,95.4132966210965,-1.3327033789034886
102Ah_35degC_1C_cell1,3,full_prefix_meanT,95.84,94.24242443816698,-1.5975755618330254
102Ah_35degC_1C_cell1,4,full_prefix_meanT,95.05,93.22016073268425,-1.829839267315748
102Ah_35degC_1C_cell1,5,full_prefix_meanT,94.325,92.2805670180343,-2.0444329819656986
102Ah_35degC_1C_cell1,6,full_prefix_meanT,93.595,91.36774411960711,-2.227255880392889
102Ah_35degC_1C_cell1,7,full_prefix_meanT,92.852,90.37877009732593,-2.4732299026740776
102Ah_35degC_1C_cell1,8,full_prefix_meanT,92.207,89.56312035925379,-2.6438796407462064
102Ah_35degC_1C_cell1,9,full_prefix_meanT,91.607,88.69290597678969,-2.9140940232103105
102Ah_35degC_1C_cell1,10,full_prefix_meanT,90.941,87.93262191102316,-3.0083780889768406
102Ah_35degC_1C_cell1,11,full_prefix_meanT,89.839,87.07459997418988,-2.7644000258101187
102Ah_35degC_1C_cell1,12,full_prefix_meanT,89.102,86.18664105328634,-2.915358946713667
102Ah_35degC_1C_cell1,13,full_prefix_meanT,88.517,85.48107687856351,-3.0359231214364826
102Ah_35degC_1C_cell1,14,full_prefix_meanT,87.874,84.78336246438022,-3.090637535619777
102Ah_35degC_1C_cell1,15,full_prefix_meanT,87.254,84.0763554556984,-3.1776445443016
102Ah_35degC_1C_cell1,16,full_prefix_meanT,86.669,83.3643743914498,-3.3046256085501966
102Ah_35degC_1C_cell1,17,full_prefix_meanT,86.04,82.6183347824408,-3.421665217559209
102Ah_35degC_1C_cell1,18,full_prefix_meanT,85.225,81.85734118731634,-3.3676588126836577
102Ah_35degC_1C_cell1,19,full_prefix_meanT,84.635,81.21784790226653,-3.417152097733478
102Ah_35degC_1C_cell1,20,full_prefix_meanT,84.066,80.57953020508951,-3.486469794910491
102Ah_35degC_1C_cell1,21,full_prefix_meanT,83.481,79.92467654044978,-3.556323459550214
102Ah_35degC_1C_cell1,22,full_prefix_meanT,82.816,79.28349454900038,-3.532505450999622
102Ah_35degC_1C_cell1,23,full_prefix_meanT,82.089,78.60955617573725,-3.479443824262745
102Ah_35degC_1C_cell1,24,full_prefix_meanT,81.26,78.0132356348236,-3.2467643651764035
102Ah_35degC_1C_cell1,25,full_prefix_meanT,80.436,77.72363903116334,-2.7123609688366628
102Ah_35degC_1C_cell1,26,full_prefix_meanT,79.583,77.48022928193309,-2.102770718066907
102Ah_35degC_1C_cell1,27,full_prefix_meanT,78.65,77.23997871126386,-1.4100212887361465
102Ah_35degC_1C_cell1,28,full_prefix_meanT,77.59,76.82604421973113,-0.7639557802688728
102Ah_35degC_1C_cell1,29,full_prefix_meanT,76.374,76.16729891903537,-0.2067010809646206
102Ah_35degC_1C_cell1,30,full_prefix_meanT,75.089,75.93297564916745,0.8439756491674473
102Ah_35degC_1C_cell1,1,full_prefix_hot_fraction,97.944,94.74120527284698,-3.2027947271530195
102Ah_35degC_1C_cell1,2,full_prefix_hot_fraction,96.746,93.26178904130913,-3.4842109586908663
102Ah_35degC_1C_cell1,3,full_prefix_hot_fraction,95.84,92.11900519322815,-3.7209948067718557
102Ah_35degC_1C_cell1,4,full_prefix_hot_fraction,95.05,91.12509829710092,-3.924901702899078
102Ah_35degC_1C_cell1,5,full_prefix_hot_fraction,94.325,90.20896788675185,-4.116032113248153
102Ah_35degC_1C_cell1,6,full_prefix_hot_fraction,93.595,89.3284499170847,-4.266550082915302
102Ah_35degC_1C_cell1,7,full_prefix_hot_fraction,92.852,88.36976608440449,-4.482233915595515
102Ah_35degC_1C_cell1,8,full_prefix_hot_fraction,92.207,87.59000139306563,-4.616998606934359
102Ah_35degC_1C_cell1,9,full_prefix_hot_fraction,91.607,86.75334112444574,-4.85365887555426
102Ah_35degC_1C_cell1,10,full_prefix_hot_fraction,90.941,86.01855372301293,-4.922446276987074
102Ah_35degC_1C_cell1,11,full_prefix_hot_fraction,89.839,85.29536142939887,-4.543638570601132
102Ah_35degC_1C_cell1,12,full_prefix_hot_fraction,89.102,84.4325856286088,-4.669414371391198
102Ah_35degC_1C_cell1,13,full_prefix_hot_fraction,88.517,83.74149587229448,-4.775504127705517
102Ah_35degC_1C_cell1,14,full_prefix_hot_fraction,87.874,83.05931807474468,-4.814681925255314
102Ah_35degC_1C_cell1,15,full_prefix_hot_fraction,87.254,82.38165620945865,-4.8723437905413505
102Ah_35degC_1C_cell1,16,full_prefix_hot_fraction,86.669,81.76756738577873,-4.901432614221264
102Ah_35degC_1C_cell1,17,full_prefix_hot_fraction,86.04,81.07175791739922,-4.968242082600781
102Ah_35degC_1C_cell1,18,full_prefix_hot_fraction,85.225,80.36630744453078,-4.858692555469219
102Ah_35degC_1C_cell1,19,full_prefix_hot_fraction,84.635,79.85035867498289,-4.78464132501712
102Ah_35degC_1C_cell1,20,full_prefix_hot_fraction,84.066,79.32807561378843,-4.737924386211574
102Ah_35degC_1C_cell1,21,full_prefix_hot_fraction,83.481,78.78775245949227,-4.693247540507727
102Ah_35degC_1C_cell1,22,full_prefix_hot_fraction,82.816,78.2534982362854,-4.562501763714607
102Ah_35degC_1C_cell1,23,full_prefix_hot_fraction,82.089,77.61497083925016,-4.474029160749836
102Ah_35degC_1C_cell1,24,full_prefix_hot_fraction,81.26,77.03211679635598,-4.227883203644026
102Ah_35degC_1C_cell1,25,full_prefix_hot_fraction,80.436,76.760700052185,-3.675299947815006
102Ah_35degC_1C_cell1,26,full_prefix_hot_fraction,79.583,76.53267866160942,-3.0503213383905745
102Ah_35degC_1C_cell1,27,full_prefix_hot_fraction,78.65,76.30770936173901,-2.342290638260991
102Ah_35degC_1C_cell1,28,full_prefix_hot_fraction,77.59,75.90119288280266,-1.6888071171973422
102Ah_35degC_1C_cell1,29,full_prefix_hot_fraction,76.374,75.26173622810384,-1.1122637718961528
102Ah_35degC_1C_cell1,30,full_prefix_hot_fraction,75.089,75.04260074540505,-0.046399254594945205
102Ah_35degC_1C_cell1,1,full_prefix_arrhenius,97.944,97.17279260424417,-0.7712073957558374
102Ah_35degC_1C_cell1,2,full_prefix_arrhenius,96.746,96.16223297161977,-0.5837670283802225
102Ah_35degC_1C_cell1,3,full_prefix_arrhenius,95.84,95.14418600558706,-0.6958139944129442
102Ah_35degC_1C_cell1,4,full_prefix_arrhenius,95.05,94.11908323561627,-0.9309167643837242
102Ah_35degC_1C_cell1,5,full_prefix_arrhenius,94.325,93.09183874145374,-1.2331612585462608
102Ah_35degC_1C_cell1,6,full_prefix_arrhenius,93.595,92.04814292103936,-1.5468570789606417
102Ah_35degC_1C_cell1,7,full_prefix_arrhenius,92.852,90.97040948425763,-1.8815905157423742
102Ah_35degC_1C_cell1,8,full_prefix_arrhenius,92.207,89.9186305883313,-2.288369411668697
102Ah_35degC_1C_cell1,9,full_prefix_arrhenius,91.607,88.84497520683385,-2.762024793166148
102Ah_35degC_1C_cell1,10,full_prefix_arrhenius,90.941,87.80246945870914,-3.138530541290862
102Ah_35degC_1C_cell1,11,full_prefix_arrhenius,89.839,86.46400819802138,-3.3749918019786236
102Ah_35degC_1C_cell1,12,full_prefix_arrhenius,89.102,85.3543682313654,-3.747631768634605
102Ah_35degC_1C_cell1,13,full_prefix_arrhenius,88.517,84.31700892735364,-4.199991072646355
102Ah_35degC_1C_cell1,14,full_prefix_arrhenius,87.874,83.2799689950684,-4.594031004931594
102Ah_35degC_1C_cell1,15,full_prefix_arrhenius,87.254,82.21020762918468,-5.043792370815325
102Ah_35degC_1C_cell1,16,full_prefix_arrhenius,86.669,81.17391683868719,-5.495083161312806
102Ah_35degC_1C_cell1,17,full_prefix_arrhenius,86.04,80.10074053502615,-5.939259464973858
102Ah_35degC_1C_cell1,18,full_prefix_arrhenius,85.225,78.99734878370705,-6.227651216292941
102Ah_35degC_1C_cell1,19,full_prefix_arrhenius,84.635,78.04983552797421,-6.585164472025795
102Ah_35degC_1C_cell1,20,full_prefix_arrhenius,84.066,77.09139097378268,-6.974609026217323
102Ah_35degC_1C_cell1,21,full_prefix_arrhenius,83.481,76.10801011808167,-7.372989881918329
102Ah_35degC_1C_cell1,22,full_prefix_arrhenius,82.816,75.12499232672874,-7.691007673271258
102Ah_35degC_1C_cell1,23,full_prefix_arrhenius,82.089,74.10899150675974,-7.980008493240263
102Ah_35degC_1C_cell1,24,full_prefix_arrhenius,81.26,73.41330039841174,-7.84669960158827
102Ah_35degC_1C_cell1,25,full_prefix_arrhenius,80.436,73.26237946011695,-7.173620539883061
102Ah_35degC_1C_cell1,26,full_prefix_arrhenius,79.583,73.13417627790797,-6.44882372209203
102Ah_35degC_1C_cell1,27,full_prefix_arrhenius,78.65,73.00647667952069,-5.643523320479318
102Ah_35degC_1C_cell1,28,full_prefix_arrhenius,77.59,72.48121091137541,-5.10878908862459
102Ah_35degC_1C_cell1,29,full_prefix_arrhenius,76.374,71.5954192012222,-4.778580798777796
102Ah_35degC_1C_cell1,30,full_prefix_arrhenius,75.089,71.4673186925931,-3.6216813074069023
102Ah_35degC_1C_cell1,1,full_prefix_meanT_plus_currentT,97.944,97.16539189909021,-0.7786081009097927
102Ah_35degC_1C_cell1,2,full_prefix_meanT_plus_currentT,96.746,95.6558858554822,-1.0901141445177984
102Ah_35degC_1C_cell1,3,full_prefix_meanT_plus_currentT,95.84,94.48129895124985,-1.3587010487501487
102Ah_35degC_1C_cell1,4,full_prefix_meanT_plus_currentT,95.05,93.45831581721049,-1.591684182789507
102Ah_35degC_1C_cell1,5,full_prefix_meanT_plus_currentT,94.325,92.49316051145256,-1.8318394885474447
102Ah_35degC_1C_cell1,6,full_prefix_meanT_plus_currentT,93.595,91.61946322597969,-1.9755367740203127
102Ah_35degC_1C_cell1,7,full_prefix_meanT_plus_currentT,92.852,90.6147390128813,-2.2372609871187024
102Ah_35degC_1C_cell1,8,full_prefix_meanT_plus_currentT,92.207,89.70763026417933,-2.4993697358206646
102Ah_35degC_1C_cell1,9,full_prefix_meanT_plus_currentT,91.607,88.86384033209585,-2.743159667904152
102Ah_35degC_1C_cell1,10,full_prefix_meanT_plus_currentT,90.941,88.09458093372767,-2.8464190662723325
102Ah_35degC_1C_cell1,11,full_prefix_meanT_plus_currentT,89.839,87.35386667831142,-2.485133321688579
102Ah_35degC_1C_cell1,12,full_prefix_meanT_plus_currentT,89.102,86.40108566774778,-2.700914332252225
102Ah_35degC_1C_cell1,13,full_prefix_meanT_plus_currentT,88.517,85.67113051623996,-2.8458694837600405
102Ah_35degC_1C_cell1,14,full_prefix_meanT_plus_currentT,87.874,84.98620976698159,-2.887790233018407
102Ah_35degC_1C_cell1,15,full_prefix_meanT_plus_currentT,87.254,84.1017632526154,-3.152236747384606
102Ah_35degC_1C_cell1,16,full_prefix_meanT_plus_currentT,86.669,83.70430296884346,-2.9646970311565326
102Ah_35degC_1C_cell1,17,full_prefix_meanT_plus_currentT,86.04,82.70777246422787,-3.332227535772134
102Ah_35degC_1C_cell1,18,full_prefix_meanT_plus_currentT,85.225,82.24913490368593,-2.9758650963140667
102Ah_35degC_1C_cell1,19,full_prefix_meanT_plus_currentT,84.635,81.69828505880878,-2.9367149411912266
102Ah_35degC_1C_cell1,20,full_prefix_meanT_plus_currentT,84.066,80.96724714789704,-3.0987528521029617
102Ah_35degC_1C_cell1,21,full_prefix_meanT_plus_currentT,83.481,80.22297342090815,-3.2580265790918475
102Ah_35degC_1C_cell1,22,full_prefix_meanT_plus_currentT,82.816,79.6045587505522,-3.2114412494478017
102Ah_35degC_1C_cell1,23,full_prefix_meanT_plus_currentT,82.089,78.61394632819125,-3.4750536718087517
102Ah_35degC_1C_cell1,24,full_prefix_meanT_plus_currentT,81.26,77.45315887285736,-3.806841127142647
102Ah_35degC_1C_cell1,25,full_prefix_meanT_plus_currentT,80.436,77.1576061767915,-3.2783938232085035
102Ah_35degC_1C_cell1,26,full_prefix_meanT_plus_currentT,79.583,76.90917088028584,-2.6738291197141564
102Ah_35degC_1C_cell1,27,full_prefix_meanT_plus_currentT,78.65,76.66394336293888,-1.9860566370611252
102Ah_35degC_1C_cell1,28,full_prefix_meanT_plus_currentT,77.59,76.79945143603233,-0.7905485639676755
102Ah_35degC_1C_cell1,29,full_prefix_meanT_plus_currentT,76.374,76.25238195237598,-0.12161804762401118
102Ah_35degC_1C_cell1,30,full_prefix_meanT_plus_currentT,75.089,76.01315363949315,0.9241536394931558
102Ah_45degC_0p5C_cell3,1,stable_noT,97.213,95.07066716252764,-2.1423328374723525
102Ah_45degC_0p5C_cell3,2,stable_noT,96.093,93.90122188350287,-2.191778116497133
102Ah_45degC_0p5C_cell3,3,stable_noT,95.183,92.94465572326382,-2.2383442767361856
102Ah_45degC_0p5C_cell3,4,stable_noT,94.405,92.04307321194395,-2.361926788056053
102Ah_45degC_0p5C_cell3,5,stable_noT,93.579,91.10247598007828,-2.476524019921712
102Ah_45degC_0p5C_cell3,6,stable_noT,92.867,90.38966576419902,-2.4773342358009813
102Ah_45degC_0p5C_cell3,7,stable_noT,92.307,89.24927202437901,-3.057727975620992
102Ah_45degC_0p5C_cell3,8,stable_noT,91.334,88.30791445545455,-3.0260855445454524
102Ah_45degC_0p5C_cell3,9,stable_noT,90.546,87.67423764432763,-2.8717623556723737
102Ah_45degC_0p5C_cell3,10,stable_noT,89.71,86.96814157927395,-2.7418584207260466
102Ah_45degC_0p5C_cell3,11,stable_noT,88.797,86.28545518465721,-2.5115448153427877
102Ah_45degC_0p5C_cell3,12,stable_noT,88.025,85.71749132430683,-2.307508675693171
102Ah_45degC_0p5C_cell3,13,stable_noT,87.256,85.17645344422348,-2.079546555776517
102Ah_45degC_0p5C_cell3,14,stable_noT,86.448,84.64014311638462,-1.8078568836153721
102Ah_45degC_0p5C_cell3,15,stable_noT,85.454,84.11129038369577,-1.3427096163042194
102Ah_45degC_0p5C_cell3,16,stable_noT,84.767,83.47826551092008,-1.2887344890799142
102Ah_45degC_0p5C_cell3,17,stable_noT,83.861,82.92577422882782,-0.9352257711721847
102Ah_45degC_0p5C_cell3,18,stable_noT,82.921,82.42460739959017,-0.496392600409834
102Ah_45degC_0p5C_cell3,19,stable_noT,81.859,81.93009342661125,0.07109342661125595
102Ah_45degC_0p5C_cell3,20,stable_noT,80.568,81.31836959356107,0.750369593561075
102Ah_45degC_0p5C_cell3,21,stable_noT,78.862,80.67096415955012,1.8089641595501291
102Ah_45degC_0p5C_cell3,22,stable_noT,77.351,80.19598655570238,2.844986555702377
102Ah_45degC_0p5C_cell3,23,stable_noT,75.585,79.64488091406297,4.059880914062973
102Ah_45degC_0p5C_cell3,24,stable_noT,73.377,78.86749929306343,5.490499293063436
102Ah_45degC_0p5C_cell3,25,stable_noT,71.212,78.37770516587224,7.1657051658722395
102Ah_45degC_0p5C_cell3,26,stable_noT,68.96,77.93477848974008,8.974778489740089
102Ah_45degC_0p5C_cell3,27,stable_noT,66.665,77.49569975078668,10.830699750786678
102Ah_45degC_0p5C_cell3,28,stable_noT,64.205,76.95586487111211,12.750864871112114
102Ah_45degC_0p5C_cell3,29,stable_noT,63.18,76.84345138874637,13.663451388746374
102Ah_45degC_0p5C_cell3,30,stable_noT,61.901,76.64944209310195,14.74844209310195
102Ah_45degC_0p5C_cell3,1,current_T_only,97.213,95.55326097254066,-1.659739027459338
102Ah_45degC_0p5C_cell3,2,current_T_only,96.093,94.14041251853058,-1.952587481469422
102Ah_45degC_0p5C_cell3,3,current_T_only,95.183,93.18936382692485,-1.99363617307516
102Ah_45degC_0p5C_cell3,4,current_T_only,94.405,91.7384200500761,-2.6665799499239
102Ah_45degC_0p5C_cell3,5,current_T_only,93.579,90.533774798757,-3.0452252012429994
102Ah_45degC_0p5C_cell3,6,current_T_only,92.867,89.56566153093144,-3.3013384690685683
102Ah_45degC_0p5C_cell3,7,current_T_only,92.307,86.89711404963103,-5.409885950368974
102Ah_45degC_0p5C_cell3,8,current_T_only,91.334,85.49267454829035,-5.8413254517096505
102Ah_45degC_0p5C_cell3,9,current_T_only,90.546,84.28807705570458,-6.25792294429543
102Ah_45degC_0p5C_cell3,10,current_T_only,89.71,82.53821432784206,-7.171785672157938
102Ah_45degC_0p5C_cell3,11,current_T_only,88.797,81.34138838744619,-7.45561161255381
102Ah_45degC_0p5C_cell3,12,current_T_only,88.025,80.39763047234108,-7.627369527658928
102Ah_45degC_0p5C_cell3,13,current_T_only,87.256,79.32131647894252,-7.9346835210574795
102Ah_45degC_0p5C_cell3,14,current_T_only,86.448,78.23787854242354,-8.210121457576449
102Ah_45degC_0p5C_cell3,15,current_T_only,85.454,77.21305892104921,-8.240941078950783
102Ah_45degC_0p5C_cell3,16,current_T_only,84.767,76.08299959755655,-8.684000402443445
102Ah_45degC_0p5C_cell3,17,current_T_only,83.861,75.42609348161693,-8.434906518383073
102Ah_45degC_0p5C_cell3,18,current_T_only,82.921,74.45342128086739,-8.467578719132618
102Ah_45degC_0p5C_cell3,19,current_T_only,81.859,73.57449919494883,-8.284500805051167
102Ah_45degC_0p5C_cell3,20,current_T_only,80.568,72.15715580315401,-8.410844196845986
102Ah_45degC_0p5C_cell3,21,current_T_only,78.862,70.66182313367159,-8.200176866328405
102Ah_45degC_0p5C_cell3,22,current_T_only,77.351,69.83335095646532,-7.517649043534675
102Ah_45degC_0p5C_cell3,23,current_T_only,75.585,68.59579687085687,-6.989203129143121
102Ah_45degC_0p5C_cell3,24,current_T_only,73.377,65.03334449871886,-8.343655501281134
102Ah_45degC_0p5C_cell3,25,current_T_only,71.212,64.67779133946408,-6.534208660535924
102Ah_45degC_0p5C_cell3,26,current_T_only,68.96,63.93044364245502,-5.029556357544976
102Ah_45degC_0p5C_cell3,27,current_T_only,66.665,63.11356172507969,-3.551438274920315
102Ah_45degC_0p5C_cell3,28,current_T_only,64.205,61.9442690464145,-2.260730953585501
102Ah_45degC_0p5C_cell3,29,current_T_only,63.18,61.51712802501404,-1.6628719749859613
102Ah_45degC_0p5C_cell3,30,current_T_only,61.901,61.02697462901533,-0.8740253709846755
102Ah_45degC_0p5C_cell3,1,full_prefix_meanT,97.213,95.71079684986847,-1.5022031501315212
102Ah_45degC_0p5C_cell3,2,full_prefix_meanT,96.093,94.2231926169318,-1.8698073830682063
102Ah_45degC_0p5C_cell3,3,full_prefix_meanT,95.183,92.98640492844285,-2.196595071557155
102Ah_45degC_0p5C_cell3,4,full_prefix_meanT,94.405,91.74721931948643,-2.657780680513568
102Ah_45degC_0p5C_cell3,5,full_prefix_meanT,93.579,90.30108484025064,-3.277915159749355
102Ah_45degC_0p5C_cell3,6,full_prefix_meanT,92.867,89.25601286978434,-3.610987130215662
102Ah_45degC_0p5C_cell3,7,full_prefix_meanT,92.307,87.08619316778874,-5.220806832211267
102Ah_45degC_0p5C_cell3,8,full_prefix_meanT,91.334,85.28364150607045,-6.050358493929551
102Ah_45degC_0p5C_cell3,9,full_prefix_meanT,90.546,84.24270715289842,-6.303292847101588
102Ah_45degC_0p5C_cell3,10,full_prefix_meanT,89.71,82.95961471221676,-6.7503852877832315
102Ah_45degC_0p5C_cell3,11,full_prefix_meanT,88.797,81.67734408551914,-7.119655914480859
102Ah_45degC_0p5C_cell3,12,full_prefix_meanT,88.025,80.7115800598311,-7.313419940168899
102Ah_45degC_0p5C_cell3,13,full_prefix_meanT,87.256,79.80083508218087,-7.455164917819133
102Ah_45degC_0p5C_cell3,14,full_prefix_meanT,86.448,78.8807437321857,-7.567256267814287
102Ah_45degC_0p5C_cell3,15,full_prefix_meanT,85.454,77.9598361308652,-7.494163869134795
102Ah_45degC_0p5C_cell3,16,full_prefix_meanT,84.767,76.72380413732361,-8.043195862676384
102Ah_45degC_0p5C_cell3,17,full_prefix_meanT,83.861,75.7312093786932,-8.12979062130681
102Ah_45degC_0p5C_cell3,18,full_prefix_meanT,82.921,74.88769022824516,-8.033309771754844
102Ah_45degC_0p5C_cell3,19,full_prefix_meanT,81.859,74.04797919657702,-7.811020803422977
102Ah_45degC_0p5C_cell3,20,full_prefix_meanT,80.568,72.8308954749224,-7.737104525077598
102Ah_45degC_0p5C_cell3,21,full_prefix_meanT,78.862,71.4548835199002,-7.407116480099788
102Ah_45degC_0p5C_cell3,22,full_prefix_meanT,77.351,70.6512377103224,-6.699762289677594
102Ah_45degC_0p5C_cell3,23,full_prefix_meanT,75.585,69.5886101544775,-5.996389845522501
102Ah_45degC_0p5C_cell3,24,full_prefix_meanT,73.377,67.7378999680145,-5.6391000319854925
102Ah_45degC_0p5C_cell3,25,full_prefix_meanT,71.212,66.8154037676284,-4.396596232371607
102Ah_45degC_0p5C_cell3,26,full_prefix_meanT,68.96,66.05137387803163,-2.908626121968368
102Ah_45degC_0p5C_cell3,27,full_prefix_meanT,66.665,65.30407703367939,-1.360922966320615
102Ah_45degC_0p5C_cell3,28,full_prefix_meanT,64.205,64.16108476535521,-0.04391523464478553
102Ah_45degC_0p5C_cell3,29,full_prefix_meanT,63.18,63.77150974456161,0.5915097445616126
102Ah_45degC_0p5C_cell3,30,full_prefix_meanT,61.901,63.27627738087402,1.3752773808740173
102Ah_45degC_0p5C_cell3,1,full_prefix_hot_fraction,97.213,94.74698234578811,-2.466017654211882
102Ah_45degC_0p5C_cell3,2,full_prefix_hot_fraction,96.093,93.23529234913435,-2.857707650865649
102Ah_45degC_0p5C_cell3,3,full_prefix_hot_fraction,95.183,92.01012500164461,-3.1728749983553968
102Ah_45degC_0p5C_cell3,4,full_prefix_hot_fraction,94.405,90.8475163265275,-3.557483673472504
102Ah_45degC_0p5C_cell3,5,full_prefix_hot_fraction,93.579,89.60724821531971,-3.9717517846802792
102Ah_45degC_0p5C_cell3,6,full_prefix_hot_fraction,92.867,88.7066684492895,-4.160331550710509
102Ah_45degC_0p5C_cell3,7,full_prefix_hot_fraction,92.307,87.11196246224242,-5.195037537757585
102Ah_45degC_0p5C_cell3,8,full_prefix_hot_fraction,91.334,85.82115713980933,-5.512842860190673
102Ah_45degC_0p5C_cell3,9,full_prefix_hot_fraction,90.546,85.01664638529454,-5.529353614705471
102Ah_45degC_0p5C_cell3,10,full_prefix_hot_fraction,89.71,84.09306937786158,-5.616930622138412
102Ah_45degC_0p5C_cell3,11,full_prefix_hot_fraction,88.797,83.19727248880147,-5.599727511198523
102Ah_45degC_0p5C_cell3,12,full_prefix_hot_fraction,88.025,82.49016717098934,-5.534832829010668
102Ah_45degC_0p5C_cell3,13,full_prefix_hot_fraction,87.256,81.8237323031473,-5.432267696852705
102Ah_45degC_0p5C_cell3,14,full_prefix_hot_fraction,86.448,81.1612221594666,-5.286777840533389
102Ah_45degC_0p5C_cell3,15,full_prefix_hot_fraction,85.454,80.51107819738355,-4.942921802616439
102Ah_45degC_0p5C_cell3,16,full_prefix_hot_fraction,84.767,79.68616415726245,-5.080835842737542
102Ah_45degC_0p5C_cell3,17,full_prefix_hot_fraction,83.861,78.99337593126936,-4.867624068730649
102Ah_45degC_0p5C_cell3,18,full_prefix_hot_fraction,82.921,78.38451595479128,-4.536484045208724
102Ah_45degC_0p5C_cell3,19,full_prefix_hot_fraction,81.859,77.78388798355964,-4.075112016440357
102Ah_45degC_0p5C_cell3,20,full_prefix_hot_fraction,80.568,76.98655233066557,-3.5814476693344233
102Ah_45degC_0p5C_cell3,21,full_prefix_hot_fraction,78.862,76.12002989358368,-2.7419701064163178
102Ah_45degC_0p5C_cell3,22,full_prefix_hot_fraction,77.351,75.55249537853331,-1.7985046214666909
102Ah_45degC_0p5C_cell3,23,full_prefix_hot_fraction,75.585,74.85438537648227,-0.7306146235177238
102Ah_45degC_0p5C_cell3,24,full_prefix_hot_fraction,73.377,73.76204607558833,0.3850460755883347
102Ah_45degC_0p5C_cell3,25,full_prefix_hot_fraction,71.212,73.16330502628153,1.9513050262815312
102Ah_45degC_0p5C_cell3,26,full_prefix_hot_fraction,68.96,72.64532857402747,3.68532857402748
102Ah_45degC_0p5C_cell3,27,full_prefix_hot_fraction,66.665,72.13541412675806,5.470414126758058
102Ah_45degC_0p5C_cell3,28,full_prefix_hot_fraction,64.205,71.43394085997095,7.2289408599709475
102Ah_45degC_0p5C_cell3,29,full_prefix_hot_fraction,63.18,71.23768375535397,8.05768375535397
102Ah_45degC_0p5C_cell3,30,full_prefix_hot_fraction,61.901,70.95793434313464,9.056934343134635
102Ah_45degC_0p5C_cell3,1,full_prefix_arrhenius,97.213,97.6162636141979,0.4032636141979111
102Ah_45degC_0p5C_cell3,2,full_prefix_arrhenius,96.093,96.50599505449331,0.4129950544933081
102Ah_45degC_0p5C_cell3,3,full_prefix_arrhenius,95.183,95.31221379893746,0.12921379893745666
102Ah_45degC_0p5C_cell3,4,full_prefix_arrhenius,94.405,93.96777722798241,-0.4372227720175914
102Ah_45degC_0p5C_cell3,5,full_prefix_arrhenius,93.579,92.31638112383519,-1.262618876164808
102Ah_45degC_0p5C_cell3,6,full_prefix_arrhenius,92.867,90.99913709416683,-1.867862905833178
102Ah_45degC_0p5C_cell3,7,full_prefix_arrhenius,92.307,88.40271479333663,-3.904285206663374
102Ah_45degC_0p5C_cell3,8,full_prefix_arrhenius,91.334,86.11404980556611,-5.219950194433892
102Ah_45degC_0p5C_cell3,9,full_prefix_arrhenius,90.546,84.67235848286347,-5.873641517136534
102Ah_45degC_0p5C_cell3,10,full_prefix_arrhenius,89.71,82.92725930168764,-6.782740698312352
102Ah_45degC_0p5C_cell3,11,full_prefix_arrhenius,88.797,81.16900083208516,-7.627999167914837
102Ah_45degC_0p5C_cell3,12,full_prefix_arrhenius,88.025,79.78193351347224,-8.243066486527766
102Ah_45degC_0p5C_cell3,13,full_prefix_arrhenius,87.256,78.45839069169128,-8.797609308308722
102Ah_45degC_0p5C_cell3,14,full_prefix_arrhenius,86.448,77.11970874488762,-9.328291255112376
102Ah_45degC_0p5C_cell3,15,full_prefix_arrhenius,85.454,75.76598152169933,-9.688018478300663
102Ah_45degC_0p5C_cell3,16,full_prefix_arrhenius,84.767,74.02017822073422,-10.746821779265773
102Ah_45degC_0p5C_cell3,17,full_prefix_arrhenius,83.861,72.58356110527987,-11.277438894720134
102Ah_45degC_0p5C_cell3,18,full_prefix_arrhenius,82.921,71.34031796929507,-11.580682030704935
102Ah_45degC_0p5C_cell3,19,full_prefix_arrhenius,81.859,70.10313075945582,-11.755869240544172
102Ah_45degC_0p5C_cell3,20,full_prefix_arrhenius,80.568,68.37724034013857,-12.190759659861428
102Ah_45degC_0p5C_cell3,21,full_prefix_arrhenius,78.862,66.4379793851991,-12.424020614800895
102Ah_45degC_0p5C_cell3,22,full_prefix_arrhenius,77.351,65.23456738132366,-12.116432618676342
102Ah_45degC_0p5C_cell3,23,full_prefix_arrhenius,75.585,63.69078730144164,-11.894212698558356
102Ah_45degC_0p5C_cell3,24,full_prefix_arrhenius,73.377,61.10936186639297,-12.267638133607022
102Ah_45degC_0p5C_cell3,25,full_prefix_arrhenius,71.212,59.68604842872198,-11.525951571278021
102Ah_45degC_0p5C_cell3,26,full_prefix_arrhenius,68.96,58.4701914340571,-10.489808565942894
102Ah_45degC_0p5C_cell3,27,full_prefix_arrhenius,66.665,57.27253207509391,-9.392467924906093
102Ah_45degC_0p5C_cell3,28,full_prefix_arrhenius,64.205,55.56849043519046,-8.636509564809536
102Ah_45degC_0p5C_cell3,29,full_prefix_arrhenius,63.18,55.056865191623416,-8.123134808376584
102Ah_45degC_0p5C_cell3,30,full_prefix_arrhenius,61.901,54.35572053656942,-7.545279463430582
102Ah_45degC_0p5C_cell3,1,full_prefix_meanT_plus_currentT,97.213,95.69128907289604,-1.5217109271039533
102Ah_45degC_0p5C_cell3,2,full_prefix_meanT_plus_currentT,96.093,94.23544538476918,-1.8575546152308249
102Ah_45degC_0p5C_cell3,3,full_prefix_meanT_plus_currentT,95.183,93.1605176218907,-2.022482378109302
102Ah_45degC_0p5C_cell3,4,full_prefix_meanT_plus_currentT,94.405,91.82254280757847,-2.582457192421529
102Ah_45degC_0p5C_cell3,5,full_prefix_meanT_plus_currentT,93.579,90.5548574689705,-3.024142531029497
102Ah_45degC_0p5C_cell3,6,full_prefix_meanT_plus_currentT,92.867,89.57584602263098,-3.291153977369021
102Ah_45degC_0p5C_cell3,7,full_prefix_meanT_plus_currentT,92.307,87.25137428149688,-5.055625718503123
102Ah_45degC_0p5C_cell3,8,full_prefix_meanT_plus_currentT,91.334,85.77008784103683,-5.563912158963177
102Ah_45degC_0p5C_cell3,9,full_prefix_meanT_plus_currentT,90.546,84.6781480681639,-5.8678519318361
102Ah_45degC_0p5C_cell3,10,full_prefix_meanT_plus_currentT,89.71,83.19766892404891,-6.5123310759510815
102Ah_45degC_0p5C_cell3,11,full_prefix_meanT_plus_currentT,88.797,82.02742882720179,-6.769571172798209
102Ah_45degC_0p5C_cell3,12,full_prefix_meanT_plus_currentT,88.025,81.11020448381461,-6.914795516185393
102Ah_45degC_0p5C_cell3,13,full_prefix_meanT_plus_currentT,87.256,80.13994423138439,-7.11605576861561
102Ah_45degC_0p5C_cell3,14,full_prefix_meanT_plus_currentT,86.448,79.16358344242434,-7.284416557575653
102Ah_45degC_0p5C_cell3,15,full_prefix_meanT_plus_currentT,85.454,78.21874150374045,-7.235258496259547
102Ah_45degC_0p5C_cell3,16,full_prefix_meanT_plus_currentT,84.767,77.10832718968645,-7.658672810313547
102Ah_45degC_0p5C_cell3,17,full_prefix_meanT_plus_currentT,83.861,76.34634167513333,-7.514658324866673
102Ah_45degC_0p5C_cell3,18,full_prefix_meanT_plus_currentT,82.921,75.46174551769147,-7.459254482308538
102Ah_45degC_0p5C_cell3,19,full_prefix_meanT_plus_currentT,81.859,74.63118468776915,-7.227815312230845
102Ah_45degC_0p5C_cell3,20,full_prefix_meanT_plus_currentT,80.568,73.37112411349867,-7.196875886501331
102Ah_45degC_0p5C_cell3,21,full_prefix_meanT_plus_currentT,78.862,72.01465587169038,-6.847344128309615
102Ah_45degC_0p5C_cell3,22,full_prefix_meanT_plus_currentT,77.351,71.22443577908427,-6.126564220915725
102Ah_45degC_0p5C_cell3,23,full_prefix_meanT_plus_currentT,75.585,70.11822113554176,-5.4667788644582345
102Ah_45degC_0p5C_cell3,24,full_prefix_meanT_plus_currentT,73.377,67.45281139088442,-5.924188609115575
102Ah_45degC_0p5C_cell3,25,full_prefix_meanT_plus_currentT,71.212,66.8831940973426,-4.3288059026574075
102Ah_45degC_0p5C_cell3,26,full_prefix_meanT_plus_currentT,68.96,66.15056357550597,-2.8094364244940238
102Ah_45degC_0p5C_cell3,27,full_prefix_meanT_plus_currentT,66.665,65.38492344658098,-1.280076553419022
102Ah_45degC_0p5C_cell3,28,full_prefix_meanT_plus_currentT,64.205,64.29298572509458,0.08798572509458324
102Ah_45degC_0p5C_cell3,29,full_prefix_meanT_plus_currentT,63.18,63.923505595299794,0.7435055952997942
102Ah_45degC_0p5C_cell3,30,full_prefix_meanT_plus_currentT,61.901,63.469892485160884,1.5688924851608803
102Ah_45degC_1C_cell1,1,stable_noT,98.462,98.22994556782987,-0.23205443217013055
102Ah_45degC_1C_cell1,2,stable_noT,97.488,97.17775033352964,-0.3102496664703551
102Ah_45degC_1C_cell1,3,stable_noT,96.668,96.3826758946794,-0.2853241053206119
102Ah_45degC_1C_cell1,4,stable_noT,96.07,95.71569705196183,-0.35430294803816764
102Ah_45degC_1C_cell1,5,stable_noT,95.532,95.04167794814543,-0.49032205185456235
102Ah_45degC_1C_cell1,6,stable_noT,95.047,94.52381469434637,-0.5231853056536266
102Ah_45degC_1C_cell1,7,stable_noT,94.61,94.00557889370417,-0.6044211062958311
102Ah_45degC_1C_cell1,8,stable_noT,94.15,93.54701704754831,-0.602982952451697
102Ah_45degC_1C_cell1,9,stable_noT,93.732,93.11984376051629,-0.6121562394837099
102Ah_45degC_1C_cell1,10,stable_noT,93.34,92.72058934229418,-0.6194106577058278
102Ah_45degC_1C_cell1,11,stable_noT,92.94,92.32348672974202,-0.6165132702579825
102Ah_45degC_1C_cell1,12,stable_noT,92.564,91.95483713536093,-0.6091628646390603
102Ah_45degC_1C_cell1,13,stable_noT,92.197,91.59470444233926,-0.6022955576607387
102Ah_45degC_1C_cell1,14,stable_noT,91.821,91.22101021334713,-0.5999897866528698
102Ah_45degC_1C_cell1,15,stable_noT,91.424,90.87261469525946,-0.551385304740549
102Ah_45degC_1C_cell1,16,stable_noT,90.943,90.35914331848105,-0.5838566815189523
102Ah_45degC_1C_cell1,17,stable_noT,90.603,90.03758849346367,-0.5654115065363214
102Ah_45degC_1C_cell1,18,stable_noT,90.278,89.71682174160033,-0.5611782583996785
102Ah_45degC_1C_cell1,19,stable_noT,89.822,89.40439544416185,-0.41760455583815315
102Ah_45degC_1C_cell1,20,stable_noT,89.494,89.05086275041613,-0.44313724958387013
102Ah_45degC_1C_cell1,21,stable_noT,89.036,88.64188862003098,-0.39411137996901857
102Ah_45degC_1C_cell1,22,stable_noT,88.696,88.34614787879363,-0.3498521212063679
102Ah_45degC_1C_cell1,23,stable_noT,88.347,88.05886622821077,-0.2881337717892194
102Ah_45degC_1C_cell1,24,stable_noT,88.0,87.77704524483619,-0.22295475516381202
102Ah_45degC_1C_cell1,25,stable_noT,87.625,87.49584067489852,-0.1291593251014831
102Ah_45degC_1C_cell1,26,stable_noT,87.258,87.21536720683943,-0.04263279316056412
102Ah_45degC_1C_cell1,27,stable_noT,86.915,86.90518279781679,-0.009817202183214135
102Ah_45degC_1C_cell1,28,stable_noT,86.361,86.44997459009414,0.08897459009413922
102Ah_45degC_1C_cell1,29,stable_noT,85.894,86.13572866380565,0.24172866380564528
102Ah_45degC_1C_cell1,30,stable_noT,85.512,85.87275065339816,0.3607506533981564
102Ah_45degC_1C_cell1,1,current_T_only,98.462,97.13494430620108,-1.3270556937989255
102Ah_45degC_1C_cell1,2,current_T_only,97.488,96.00075058325244,-1.4872494167475594
102Ah_45degC_1C_cell1,3,current_T_only,96.668,95.15518900470089,-1.5128109952991196
102Ah_45degC_1C_cell1,4,current_T_only,96.07,94.48093715299369,-1.5890628470063035
102Ah_45degC_1C_cell1,5,current_T_only,95.532,93.79863361864362,-1.733366381356376
102Ah_45degC_1C_cell1,6,current_T_only,95.047,93.27248489233347,-1.7745151076665309
102Ah_45degC_1C_cell1,7,current_T_only,94.61,92.7453721337703,-1.8646278662296965
102Ah_45degC_1C_cell1,8,current_T_only,94.15,92.27783223031857,-1.8721677696814396
102Ah_45degC_1C_cell1,9,current_T_only,93.732,91.84163888581563,-1.8903611141843726
102Ah_45degC_1C_cell1,10,current_T_only,93.34,91.43332329069493,-1.9066767093050743
102Ah_45degC_1C_cell1,11,current_T_only,92.94,91.07097149221013,-1.8690285077898636
102Ah_45degC_1C_cell1,12,current_T_only,92.564,90.73716676915765,-1.8268332308423396
102Ah_45degC_1C_cell1,13,current_T_only,92.197,90.38971485117567,-1.8072851488243344
102Ah_45degC_1C_cell1,14,current_T_only,91.821,89.9841653024831,-1.8368346975168919
102Ah_45degC_1C_cell1,15,current_T_only,91.424,89.55999746643188,-1.8640025335681258
102Ah_45degC_1C_cell1,16,current_T_only,90.943,89.01157103302339,-1.9314289669766112
102Ah_45degC_1C_cell1,17,current_T_only,90.603,88.7244088839195,-1.8785911160805
102Ah_45degC_1C_cell1,18,current_T_only,90.278,86.71827729889502,-3.559722701104988
102Ah_45degC_1C_cell1,19,current_T_only,89.822,88.15986576262584,-1.6621342373741612
102Ah_45degC_1C_cell1,20,current_T_only,89.494,87.79557406515394,-1.6984259348460569
102Ah_45degC_1C_cell1,21,current_T_only,89.036,87.81536438709576,-1.2206356129042462
102Ah_45degC_1C_cell1,22,current_T_only,88.696,87.53178398232902,-1.1642160176709808
102Ah_45degC_1C_cell1,23,current_T_only,88.347,87.21271131322497,-1.1342886867750224
102Ah_45degC_1C_cell1,24,current_T_only,88.0,86.92118882986473,-1.0788111701352676
102Ah_45degC_1C_cell1,25,current_T_only,87.625,86.63021685513479,-0.9947831448652096
102Ah_45degC_1C_cell1,26,current_T_only,87.258,86.33991553325465,-0.9180844667453414
102Ah_45degC_1C_cell1,27,current_T_only,86.915,86.01907045599637,-0.8959295440036357
102Ah_45degC_1C_cell1,28,current_T_only,86.361,85.52727694939136,-0.8337230506086399
102Ah_45degC_1C_cell1,29,current_T_only,85.894,85.17992799279497,-0.7140720072050328
102Ah_45degC_1C_cell1,30,current_T_only,85.512,84.9292481856131,-0.5827518143868957
102Ah_45degC_1C_cell1,1,full_prefix_meanT,98.462,96.70344164056985,-1.758558359430154
102Ah_45degC_1C_cell1,2,full_prefix_meanT,97.488,95.76293507341842,-1.725064926581581
102Ah_45degC_1C_cell1,3,full_prefix_meanT,96.668,94.93988267674784,-1.7281173232521638
102Ah_45degC_1C_cell1,4,full_prefix_meanT,96.07,94.3185217289149,-1.751478271085091
102Ah_45degC_1C_cell1,5,full_prefix_meanT,95.532,93.67291224436438,-1.8590877556356133
102Ah_45degC_1C_cell1,6,full_prefix_meanT,95.047,93.17265742757229,-1.8743425724277074
102Ah_45degC_1C_cell1,7,full_prefix_meanT,94.61,92.66030826675782,-1.949691733242176
102Ah_45degC_1C_cell1,8,full_prefix_meanT,94.15,92.20861890191736,-1.941381098082644
102Ah_45degC_1C_cell1,9,full_prefix_meanT,93.732,91.78955093673332,-1.9424490632666789
102Ah_45degC_1C_cell1,10,full_prefix_meanT,93.34,91.39533985410347,-1.9446601458965347
102Ah_45degC_1C_cell1,11,full_prefix_meanT,92.94,91.0038535082909,-1.9361464917090956
102Ah_45degC_1C_cell1,12,full_prefix_meanT,92.564,90.64378590332356,-1.9202140966764318
102Ah_45degC_1C_cell1,13,full_prefix_meanT,92.197,90.29131972235297,-1.9056802776470363
102Ah_45degC_1C_cell1,14,full_prefix_meanT,91.821,89.92230392361938,-1.8986960763806167
102Ah_45degC_1C_cell1,15,full_prefix_meanT,91.424,89.57232196592514,-1.8516780340748653
102Ah_45degC_1C_cell1,16,full_prefix_meanT,90.943,89.05984444318955,-1.8831555568104505
102Ah_45degC_1C_cell1,17,full_prefix_meanT,90.603,88.7379648921009,-1.8650351078990894
102Ah_45degC_1C_cell1,18,full_prefix_meanT,90.278,88.39072689097509,-1.8872731090249175
102Ah_45degC_1C_cell1,19,full_prefix_meanT,89.822,88.07752563248056,-1.7444743675194445
102Ah_45degC_1C_cell1,20,full_prefix_meanT,89.494,87.72711902606733,-1.7668809739326718
102Ah_45degC_1C_cell1,21,full_prefix_meanT,89.036,87.3375361332661,-1.6984638667339027
102Ah_45degC_1C_cell1,22,full_prefix_meanT,88.696,87.06227098841076,-1.6337290115892387
102Ah_45degC_1C_cell1,23,full_prefix_meanT,88.347,86.79241134684297,-1.554588653157026
102Ah_45degC_1C_cell1,24,full_prefix_meanT,88.0,86.52509009355624,-1.4749099064437559
102Ah_45degC_1C_cell1,25,full_prefix_meanT,87.625,86.25625994020898,-1.3687400597910226
102Ah_45degC_1C_cell1,26,full_prefix_meanT,87.258,85.98721679730765,-1.2707832026923427
102Ah_45degC_1C_cell1,27,full_prefix_meanT,86.915,85.68729989325627,-1.2277001067437396
102Ah_45degC_1C_cell1,28,full_prefix_meanT,86.361,85.23890282169288,-1.1220971783071292
102Ah_45degC_1C_cell1,29,full_prefix_meanT,85.894,84.93126851587805,-0.9627314841219601
102Ah_45degC_1C_cell1,30,full_prefix_meanT,85.512,84.67495914521228,-0.8370408547877162
102Ah_45degC_1C_cell1,1,full_prefix_hot_fraction,98.462,97.0194696388014,-1.4425303611986067
102Ah_45degC_1C_cell1,2,full_prefix_hot_fraction,97.488,96.00988347478287,-1.478116525217132
102Ah_45degC_1C_cell1,3,full_prefix_hot_fraction,96.668,95.24658965453423,-1.4214103454657732
102Ah_45degC_1C_cell1,4,full_prefix_hot_fraction,96.07,94.6059720262119,-1.4640279737880917
102Ah_45degC_1C_cell1,5,full_prefix_hot_fraction,95.532,93.958018139936,-1.573981860063995
102Ah_45degC_1C_cell1,6,full_prefix_hot_fraction,95.047,93.46021417148702,-1.5867858285129728
102Ah_45degC_1C_cell1,7,full_prefix_hot_fraction,94.61,92.96172054631593,-1.6482794536840686
102Ah_45degC_1C_cell1,8,full_prefix_hot_fraction,94.15,92.52061579671204,-1.6293842032879695
102Ah_45degC_1C_cell1,9,full_prefix_hot_fraction,93.732,92.10960247204427,-1.6223975279557266
102Ah_45degC_1C_cell1,10,full_prefix_hot_fraction,93.34,91.72541128787407,-1.6145887121259364
102Ah_45degC_1C_cell1,11,full_prefix_hot_fraction,92.94,91.34313098535254,-1.596869014647453
102Ah_45degC_1C_cell1,12,full_prefix_hot_fraction,92.564,90.98826217654226,-1.5757378234577288
102Ah_45degC_1C_cell1,13,full_prefix_hot_fraction,92.197,90.64151719076645,-1.5554828092335526
102Ah_45degC_1C_cell1,14,full_prefix_hot_fraction,91.821,90.28148463226538,-1.539515367734623
102Ah_45degC_1C_cell1,15,full_prefix_hot_fraction,91.424,89.94587719261324,-1.478122807386768
102Ah_45degC_1C_cell1,16,full_prefix_hot_fraction,90.943,89.44983897823478,-1.4931610217652178
102Ah_45degC_1C_cell1,17,full_prefix_hot_fraction,90.603,89.14006688704441,-1.4629331129555823
102Ah_45degC_1C_cell1,18,full_prefix_hot_fraction,90.278,88.83094058979364,-1.4470594102063643
102Ah_45degC_1C_cell1,19,full_prefix_hot_fraction,89.822,88.52984910021547,-1.2921508997845308
102Ah_45degC_1C_cell1,20,full_prefix_hot_fraction,89.494,88.1886699296424,-1.3053300703575985
102Ah_45degC_1C_cell1,21,full_prefix_hot_fraction,89.036,87.79338621738358,-1.2426137826164165
102Ah_45degC_1C_cell1,22,full_prefix_hot_fraction,88.696,87.50833168710278,-1.187668312897216
102Ah_45degC_1C_cell1,23,full_prefix_hot_fraction,88.347,87.23142453470423,-1.1155754652957626
102Ah_45degC_1C_cell1,24,full_prefix_hot_fraction,88.0,86.95979179744464,-1.0402082025553625
102Ah_45degC_1C_cell1,25,full_prefix_hot_fraction,87.625,86.68871483840323,-0.9362851615967713
102Ah_45degC_1C_cell1,26,full_prefix_hot_fraction,87.258,86.41830699253074,-0.8396930074692506
102Ah_45degC_1C_cell1,27,full_prefix_hot_fraction,86.915,86.11886414625792,-0.7961358537420864
102Ah_45degC_1C_cell1,28,full_prefix_hot_fraction,86.361,85.6777355182644,-0.6832644817356055
102Ah_45degC_1C_cell1,29,full_prefix_hot_fraction,85.894,85.37416588431303,-0.5198341156869759
102Ah_45degC_1C_cell1,30,full_prefix_hot_fraction,85.512,85.12062489149137,-0.3913751085086261
102Ah_45degC_1C_cell1,1,full_prefix_arrhenius,98.462,98.59017846463114,0.1281784646311337
102Ah_45degC_1C_cell1,2,full_prefix_arrhenius,97.488,97.8940285172791,0.40602851727909695
102Ah_45degC_1C_cell1,3,full_prefix_arrhenius,96.668,97.22105674239353,0.5530567423935224
102Ah_45degC_1C_cell1,4,full_prefix_arrhenius,96.07,96.60234122954701,0.5323412295470149
102Ah_45degC_1C_cell1,5,full_prefix_arrhenius,95.532,95.96472006262046,0.4327200626204615
102Ah_45degC_1C_cell1,6,full_prefix_arrhenius,95.047,95.37188647316081,0.32488647316081654
102Ah_45degC_1C_cell1,7,full_prefix_arrhenius,94.61,94.7644214345985,0.154421434598504
102Ah_45degC_1C_cell1,8,full_prefix_arrhenius,94.15,94.17104590874158,0.021045908741569974
102Ah_45degC_1C_cell1,9,full_prefix_arrhenius,93.732,93.59412278779266,-0.13787721220734284
102Ah_45degC_1C_cell1,10,full_prefix_arrhenius,93.34,93.02401357963511,-0.31598642036489366
102Ah_45degC_1C_cell1,11,full_prefix_arrhenius,92.94,92.4524609225967,-0.48753907740329794
102Ah_45degC_1C_cell1,12,full_prefix_arrhenius,92.564,91.89597082742945,-0.6680291725705416
102Ah_45degC_1C_cell1,13,full_prefix_arrhenius,92.197,91.34148957842146,-0.8555104215785434
102Ah_45degC_1C_cell1,14,full_prefix_arrhenius,91.821,90.77422096733653,-1.0467790326634656
102Ah_45degC_1C_cell1,15,full_prefix_arrhenius,91.424,90.20997477249922,-1.214025227500784
102Ah_45degC_1C_cell1,16,full_prefix_arrhenius,90.943,89.54433473972492,-1.3986652602750809
102Ah_45degC_1C_cell1,17,full_prefix_arrhenius,90.603,88.98721507068593,-1.61578492931406
102Ah_45degC_1C_cell1,18,full_prefix_arrhenius,90.278,88.3858701457799,-1.8921298542201015
102Ah_45degC_1C_cell1,19,full_prefix_arrhenius,89.822,87.83330130990169,-1.9886986900983175
102Ah_45degC_1C_cell1,20,full_prefix_arrhenius,89.494,87.26261796048982,-2.23138203951018
102Ah_45degC_1C_cell1,21,full_prefix_arrhenius,89.036,86.68677181150345,-2.3492281884965536
102Ah_45degC_1C_cell1,22,full_prefix_arrhenius,88.696,86.18018917142516,-2.5158108285748426
102Ah_45degC_1C_cell1,23,full_prefix_arrhenius,88.347,85.6809464064559,-2.666053593544092
102Ah_45degC_1C_cell1,24,full_prefix_arrhenius,88.0,85.18190638204234,-2.8180936179576577
102Ah_45degC_1C_cell1,25,full_prefix_arrhenius,87.625,84.68104566218274,-2.94395433781726
102Ah_45degC_1C_cell1,26,full_prefix_arrhenius,87.258,84.18059590625072,-3.07740409374928
102Ah_45degC_1C_cell1,27,full_prefix_arrhenius,86.915,83.65984129500444,-3.2551587049955657
102Ah_45degC_1C_cell1,28,full_prefix_arrhenius,86.361,83.04035338994407,-3.320646610055931
102Ah_45degC_1C_cell1,29,full_prefix_arrhenius,85.894,82.50971471752422,-3.384285282475787
102Ah_45degC_1C_cell1,30,full_prefix_arrhenius,85.512,82.01501864944247,-3.496981350557533
102Ah_45degC_1C_cell1,1,full_prefix_meanT_plus_currentT,98.462,96.57712601706247,-1.8848739829375347
102Ah_45degC_1C_cell1,2,full_prefix_meanT_plus_currentT,97.488,95.54534989869923,-1.9426501013007709
102Ah_45degC_1C_cell1,3,full_prefix_meanT_plus_currentT,96.668,94.70112335104932,-1.966876648950688
102Ah_45degC_1C_cell1,4,full_prefix_meanT_plus_currentT,96.07,94.05873976895597,-2.0112602310440195
102Ah_45degC_1C_cell1,5,full_prefix_meanT_plus_currentT,95.532,93.39770985094651,-2.1342901490534842
102Ah_45degC_1C_cell1,6,full_prefix_meanT_plus_currentT,95.047,92.8859439108197,-2.161056089180292
102Ah_45degC_1C_cell1,7,full_prefix_meanT_plus_currentT,94.61,92.3659601188247,-2.244039881175297
102Ah_45degC_1C_cell1,8,full_prefix_meanT_plus_currentT,94.15,91.90621657321063,-2.2437834267893777
102Ah_45degC_1C_cell1,9,full_prefix_meanT_plus_currentT,93.732,91.47862210710416,-2.2533778928958412
102Ah_45degC_1C_cell1,10,full_prefix_meanT_plus_currentT,93.34,91.07696744820232,-2.2630325517976786
102Ah_45degC_1C_cell1,11,full_prefix_meanT_plus_currentT,92.94,90.70499352770761,-2.2350064722923833
102Ah_45degC_1C_cell1,12,full_prefix_meanT_plus_currentT,92.564,90.36342309159795,-2.2005769084020415
102Ah_45degC_1C_cell1,13,full_prefix_meanT_plus_currentT,92.197,90.01604375448444,-2.18095624551556
102Ah_45degC_1C_cell1,14,full_prefix_meanT_plus_currentT,91.821,89.6255841227383,-2.195415877261695
102Ah_45degC_1C_cell1,15,full_prefix_meanT_plus_currentT,91.424,89.22919766996682,-2.194802330033184
102Ah_45degC_1C_cell1,16,full_prefix_meanT_plus_currentT,90.943,88.69468827192452,-2.2483117280754783
102Ah_45degC_1C_cell1,17,full_prefix_meanT_plus_currentT,90.603,88.39424970067857,-2.208750299321423
102Ah_45degC_1C_cell1,18,full_prefix_meanT_plus_currentT,90.278,87.0116692864915,-3.266330713508509
102Ah_45degC_1C_cell1,19,full_prefix_meanT_plus_currentT,89.822,87.78623628767589,-2.035763712324112
102Ah_45degC_1C_cell1,20,full_prefix_meanT_plus_currentT,89.494,87.42802748485522,-2.0659725151447788
102Ah_45degC_1C_cell1,21,full_prefix_meanT_plus_currentT,89.036,87.29725870559643,-1.7387412944035674
102Ah_45degC_1C_cell1,22,full_prefix_meanT_plus_currentT,88.696,87.02212092976077,-1.6738790702392237
102Ah_45degC_1C_cell1,23,full_prefix_meanT_plus_currentT,88.347,86.72624423109488,-1.6207557689051129
102Ah_45degC_1C_cell1,24,full_prefix_meanT_plus_currentT,88.0,86.44765924981968,-1.5523407501803206
102Ah_45degC_1C_cell1,25,full_prefix_meanT_plus_currentT,87.625,86.16829385690998,-1.4567061430900168
102Ah_45degC_1C_cell1,26,full_prefix_meanT_plus_currentT,87.258,85.88901975091778,-1.3689802490822132
102Ah_45degC_1C_cell1,27,full_prefix_meanT_plus_currentT,86.915,85.57877647268882,-1.3362235273111907
102Ah_45degC_1C_cell1,28,full_prefix_meanT_plus_currentT,86.361,85.10523095950396,-1.2557690404960482
102Ah_45degC_1C_cell1,29,full_prefix_meanT_plus_currentT,85.894,84.77467943911009,-1.1193205608899177
102Ah_45degC_1C_cell1,30,full_prefix_meanT_plus_currentT,85.512,84.52358094122718,-0.9884190587728199
102Ah_55degC_1C_cell3,1,stable_noT,98.15,99.51774389969192,1.3677438996919165
102Ah_55degC_1C_cell3,2,stable_noT,97.002,99.01979997288815,2.017799972888156
102Ah_55degC_1C_cell3,3,stable_noT,93.692,97.39175650727053,3.6997565072705356
102Ah_55degC_1C_cell3,4,stable_noT,93.086,97.03427854115478,3.948278541154778
102Ah_55degC_1C_cell3,5,stable_noT,92.505,96.67767983338355,4.172679833383555
102Ah_55degC_1C_cell3,6,stable_noT,91.953,96.3249953436376,4.371995343637593
102Ah_55degC_1C_cell3,7,stable_noT,91.407,95.93347582131163,4.526475821311635
102Ah_55degC_1C_cell3,8,stable_noT,90.846,95.5961133239319,4.750113323931899
102Ah_55degC_1C_cell3,9,stable_noT,90.301,95.2620346236286,4.961034623628592
102Ah_55degC_1C_cell3,10,stable_noT,89.744,94.92598207562054,5.181982075620539
102Ah_55degC_1C_cell3,11,stable_noT,89.204,94.59755489552484,5.393554895524844
102Ah_55degC_1C_cell3,12,stable_noT,88.661,94.26670806721404,5.605708067214039
102Ah_55degC_1C_cell3,13,stable_noT,88.039,93.74180028773345,5.702800287733453
102Ah_55degC_1C_cell3,14,stable_noT,87.512,93.41674035622196,5.904740356221964
102Ah_55degC_1C_cell3,15,stable_noT,86.962,93.09829151632206,6.136291516322061
102Ah_55degC_1C_cell3,16,stable_noT,86.38,92.77684794663266,6.396847946632661
102Ah_55degC_1C_cell3,17,stable_noT,85.815,92.46180921645754,6.646809216457541
102Ah_55degC_1C_cell3,18,stable_noT,85.108,92.14375280081748,7.035752800817477
102Ah_55degC_1C_cell3,19,stable_noT,84.207,91.73826778595316,7.531267785953162
102Ah_55degC_1C_cell3,20,stable_noT,83.035,91.4243320113917,8.389332011391701
102Ah_55degC_1C_cell3,21,stable_noT,81.814,91.11716946813407,9.303169468134072
102Ah_55degC_1C_cell3,22,stable_noT,80.494,90.80766385806385,10.313663858063848
102Ah_55degC_1C_cell3,23,stable_noT,79.116,90.50497580755085,11.38897580755085
102Ah_55degC_1C_cell3,24,stable_noT,77.658,90.20457971045766,12.546579710457664
102Ah_55degC_1C_cell3,25,stable_noT,76.068,89.89701452592055,13.829014525920556
102Ah_55degC_1C_cell3,26,stable_noT,74.402,89.57556959284193,15.173569592841929
102Ah_55degC_1C_cell3,27,stable_noT,72.733,88.99925151503534,16.266251515035336
102Ah_55degC_1C_cell3,28,stable_noT,71.205,88.70721293161493,17.502212931614935
102Ah_55degC_1C_cell3,29,stable_noT,69.634,88.41526451799625,18.78126451799625
102Ah_55degC_1C_cell3,30,stable_noT,68.083,88.06706933801802,19.984069338018017
102Ah_55degC_1C_cell3,1,current_T_only,98.15,96.74843006624135,-1.4015699337586511
102Ah_55degC_1C_cell3,2,current_T_only,97.002,96.23040121448346,-0.7715987855165309
102Ah_55degC_1C_cell3,3,current_T_only,93.692,94.49711767906298,0.8051176790629881
102Ah_55degC_1C_cell3,4,current_T_only,93.086,94.16774069796489,1.0817406979648894
102Ah_55degC_1C_cell3,5,current_T_only,92.505,93.787764961852,1.2827649618520098
102Ah_55degC_1C_cell3,6,current_T_only,91.953,93.41210647017586,1.459106470175854
102Ah_55degC_1C_cell3,7,current_T_only,91.407,92.9452563118035,1.538256311803508
102Ah_55degC_1C_cell3,8,current_T_only,90.846,92.65505720261172,1.8090572026117115
102Ah_55degC_1C_cell3,9,current_T_only,90.301,92.26453838871406,1.9635383887140563
102Ah_55degC_1C_cell3,10,current_T_only,89.744,91.9760801745114,2.2320801745113954
102Ah_55degC_1C_cell3,11,current_T_only,89.204,91.67820336648211,2.474203366482115
102Ah_55degC_1C_cell3,12,current_T_only,88.661,91.3260954670435,2.6650954670435
102Ah_55degC_1C_cell3,13,current_T_only,88.039,90.81193767047213,2.772937670472132
102Ah_55degC_1C_cell3,14,current_T_only,87.512,90.41412112601715,2.9021211260171498
102Ah_55degC_1C_cell3,15,current_T_only,86.962,90.14426401085467,3.1822640108546665
102Ah_55degC_1C_cell3,16,current_T_only,86.38,90.16576169702888,3.7857616970288888
102Ah_55degC_1C_cell3,17,current_T_only,85.815,89.51867705645513,3.7036770564551347
102Ah_55degC_1C_cell3,18,current_T_only,85.108,89.18022221847906,4.072222218479055
102Ah_55degC_1C_cell3,19,current_T_only,84.207,88.77073772567842,4.563737725678422
102Ah_55degC_1C_cell3,20,current_T_only,83.035,88.4712324997252,5.436232499725207
102Ah_55degC_1C_cell3,21,current_T_only,81.814,88.12668700733265,6.312687007332656
102Ah_55degC_1C_cell3,22,current_T_only,80.494,87.8490761650643,7.355076165064304
102Ah_55degC_1C_cell3,23,current_T_only,79.116,87.43990309601354,8.323903096013538
102Ah_55degC_1C_cell3,24,current_T_only,77.658,87.24082095909654,9.582820959096537
102Ah_55degC_1C_cell3,25,current_T_only,76.068,86.91336891467431,10.84536891467431
102Ah_55degC_1C_cell3,26,current_T_only,74.402,86.58925611861768,12.187256118617682
102Ah_55degC_1C_cell3,27,current_T_only,72.733,86.00807184416115,13.275071844161147
102Ah_55degC_1C_cell3,28,current_T_only,71.205,85.64451478181184,14.439514781811837
102Ah_55degC_1C_cell3,29,current_T_only,69.634,85.33300895051846,15.699008950518461
102Ah_55degC_1C_cell3,30,current_T_only,68.083,84.9994428341466,16.916442834146608
102Ah_55degC_1C_cell3,1,full_prefix_meanT,98.15,96.53598839745722,-1.6140116025427886
102Ah_55degC_1C_cell3,2,full_prefix_meanT,97.002,96.04679734512179,-0.9552026548782067
102Ah_55degC_1C_cell3,3,full_prefix_meanT,93.692,94.44648016396141,0.7544801639614178
102Ah_55degC_1C_cell3,4,full_prefix_meanT,93.086,94.07518883090518,0.989188830905178
102Ah_55degC_1C_cell3,5,full_prefix_meanT,92.505,93.71354734473768,1.2085473447376813
102Ah_55degC_1C_cell3,6,full_prefix_meanT,91.953,93.38928499469947,1.436284994699463
102Ah_55degC_1C_cell3,7,full_prefix_meanT,91.407,92.99694948643557,1.5899494864355717
102Ah_55degC_1C_cell3,8,full_prefix_meanT,90.846,92.66157905707652,1.8155790570765191
102Ah_55degC_1C_cell3,9,full_prefix_meanT,90.301,92.32583408410613,2.024834084106132
102Ah_55degC_1C_cell3,10,full_prefix_meanT,89.744,91.98440219859157,2.2404021985915676
102Ah_55degC_1C_cell3,11,full_prefix_meanT,89.204,91.65380513160144,2.449805131601451
102Ah_55degC_1C_cell3,12,full_prefix_meanT,88.661,91.3238018182859,2.6628018182858995
102Ah_55degC_1C_cell3,13,full_prefix_meanT,88.039,90.80331253462904,2.764312534629042
102Ah_55degC_1C_cell3,14,full_prefix_meanT,87.512,90.4791920714707,2.9671920714707056
102Ah_55degC_1C_cell3,15,full_prefix_meanT,86.962,90.15855251779448,3.1965525177944727
102Ah_55degC_1C_cell3,16,full_prefix_meanT,86.38,89.83965192970629,3.459651929706297
102Ah_55degC_1C_cell3,17,full_prefix_meanT,85.815,89.5265260217119,3.7115260217119044
102Ah_55degC_1C_cell3,18,full_prefix_meanT,85.108,89.2105981391667,4.102598139166702
102Ah_55degC_1C_cell3,19,full_prefix_meanT,84.207,88.80736465605963,4.600364656059639
102Ah_55degC_1C_cell3,20,full_prefix_meanT,83.035,88.4954430669941,5.460443066994102
102Ah_55degC_1C_cell3,21,full_prefix_meanT,81.814,88.18979512054436,6.3757951205443675
102Ah_55degC_1C_cell3,22,full_prefix_meanT,80.494,87.8819535285105,7.387953528510494
102Ah_55degC_1C_cell3,23,full_prefix_meanT,79.116,87.57978691634162,8.463786916341618
102Ah_55degC_1C_cell3,24,full_prefix_meanT,77.658,87.27820603619276,9.620206036192755
102Ah_55degC_1C_cell3,25,full_prefix_meanT,76.068,86.97237552570957,10.904375525709568
102Ah_55degC_1C_cell3,26,full_prefix_meanT,74.402,86.65356083041173,12.251560830411734
102Ah_55degC_1C_cell3,27,full_prefix_meanT,72.733,86.0786927421205,13.345692742120491
102Ah_55degC_1C_cell3,28,full_prefix_meanT,71.205,85.78796567599824,14.582965675998238
102Ah_55degC_1C_cell3,29,full_prefix_meanT,69.634,85.49481234673488,15.860812346734875
102Ah_55degC_1C_cell3,30,full_prefix_meanT,68.083,85.14535635777908,17.06235635777908
102Ah_55degC_1C_cell3,1,full_prefix_hot_fraction,98.15,98.87464051802176,0.7246405180217579
102Ah_55degC_1C_cell3,2,full_prefix_hot_fraction,97.002,98.39017580694016,1.3881758069401684
102Ah_55degC_1C_cell3,3,full_prefix_hot_fraction,93.692,96.7673383226708,3.0753383226708024
102Ah_55degC_1C_cell3,4,full_prefix_hot_fraction,93.086,96.4198041973789,3.333804197378896
102Ah_55degC_1C_cell3,5,full_prefix_hot_fraction,92.505,96.07316435765571,3.568164357655718
102Ah_55degC_1C_cell3,6,full_prefix_hot_fraction,91.953,95.7301105611416,3.7771105611415976
102Ah_55degC_1C_cell3,7,full_prefix_hot_fraction,91.407,95.34779781492165,3.940797814921652
102Ah_55degC_1C_cell3,8,full_prefix_hot_fraction,90.846,95.0199658773201,4.1739658773201
102Ah_55degC_1C_cell3,9,full_prefix_hot_fraction,90.301,94.69536120591899,4.394361205918983
102Ah_55degC_1C_cell3,10,full_prefix_hot_fraction,89.744,94.36887556242878,4.624875562428784
102Ah_55degC_1C_cell3,11,full_prefix_hot_fraction,89.204,94.04983417895798,4.845834178957986
102Ah_55degC_1C_cell3,12,full_prefix_hot_fraction,88.661,93.72847844615633,5.067478446156329
102Ah_55degC_1C_cell3,13,full_prefix_hot_fraction,88.039,93.20988093920175,5.170880939201751
102Ah_55degC_1C_cell3,14,full_prefix_hot_fraction,87.512,92.89422527160839,5.382225271608391
102Ah_55degC_1C_cell3,15,full_prefix_hot_fraction,86.962,92.58502461934782,5.623024619347817
102Ah_55degC_1C_cell3,16,full_prefix_hot_fraction,86.38,92.27295219376961,5.8929521937696165
102Ah_55degC_1C_cell3,17,full_prefix_hot_fraction,85.815,91.96713497765366,6.15213497765366
102Ah_55degC_1C_cell3,18,full_prefix_hot_fraction,85.108,91.65842895258552,6.55042895258552
102Ah_55degC_1C_cell3,19,full_prefix_hot_fraction,84.207,91.26061324137304,7.053613241373043
102Ah_55degC_1C_cell3,20,full_prefix_hot_fraction,83.035,90.956017197291,7.9210171972910075
102Ah_55degC_1C_cell3,21,full_prefix_hot_fraction,81.814,90.65806632746478,8.844066327464787
102Ah_55degC_1C_cell3,22,full_prefix_hot_fraction,80.494,90.35792262234267,9.86392262234267
102Ah_55degC_1C_cell3,23,full_prefix_hot_fraction,79.116,90.06447450920523,10.948474509205226
102Ah_55degC_1C_cell3,24,full_prefix_hot_fraction,77.658,89.7733366528649,12.115336652864897
102Ah_55degC_1C_cell3,25,full_prefix_hot_fraction,76.068,89.47510182911937,13.40710182911937
102Ah_55degC_1C_cell3,26,full_prefix_hot_fraction,74.402,89.1625118110022,14.760511811002203
102Ah_55degC_1C_cell3,27,full_prefix_hot_fraction,72.733,88.59077503308637,15.85777503308637
102Ah_55degC_1C_cell3,28,full_prefix_hot_fraction,71.205,88.3082586933918,17.10325869339181
102Ah_55degC_1C_cell3,29,full_prefix_hot_fraction,69.634,88.02582105864107,18.39182105864107
102Ah_55degC_1C_cell3,30,full_prefix_hot_fraction,68.083,87.68590408290665,19.602904082906647
102Ah_55degC_1C_cell3,1,full_prefix_arrhenius,98.15,99.13201924590686,0.9820192459068551
102Ah_55degC_1C_cell3,2,full_prefix_arrhenius,97.002,98.58464438291968,1.582644382919682
102Ah_55degC_1C_cell3,3,full_prefix_arrhenius,93.692,97.20401276089582,3.5120127608958285
102Ah_55degC_1C_cell3,4,full_prefix_arrhenius,93.086,96.70609176917905,3.620091769179055
102Ah_55degC_1C_cell3,5,full_prefix_arrhenius,92.505,96.20435843186439,3.699358431864397
102Ah_55degC_1C_cell3,6,full_prefix_arrhenius,91.953,95.71773211525148,3.7647321152514763
102Ah_55degC_1C_cell3,7,full_prefix_arrhenius,91.407,95.18718984411436,3.7801898441143607
102Ah_55degC_1C_cell3,8,full_prefix_arrhenius,90.846,94.70207959844848,3.856079598448474
102Ah_55degC_1C_cell3,9,full_prefix_arrhenius,90.301,94.21644511502411,3.915445115024113
102Ah_55degC_1C_cell3,10,full_prefix_arrhenius,89.744,93.72218205546822,3.978182055468224
102Ah_55degC_1C_cell3,11,full_prefix_arrhenius,89.204,93.23791486918967,4.0339148691896725
102Ah_55degC_1C_cell3,12,full_prefix_arrhenius,88.661,92.74960612296492,4.088606122964919
102Ah_55degC_1C_cell3,13,full_prefix_arrhenius,88.039,92.10862501608037,4.069625016080366
102Ah_55degC_1C_cell3,14,full_prefix_arrhenius,87.512,91.62343004722487,4.1114300472248715
102Ah_55degC_1C_cell3,15,full_prefix_arrhenius,86.962,91.14334953534537,4.181349535345362
102Ah_55degC_1C_cell3,16,full_prefix_arrhenius,86.38,90.66156729726198,4.2815672972619865
102Ah_55degC_1C_cell3,17,full_prefix_arrhenius,85.815,90.18742607377838,4.372426073778385
102Ah_55degC_1C_cell3,18,full_prefix_arrhenius,85.108,89.70756527261588,4.599565272615877
102Ah_55degC_1C_cell3,19,full_prefix_arrhenius,84.207,89.15854920815354,4.951549208153551
102Ah_55degC_1C_cell3,20,full_prefix_arrhenius,83.035,88.68150047152011,5.646500471520113
102Ah_55degC_1C_cell3,21,full_prefix_arrhenius,81.814,88.21251014174685,6.398510141746854
102Ah_55degC_1C_cell3,22,full_prefix_arrhenius,80.494,87.73840274271527,7.244402742715266
102Ah_55degC_1C_cell3,23,full_prefix_arrhenius,79.116,87.27141021409439,8.155410214094388
102Ah_55degC_1C_cell3,24,full_prefix_arrhenius,77.658,86.80350280287082,9.145502802870823
102Ah_55degC_1C_cell3,25,full_prefix_arrhenius,76.068,86.33046833835093,10.262468338350928
102Ah_55degC_1C_cell3,26,full_prefix_arrhenius,74.402,85.8504652847621,11.448465284762094
102Ah_55degC_1C_cell3,27,full_prefix_arrhenius,72.733,85.15240619368446,12.419406193684452
102Ah_55degC_1C_cell3,28,full_prefix_arrhenius,71.205,84.69151051985725,13.486510519857248
102Ah_55degC_1C_cell3,29,full_prefix_arrhenius,69.634,84.2260520286526,14.592052028652603
102Ah_55degC_1C_cell3,30,full_prefix_arrhenius,68.083,83.71625421767364,15.633254217673638
102Ah_55degC_1C_cell3,1,full_prefix_meanT_plus_currentT,98.15,96.50126235671313,-1.6487376432868786
102Ah_55degC_1C_cell3,2,full_prefix_meanT_plus_currentT,97.002,95.99638143294351,-1.0056185670564872
102Ah_55degC_1C_cell3,3,full_prefix_meanT_plus_currentT,93.692,94.32306999228338,0.6310699922833862
102Ah_55degC_1C_cell3,4,full_prefix_meanT_plus_currentT,93.086,93.9745268935983,0.8885268935982964
102Ah_55degC_1C_cell3,5,full_prefix_meanT_plus_currentT,92.505,93.60236368800805,1.097363688008059
102Ah_55degC_1C_cell3,6,full_prefix_meanT_plus_currentT,91.953,93.25079873778158,1.2977987377815765
102Ah_55degC_1C_cell3,7,full_prefix_meanT_plus_currentT,91.407,92.81671446179068,1.409714461790685
102Ah_55degC_1C_cell3,8,full_prefix_meanT_plus_currentT,90.846,92.50672959027966,1.660729590279658
102Ah_55degC_1C_cell3,9,full_prefix_meanT_plus_currentT,90.301,92.14024120211073,1.8392412021107276
102Ah_55degC_1C_cell3,10,full_prefix_meanT_plus_currentT,89.744,91.82818213730445,2.0841821373044525
102Ah_55degC_1C_cell3,11,full_prefix_meanT_plus_currentT,89.204,91.51578718217189,2.311787182171898
102Ah_55degC_1C_cell3,12,full_prefix_meanT_plus_currentT,88.661,91.17345513370435,2.51245513370435
102Ah_55degC_1C_cell3,13,full_prefix_meanT_plus_currentT,88.039,90.65673731655778,2.617737316557779
102Ah_55degC_1C_cell3,14,full_prefix_meanT_plus_currentT,87.512,90.29141669637572,2.779416696375719
102Ah_55degC_1C_cell3,15,full_prefix_meanT_plus_currentT,86.962,89.99908779550317,3.0370877955031688
102Ah_55degC_1C_cell3,16,full_prefix_meanT_plus_currentT,86.38,89.8708431441395,3.490843144139504
102Ah_55degC_1C_cell3,17,full_prefix_meanT_plus_currentT,85.815,89.37089516761554,3.555895167615546
102Ah_55degC_1C_cell3,18,full_prefix_meanT_plus_currentT,85.108,89.04246835420084,3.934468354200831
102Ah_55degC_1C_cell3,19,full_prefix_meanT_plus_currentT,84.207,88.63585211560033,4.4288521156003355
102Ah_55degC_1C_cell3,20,full_prefix_meanT_plus_currentT,83.035,88.3309838898024,5.2959838898024
102Ah_55degC_1C_cell3,21,full_prefix_meanT_plus_currentT,81.814,88.0036425682174,6.189642568217408
102Ah_55degC_1C_cell3,22,full_prefix_meanT_plus_currentT,80.494,87.71280721883862,7.21880721883862
102Ah_55degC_1C_cell3,23,full_prefix_meanT_plus_currentT,79.116,87.35077470260723,8.234774702607226
102Ah_55degC_1C_cell3,24,full_prefix_meanT_plus_currentT,77.658,87.10650252803885,9.448502528038844
102Ah_55degC_1C_cell3,25,full_prefix_meanT_plus_currentT,76.068,86.78865956851374,10.720659568513739
102Ah_55degC_1C_cell3,26,full_prefix_meanT_plus_currentT,74.402,86.46701498451534,12.065014984515344
102Ah_55degC_1C_cell3,27,full_prefix_meanT_plus_currentT,72.733,85.88868636198653,13.155686361986525
102Ah_55degC_1C_cell3,28,full_prefix_meanT_plus_currentT,71.205,85.55726306629667,14.352263066296672
102Ah_55degC_1C_cell3,29,full_prefix_meanT_plus_currentT,69.634,85.25377554396024,15.619775543960245
102Ah_55degC_1C_cell3,30,full_prefix_meanT_plus_currentT,68.083,84.91314834131975,16.830148341319756
