cell_id,target_ordinal,qualified_completed_event_count_after_anchor,temperature_observed_fraction,prefix_mean_event_T_C,prefix_hot_event_fraction_above40C,prefix_arrhenius_event_sum,max_source_event_end_audit
102Ah_25degC_0p5C_cell3,1,42,1.0,35.154761904761905,0.0,0.06896702133337985,2021-05-11T16:51:47
102Ah_25degC_0p5C_cell3,2,44,1.0,35.14318181818182,0.0,0.07221079681703928,2021-05-12T03:07:26
102Ah_25degC_0p5C_cell3,3,44,1.0,35.14318181818182,0.0,0.07221079681703928,2021-05-12T03:07:26
102Ah_25degC_0p5C_cell3,4,44,1.0,35.14318181818182,0.0,0.07221079681703928,2021-05-12T03:07:26
102Ah_25degC_0p5C_cell3,5,44,1.0,35.14318181818182,0.0,0.07221079681703928,2021-05-12T03:07:26
102Ah_25degC_0p5C_cell3,6,55,1.0,36.343636363636364,0.03636363636363636,0.09962396714820938,2021-06-19T21:53:42
102Ah_25degC_0p5C_cell3,7,86,1.0,36.60290697674419,0.023255813953488372,0.1553011761099479,2021-06-26T10:02:30
102Ah_25degC_0p5C_cell3,8,117,1.0,36.70170940170941,0.017094017094017096,0.210734654862207,2021-07-03T07:55:43
102Ah_25degC_0p5C_cell3,9,148,1.0,36.7820945945946,0.013513513513513514,0.2664500956055091,2021-07-10T00:28:02
102Ah_25degC_0p5C_cell3,10,178,1.0,36.80646067415731,0.011235955056179775,0.31996832916699747,2021-07-16T12:16:57
102Ah_25degC_0p5C_cell3,11,208,1.0,36.841586538461534,0.009615384615384616,0.37379635581553056,2021-07-22T18:16:32
102Ah_25degC_0p5C_cell3,12,239,1.0,36.86652719665272,0.008368200836820083,0.42938171817571447,2021-07-29T05:01:39
102Ah_25degC_0p5C_cell3,13,269,1.0,36.93085501858736,0.007434944237918215,0.48420361003608603,2021-08-04T10:33:59
102Ah_25degC_0p5C_cell3,14,300,1.0,36.9585,0.006666666666666667,0.5402124333994066,2021-08-10T20:52:19
102Ah_25degC_0p5C_cell3,15,331,1.0,36.941238670694865,0.006042296072507553,0.5951246096817105,2021-08-17T06:58:58
102Ah_25degC_0p5C_cell3,16,361,1.0,36.92382271468144,0.00554016620498615,0.6481657036100166,2021-08-24T23:57:16
102Ah_25degC_0p5C_cell3,17,392,1.0,36.94795918367347,0.00510204081632653,0.7042544240289017,2021-08-31T19:36:16
102Ah_25degC_0p5C_cell3,18,423,1.0,36.98735224586288,0.004728132387706856,0.7610214301739898,2021-09-07T05:07:06
102Ah_25degC_0p5C_cell3,19,453,1.0,37.06092715231788,0.004415011037527594,0.8175364294788688,2021-09-13T09:28:14
102Ah_25degC_0p5C_cell3,20,484,1.0,37.12231404958677,0.004132231404958678,0.8757218803312684,2021-09-20T04:26:48
102Ah_25degC_0p5C_cell3,21,514,1.0,37.19922178988327,0.0038910505836575876,0.9331381822145988,2021-09-26T08:24:52
102Ah_25degC_0p5C_cell3,22,546,1.0,37.25201465201466,0.003663003663003663,0.9934974181432972,2021-10-11T10:12:00
102Ah_25degC_0p5C_cell3,23,576,1.0,37.35546875,0.006944444444444444,1.0530735782616052,2021-10-17T13:42:44
102Ah_25degC_0p5C_cell3,24,607,1.0,37.36919275123559,0.006589785831960461,1.1102033142246215,2021-10-23T22:01:53
102Ah_25degC_0p5C_cell3,25,638,1.0,37.365909090909085,0.006269592476489028,1.1664847949134916,2021-10-30T16:00:27
102Ah_25degC_0p5C_cell3,26,669,1.0,37.40530642750374,0.005979073243647235,1.2252287229340018,2021-11-07T11:05:40
102Ah_25degC_0p5C_cell3,27,700,1.0,37.45664285714286,0.005714285714285714,1.2848981549940663,2021-11-13T18:54:53
102Ah_25degC_0p5C_cell3,28,731,1.0,37.48926128590971,0.005471956224350205,1.3436473033780794,2021-11-20T02:33:57
102Ah_25degC_0p5C_cell3,29,761,1.0,37.510512483574246,0.005256241787122208,1.3999924387290708,2021-11-26T05:28:17
102Ah_25degC_0p5C_cell3,30,792,1.0,37.45606060606061,0.005050505050505051,1.4532607972961045,2021-12-02T12:51:36
102Ah_25degC_1C_cell3,1,208,1.0,43.52548076923077,1.0,0.5016655054124659,2021-05-27T18:06:22
102Ah_25degC_1C_cell3,2,337,1.0,43.19821958456973,1.0,0.8011311260928666,2021-06-13T00:42:32
102Ah_25degC_1C_cell3,3,466,1.0,43.00515021459228,0.9978540772532188,1.098433102017964,2021-07-01T06:58:25
102Ah_25degC_1C_cell3,4,595,1.0,42.87084033613446,0.9966386554621849,1.3940536394056628,2021-07-19T02:17:39
102Ah_25degC_1C_cell3,5,724,1.0,42.77831491712707,0.9958563535911602,1.6892146225227098,2021-08-04T03:23:50
102Ah_25degC_1C_cell3,6,853,1.0,42.63434935521687,0.9964830011723329,1.9774503866343676,2021-08-21T02:48:04
102Ah_25degC_1C_cell3,7,983,1.0,42.546693794506616,0.9959308240081384,2.269855689266572,2021-09-06T14:25:21
102Ah_25degC_1C_cell3,8,1114,1.0,42.123788150807904,0.895870736086176,2.5268140030847563,2021-12-04T04:14:34
102Ah_25degC_1C_cell3,9,1243,1.0,41.72924376508447,0.8028962188254224,2.7724377335646846,2021-12-19T19:08:26
102Ah_25degC_1C_cell3,10,1372,1.0,41.17423469387755,0.7274052478134111,2.99117827864203,2022-01-04T09:23:41
102Ah_25degC_1C_cell3,11,1500,1.0,40.75203333333334,0.6653333333333333,3.212372193154194,2022-04-01T21:00:56
102Ah_25degC_1C_cell3,12,1628,1.0,40.48359950859951,0.6130221130221131,3.4453235321625373,2022-04-17T19:16:14
102Ah_25degC_1C_cell3,13,1757,1.0,40.26963574274331,0.5680136596471258,3.6827315823386417,2022-05-10T02:58:36
102Ah_25degC_1C_cell3,14,1887,1.0,40.148834128245895,0.5320614732379438,3.932726056539337,2022-05-25T17:20:38
102Ah_25degC_1C_cell3,15,2016,1.0,39.868477182539685,0.498015873015873,4.150784130511429,2022-06-14T12:44:35
102Ah_25degC_1C_cell3,16,2145,1.0,39.58689976689976,0.46806526806526805,4.362885228513243,2022-06-29T16:39:50
102Ah_25degC_1C_cell3,17,2273,1.0,39.334755829300484,0.4417069951605807,4.572580327815497,2022-07-17T17:09:36
102Ah_25degC_1C_cell3,18,2402,1.0,39.11511240632806,0.417985012489592,4.785275088233444,2022-08-02T03:19:21
102Ah_25degC_1C_cell3,19,2531,1.0,38.93978664559463,0.39668115369419205,5.002339552813089,2022-08-21T00:48:31
102Ah_25degC_1C_cell3,20,2659,1.0,38.76534411432869,0.3775855584806318,5.214209727198641,2022-09-05T05:43:11
102Ah_25degC_1C_cell3,21,2788,1.0,38.666122668579625,0.3601147776183644,5.441123629453013,2022-09-20T20:06:44
102Ah_25degC_1C_cell3,22,2917,1.0,38.53536167295166,0.34418923551594105,5.658564639037873,2022-10-15T11:43:09
102Ah_25degC_1C_cell3,23,3046,1.0,38.39243269862114,0.32961260669730796,5.870399042555712,2022-10-31T07:42:08
102Ah_25degC_1C_cell3,24,3175,1.0,38.25203149606299,0.31622047244094487,6.080025406915253,2022-11-15T17:23:48
102Ah_25degC_1C_cell3,25,3304,1.0,38.14261501210654,0.30387409200968524,6.294793720974987,2022-11-30T16:52:23
102Ah_25degC_1C_cell3,26,3433,1.0,38.05023303233324,0.29245557821147683,6.5119093339626275,2022-12-15T06:11:15
102Ah_25degC_1C_cell3,27,3562,1.0,37.941072431218416,0.2818641212801797,6.722509299316027,2022-12-30T16:15:29
102Ah_25degC_1C_cell3,28,3691,1.0,37.81323489569223,0.27201300460579786,6.925742885964011,2023-01-15T12:01:45
102Ah_25degC_1C_cell3,29,3802,1.0,37.69400315623356,0.26407154129405574,7.09612677534557,2023-03-16T07:00:13
102Ah_25degC_1C_cell3,30,3804,1.0,37.69266561514196,0.26393270241850686,7.099409283524222,2023-03-30T18:40:36
102Ah_35degC_1C_cell1,1,269,1.0,41.282156133829,1.0,0.5864683936779832,2021-06-03T13:37:17
102Ah_35degC_1C_cell1,2,435,1.0,41.35436781609196,1.0,0.9514594360082825,2021-06-26T12:00:53
102Ah_35degC_1C_cell1,3,601,1.0,41.331114808652245,1.0,1.3131080051969812,2021-07-17T21:04:18
102Ah_35degC_1C_cell1,4,767,1.0,41.32235984354629,1.0,1.6750882049593874,2021-08-07T14:23:53
102Ah_35degC_1C_cell1,5,933,1.0,41.295551982851016,1.0,2.035119747407149,2021-08-28T07:24:47
102Ah_35degC_1C_cell1,6,1099,1.0,41.312147406733395,1.0,2.39901223284703,2021-09-18T19:51:26
102Ah_35degC_1C_cell1,7,1266,1.0,41.271998420221166,0.9984202211690363,2.7585252955348,2021-10-16T11:21:41
102Ah_35degC_1C_cell1,8,1432,1.0,41.31965782122906,0.9986033519553073,3.1270386106988775,2021-11-05T21:00:13
102Ah_35degC_1C_cell1,9,1598,1.0,41.32834793491865,0.9981226533166458,3.4910050189956565,2021-11-30T19:48:13
102Ah_35degC_1C_cell1,10,1764,1.0,41.329138321995465,0.9982993197278912,3.85374228843584,2021-12-21T00:28:22
102Ah_35degC_1C_cell1,11,1931,1.0,41.86496633868462,0.9984464008285863,4.368864242153932,2022-01-10T04:32:44
102Ah_35degC_1C_cell1,12,2098,1.0,41.80991420400382,0.9976167778836987,4.73110527923954,2022-02-09T07:16:35
102Ah_35degC_1C_cell1,13,2264,1.0,41.7610203180212,0.997791519434629,5.0906691787845535,2022-03-01T04:29:39
102Ah_35degC_1C_cell1,14,2430,1.0,41.71788065843622,0.9979423868312757,5.450007790982437,2022-03-20T23:57:32
102Ah_35degC_1C_cell1,15,2596,1.0,41.741814329738055,0.9980739599383667,5.825477436128389,2022-04-09T23:22:47
102Ah_35degC_1C_cell1,16,2763,1.0,41.65886717336229,0.9667028592110025,6.17549981244395,2022-05-02T00:38:59
102Ah_35degC_1C_cell1,17,2931,1.0,41.6191231661549,0.9559877175025588,6.536635546617163,2022-05-26T02:58:47
102Ah_35degC_1C_cell1,18,3098,1.0,41.62648482892189,0.947062621045836,6.910197159858988,2022-06-20T06:23:15
102Ah_35degC_1C_cell1,19,3263,1.0,41.452099295127184,0.8991725406068035,7.222175007230357,2022-07-10T04:31:31
102Ah_35degC_1C_cell1,20,3430,1.0,41.29932944606414,0.8553935860058309,7.539979637307975,2022-07-29T15:21:19
102Ah_35degC_1C_cell1,21,3597,1.0,41.192271337225456,0.8156797331109258,7.867857706612571,2022-08-18T20:53:17
102Ah_35degC_1C_cell1,22,3763,1.0,41.11116130746745,0.7802285410576667,8.199525053801635,2022-09-07T02:50:32
102Ah_35degC_1C_cell1,23,3928,1.0,41.0696283095723,0.7736761710794298,8.540962402269644,2022-09-28T14:44:19
102Ah_35degC_1C_cell1,24,4020,1.0,41.07138059701493,0.7788557213930348,8.740289084456293,2022-10-18T14:37:18
102Ah_35degC_1C_cell1,25,4020,1.0,41.07138059701493,0.7788557213930348,8.740289084456293,2022-10-18T14:37:18
102Ah_35degC_1C_cell1,26,4020,1.0,41.07138059701493,0.7788557213930348,8.740289084456293,2022-10-18T14:37:18
102Ah_35degC_1C_cell1,27,4020,1.0,41.07138059701493,0.7788557213930348,8.740289084456293,2022-10-18T14:37:18
102Ah_35degC_1C_cell1,28,4093,1.0,41.0702907402883,0.782799902272172,8.897460958984514,2023-01-13T17:53:34
102Ah_35degC_1C_cell1,29,4223,1.0,41.054368932038834,0.7849869760833531,9.171643453366487,2023-02-06T07:52:50
102Ah_35degC_1C_cell1,30,4223,1.0,41.054368932038834,0.7849869760833531,9.171643453366487,2023-02-06T07:52:50
102Ah_45degC_0p5C_cell3,1,219,1.0,47.57579908675799,1.0,0.6319111263704408,2021-07-03T19:12:33
102Ah_45degC_0p5C_cell3,2,352,1.0,47.79261363636363,1.0,1.0252126329095292,2021-08-01T01:47:11
102Ah_45degC_0p5C_cell3,3,485,1.0,47.7940206185567,1.0,1.412536942534486,2021-08-28T09:39:50
102Ah_45degC_0p5C_cell3,4,618,1.0,47.714724919093854,1.0,1.7936519034146772,2021-09-26T22:18:34
102Ah_45degC_0p5C_cell3,5,752,1.0,47.63384308510638,1.0,2.174845434291515,2021-11-01T06:28:54
102Ah_45degC_0p5C_cell3,6,885,1.0,47.551468926553675,1.0,2.5503033945292417,2021-11-28T06:15:08
102Ah_45degC_0p5C_cell3,7,1018,1.0,47.470776031434184,1.0,2.9233745981658443,2022-01-21T11:13:27
102Ah_45degC_0p5C_cell3,8,1154,1.0,47.39701039861351,1.0,3.30345234581517,2022-03-08T22:13:00
102Ah_45degC_0p5C_cell3,9,1287,1.0,47.27498057498058,1.0,3.664859165500003,2022-04-06T19:01:02
102Ah_45degC_0p5C_cell3,10,1423,1.0,47.198102600140544,1.0,4.038583916556426,2022-05-11T09:51:01
102Ah_45degC_0p5C_cell3,11,1556,1.0,47.14974293059126,1.0,4.406675198365964,2022-06-14T21:35:00
102Ah_45degC_0p5C_cell3,12,1690,1.0,47.08914201183432,1.0,4.773516455578123,2022-07-11T20:02:49
102Ah_45degC_0p5C_cell3,13,1823,1.0,47.033571036752605,1.0,5.136693794242774,2022-08-06T10:23:28
102Ah_45degC_0p5C_cell3,14,1955,1.0,46.98567774936061,1.0,5.497117719178727,2022-09-01T06:09:48
102Ah_45degC_0p5C_cell3,15,2088,1.0,46.971839080459766,1.0,5.867430451935539,2022-09-26T14:31:05
102Ah_45degC_0p5C_cell3,16,2222,1.0,46.91716921692169,0.9995499549954996,6.229572059410253,2022-10-30T22:03:59
102Ah_45degC_0p5C_cell3,17,2356,1.0,46.843994057724956,0.9995755517826825,6.584450087467737,2022-11-28T03:39:31
102Ah_45degC_0p5C_cell3,18,2489,1.0,46.76432302129369,0.9995982322217758,6.932354082301077,2022-12-22T17:12:47
102Ah_45degC_0p5C_cell3,19,2621,1.0,46.6921213277375,0.9996184662342618,7.277299676604641,2023-01-16T03:15:13
102Ah_45degC_0p5C_cell3,20,2756,1.0,46.62810232220609,0.9996371552975326,7.630939797823507,2023-02-19T05:00:54
102Ah_45degC_0p5C_cell3,21,2888,1.0,46.586340027700835,0.9996537396121884,7.98179949832925,2023-03-29T03:20:22
102Ah_45degC_0p5C_cell3,22,3022,1.0,46.53716082064857,0.999669093315685,8.334256886532408,2023-04-21T13:42:07
102Ah_45degC_0p5C_cell3,23,3157,1.0,46.496705733291094,0.9996832435856826,8.691133119609072,2023-05-21T14:46:26
102Ah_45degC_0p5C_cell3,24,3291,1.0,46.47365542388332,0.9993922819811607,9.051238771223549,2023-07-10T19:30:26
102Ah_45degC_0p5C_cell3,25,3424,1.0,46.512018107476635,0.9994158878504673,9.433170668082031,2023-08-05T10:24:10
102Ah_45degC_0p5C_cell3,26,3557,1.0,46.542802923812204,0.9994377284228282,9.812744798872378,2023-08-27T01:45:55
102Ah_45degC_0p5C_cell3,27,3691,1.0,46.57022487130858,0.999458141425088,10.194550212422241,2023-09-17T08:32:28
102Ah_45degC_0p5C_cell3,28,3817,1.0,46.59143306261462,0.9994760282944721,10.552244283618089,2023-10-18T01:50:50
102Ah_45degC_0p5C_cell3,29,3817,1.0,46.59143306261462,0.9994760282944721,10.552244283618089,2023-10-18T01:50:50
102Ah_45degC_0p5C_cell3,30,3848,1.0,46.59593295218295,0.9994802494802495,10.640002788197597,2023-11-11T05:54:03
102Ah_45degC_1C_cell1,1,120,1.0,51.588333333333345,1.0,0.41184673237677566,2021-05-16T04:48:44
102Ah_45degC_1C_cell1,2,193,1.0,51.20414507772021,1.0,0.6518246858393023,2021-05-25T12:08:58
102Ah_45degC_1C_cell1,3,265,1.0,51.37698113207548,1.0,0.9035424616417799,2021-06-03T12:58:14
102Ah_45degC_1C_cell1,4,337,1.0,51.21661721068249,1.0,1.1404458157346062,2021-06-12T12:53:36
102Ah_45degC_1C_cell1,5,409,1.0,51.124449877750614,1.0,1.3780263089668852,2021-06-23T09:08:33
102Ah_45degC_1C_cell1,6,481,1.0,51.06070686070687,1.0,1.6156626858077197,2021-07-02T07:31:26
102Ah_45degC_1C_cell1,7,553,1.0,51.04349005424955,1.0,1.8559278068782268,2021-07-12T06:43:02
102Ah_45degC_1C_cell1,8,626,1.0,51.01477635782748,1.0,2.098113877044772,2021-07-21T12:39:02
102Ah_45degC_1C_cell1,9,698,1.0,50.97700573065903,1.0,2.3352426128278387,2021-07-30T15:02:44
102Ah_45degC_1C_cell1,10,770,1.0,50.948896103896104,1.0,2.5726536986098805,2021-08-08T10:57:23
102Ah_45degC_1C_cell1,11,842,1.0,50.91644893111639,1.0,2.8089826649021115,2021-08-17T18:01:10
102Ah_45degC_1C_cell1,12,914,1.0,50.86870897155361,1.0,3.042701363059935,2021-08-26T12:47:37
102Ah_45degC_1C_cell1,13,986,1.0,50.82322515212982,1.0,3.275773246339876,2021-09-04T09:57:02
102Ah_45degC_1C_cell1,14,1058,1.0,50.78941398865784,1.0,3.509866626991292,2021-09-14T05:32:47
102Ah_45degC_1C_cell1,15,1130,1.0,50.780486725663714,1.0,3.747303152309573,2021-09-23T10:18:19
102Ah_45degC_1C_cell1,16,1204,1.0,50.76000830564784,1.0,3.9889303700672367,2021-10-10T00:37:16
102Ah_45degC_1C_cell1,17,1277,1.0,50.74228660924041,1.0,4.227320158666657,2021-10-18T20:29:38
102Ah_45degC_1C_cell1,18,1349,1.0,50.835396590066715,1.0,4.4852599935393025,2021-10-27T23:28:09
102Ah_45degC_1C_cell1,19,1421,1.0,50.81822660098522,1.0,4.7211412752441655,2021-11-05T22:51:52
102Ah_45degC_1C_cell1,20,1493,1.0,50.78318821165439,1.0,4.9526776894468325,2021-11-17T04:15:21
102Ah_45degC_1C_cell1,21,1565,1.0,50.67677316293929,1.0,5.168621214328217,2021-12-01T13:15:13
102Ah_45degC_1C_cell1,22,1638,1.0,50.56642246642246,1.0,5.384962305743412,2021-12-10T09:15:52
102Ah_45degC_1C_cell1,23,1710,1.0,50.46894736842105,1.0,5.598811034380018,2021-12-19T00:46:17
102Ah_45degC_1C_cell1,24,1782,1.0,50.383557800224466,1.0,5.8136274253891935,2021-12-27T12:54:05
102Ah_45degC_1C_cell1,25,1854,1.0,50.306769147788565,1.0,6.0289189281133,2022-01-05T03:35:46
102Ah_45degC_1C_cell1,26,1926,1.0,50.23356697819315,1.0,6.243670439543838,2022-01-13T20:36:32
102Ah_45degC_1C_cell1,27,1998,1.0,50.163788788788786,1.0,6.457951872531633,2022-01-24T09:08:41
102Ah_45degC_1C_cell1,28,2069,1.0,50.102344127597874,1.0,6.669947742543692,2022-02-12T14:17:03
102Ah_45degC_1C_cell1,29,2141,1.0,50.04628678187763,1.0,6.885510889385041,2022-02-23T20:31:43
102Ah_45degC_1C_cell1,30,2213,1.0,49.9918662449164,1.0,7.100495734783726,2022-03-04T05:05:56
102Ah_55degC_1C_cell3,1,111,1.0,59.11036036036035,1.0,0.5205128278868041,2021-05-18T02:53:51
102Ah_55degC_1C_cell3,2,178,1.0,59.17247191011236,1.0,0.8366561166125333,2021-05-26T13:03:00
102Ah_55degC_1C_cell3,3,246,1.0,59.28333333333333,1.0,1.1614450902993712,2021-07-11T19:58:58
102Ah_55degC_1C_cell3,4,313,1.0,59.388977635782744,1.0,1.4840910470495727,2021-07-20T00:00:38
102Ah_55degC_1C_cell3,5,381,1.0,59.443307086614176,1.0,1.8104461786025876,2021-07-28T06:09:21
102Ah_55degC_1C_cell3,6,448,1.0,59.31015624999999,1.0,2.1197330987039673,2021-08-05T14:28:21
102Ah_55degC_1C_cell3,7,516,1.0,59.339244186046514,1.0,2.443944985849169,2021-08-15T12:11:08
102Ah_55degC_1C_cell3,8,583,1.0,59.347169811320754,1.0,2.7619521788884867,2021-08-23T13:09:59
102Ah_55degC_1C_cell3,9,650,1.0,59.37376923076923,1.0,3.0823949448810835,2021-08-31T13:24:10
102Ah_55degC_1C_cell3,10,718,1.0,59.41977715877437,1.0,3.410947386174821,2021-09-08T15:43:54
102Ah_55degC_1C_cell3,11,785,1.0,59.44662420382166,1.0,3.7330371095581105,2021-09-16T14:27:13
102Ah_55degC_1C_cell3,12,853,1.0,59.45597889800703,1.0,4.0576808482497055,2021-09-24T15:16:34
102Ah_55degC_1C_cell3,13,920,1.0,59.45146739130435,1.0,4.375486845219736,2021-10-10T17:39:36
102Ah_55degC_1C_cell3,14,988,1.0,59.457742914979754,1.0,4.6998549740853655,2021-10-18T16:51:00
102Ah_55degC_1C_cell3,15,1055,1.0,59.4804739336493,1.0,5.02300009408312,2021-10-26T12:29:16
102Ah_55degC_1C_cell3,16,1123,1.0,59.47658058771148,1.0,5.345737267847564,2021-11-03T10:10:24
102Ah_55degC_1C_cell3,17,1190,1.0,59.475462184873955,1.0,5.664216553742787,2021-11-11T04:17:15
102Ah_55degC_1C_cell3,18,1258,1.0,59.47277424483307,1.0,5.987042601273312,2021-11-19T00:19:03
102Ah_55degC_1C_cell3,19,1325,1.0,59.4702641509434,1.0,6.305088507965396,2021-11-30T15:40:51
102Ah_55degC_1C_cell3,20,1393,1.0,59.46708542713567,1.0,6.627645038463031,2021-12-08T09:21:53
102Ah_55degC_1C_cell3,21,1460,1.0,59.46616438356165,1.0,6.9459994966069,2021-12-15T22:44:32
102Ah_55degC_1C_cell3,22,1528,1.0,59.46416884816754,1.0,7.268771405679417,2021-12-23T13:06:30
102Ah_55degC_1C_cell3,23,1595,1.0,59.46805642633229,1.0,7.588553003918303,2021-12-30T23:00:23
102Ah_55degC_1C_cell3,24,1662,1.0,59.481077015643805,1.0,7.911379557006399,2022-01-07T07:01:22
102Ah_55degC_1C_cell3,25,1730,1.0,59.477803468208094,1.0,8.233995762092574,2022-01-14T20:54:10
102Ah_55degC_1C_cell3,26,1797,1.0,59.46928213689482,1.0,8.549974800138974,2022-01-23T03:36:22
102Ah_55degC_1C_cell3,27,1865,1.0,59.4671581769437,1.0,8.872610986881842,2022-02-11T09:46:16
102Ah_55degC_1C_cell3,28,1933,1.0,59.46513191929643,1.0,9.195230221019239,2022-02-18T09:22:56
102Ah_55degC_1C_cell3,29,2001,1.0,59.476836581709144,1.0,9.523116621995582,2022-02-25T09:12:23
102Ah_55degC_1C_cell3,30,2068,1.0,59.488370406189546,1.0,9.846485288836218,2022-03-06T22:14:04
