paper_id,local_file,source_url,retrieved_date,carrier,access_status,sha256,bytes,license_or_rights,notes
Bilfinger2024,research/phase2_literature_reassessment/papers/E_forward_pack/Bilfinger2024.pdf,https://mcube-cluster.de/wp-content/uploads/2025/04/1-s2.0-S2590116824000468-main.pdf,2026-09-29,pdf,fulltext_pdf,2ab101ed1bbfdaeddcd26e3d9c4b8baf8f2ec63cfa4f6a15eefbd212d6ed396b,2593313,CC BY-NC-ND 4.0 article,
Bilfinger2024,research/phase2_literature_reassessment/papers/E_forward_pack/Bilfinger2024_crossref.json,https://api.crossref.org/works/10.1016/j.etran.2024.100356,2026-09-29,json,metadata_or_pointer,d875872673c7af989d85ce5b356aaabadd0f9f60952e731c55469c3c57682d40,33836,CC BY 4.0 article; this file only metadata,
Bilfinger2024,research/phase2_literature_reassessment/papers/E_forward_pack/Bilfinger2024_github_README.md,https://raw.githubusercontent.com/TUMFTM/Battery-Pack-Diagnostics-for-Electric-Vehicles/main/README.md,2026-09-29,md,metadata_or_pointer,9081784c43efd7d7a536c328103de3bd0c2722af1f1ac8fc631ce78cbf62729f,4008,source-site terms; code license in repository,
Bilfinger2024,research/phase2_literature_reassessment/papers/E_forward_pack/Bilfinger2024_mediatum.html,https://mediatum.ub.tum.de/1737452,2026-09-29,html,metadata_or_pointer,9bb50a0fd5de2fd45708bbfe1569a840174b5a5462ac95dff4977b75be9ab073,26688,source-site terms; code license in repository,
Bilfinger2026,research/phase2_literature_reassessment/papers/E_forward_pack/Bilfinger2026_crossref.json,https://api.crossref.org/works/10.1016/j.etran.2026.100589,2026-09-29,json,metadata_or_pointer,616faa51c570a82694a8fe1d1bae5a6a8f0dbf0ad9d34cba0a0c2708b478d08a,33610,CC BY 4.0 article; this file only metadata,
Bilfinger2026,research/phase2_literature_reassessment/papers/E_forward_pack/Bilfinger2026_elsevier_metadata.xml,https://api.elsevier.com/content/article/pii/S2590116826000470?httpAccept=text/xml,2026-09-29,xml,metadata_or_pointer,3dd3ec0ee632b874b9523e0a89342198005c15a51e64d0fd8cb53865b52efeb3,2066,CC BY 4.0 article; this file only metadata,
Bilfinger2026,research/phase2_literature_reassessment/papers/E_forward_pack/Bilfinger2026_github.html,https://github.com/TUMFTM/EV_DVA_robustness,2026-09-29,html,metadata_or_pointer,1b49db494e1f77dbe987865434a9d6c522ea834cf2933a2fd75c522cdbcf7b1d,283953,source-site terms; code license in repository,
Bilfinger2026,research/phase2_literature_reassessment/papers/E_forward_pack/Bilfinger2026_github_README.md,https://raw.githubusercontent.com/TUMFTM/EV_DVA_robustness/main/README.md,2026-09-29,md,metadata_or_pointer,925842518216de695e113fe0754e4bcd1f7af3094ab6f73279052de672872188,4936,source-site terms; code license in repository,
Bilfinger2026,research/phase2_literature_reassessment/papers/E_forward_pack/Bilfinger2026_mediatum.html,https://mediatum.ub.tum.de/1840112,2026-09-29,html,metadata_or_pointer,f7718a793d49a03c73ae51ea655d86f072b1fbde235e9334c29e401b11411e55,26545,source-site terms; code license in repository,
Bilfinger2026,research/phase2_literature_reassessment/papers/E_forward_pack/Bilfinger2026_tum.html,https://portal.fis.tum.de/en/publications/battery-pack-diagnostics-for-electric-vehicles-robustness-of-the-/,2026-09-29,html,metadata_or_pointer,df7b774b24c6103a79e260b1b247e50ce02cfe71c0b1833cc8b61a69d59ef99b,52597,CC BY 4.0 article; this file only metadata,
Bilfinger2024,research/phase2_literature_reassessment/papers/E_forward_pack/Bilfinger2024_github_LICENSE.txt,https://raw.githubusercontent.com/TUMFTM/Battery-Pack-Diagnostics-for-Electric-Vehicles/main/LICENSE,2026-09-29,txt,code_license_pointer,3972dc9744f6499f0f9b2dbf76696f2ae7ad8af9b23dde66d6af86c9dfb36986,35149,GPL-3.0 code license,README says LGPL v3; LICENSE file says GNU GPL v3
