query_id,date_utc,entry,family,exact_query,observed_scope,selection_or_gap,source_log
OA_F01_partial,2026-09-29T20:18:43.726100+00:00,OpenAlex works API,F01_partial,LiFePO4 partial charge capacity state of health unknown initial SOC,first 12 sorted by API relevance,raw metadata records in runs/L1_openalex_20260929,/Users/shane/Desktop/Arena 阶段 2 官方材料/research/phase2_literature_reassessment/runs/L1_openalex_20260929/F01_partial.json
OA_F02_ICA,2026-09-29T20:18:43.726100+00:00,OpenAlex works API,F02_ICA,LFP incremental capacity degradation mode partial charge battery,first 12 sorted by API relevance,raw metadata records in runs/L1_openalex_20260929,/Users/shane/Desktop/Arena 阶段 2 官方材料/research/phase2_literature_reassessment/runs/L1_openalex_20260929/F02_ICA.json
OA_F03_pulse,2026-09-29T20:18:43.726100+00:00,OpenAlex works API,F03_pulse,LiFePO4 battery pulse relaxation impedance capacity health,first 12 sorted by API relevance,raw metadata records in runs/L1_openalex_20260929,/Users/shane/Desktop/Arena 阶段 2 官方材料/research/phase2_literature_reassessment/runs/L1_openalex_20260929/F03_pulse.json
OA_F04_temperature,2026-09-29T20:18:43.726100+00:00,OpenAlex works API,F04_temperature,LFP battery capacity estimation temperature hysteresis health,first 12 sorted by API relevance,raw metadata records in runs/L1_openalex_20260929,/Users/shane/Desktop/Arena 阶段 2 官方材料/research/phase2_literature_reassessment/runs/L1_openalex_20260929/F04_temperature.json
OA_F05_joint_state,2026-09-29T20:18:43.726100+00:00,OpenAlex works API,F05_joint_state,LiFePO4 joint SOC SOH estimation identifiability,first 12 sorted by API relevance,raw metadata records in runs/L1_openalex_20260929,/Users/shane/Desktop/Arena 阶段 2 官方材料/research/phase2_literature_reassessment/runs/L1_openalex_20260929/F05_joint_state.json
OA_F06_series_pack,2026-09-29T20:18:43.726100+00:00,OpenAlex works API,F06_series_pack,LFP series connected pack capacity imbalance estimation,first 12 sorted by API relevance,raw metadata records in runs/L1_openalex_20260929,/Users/shane/Desktop/Arena 阶段 2 官方材料/research/phase2_literature_reassessment/runs/L1_openalex_20260929/F06_series_pack.json
OA_F07_low_label,2026-09-29T20:18:43.726100+00:00,OpenAlex works API,F07_low_label,battery capacity health sparse labels Gaussian process hierarchical,first 12 sorted by API relevance,raw metadata records in runs/L1_openalex_20260929,/Users/shane/Desktop/Arena 阶段 2 官方材料/research/phase2_literature_reassessment/runs/L1_openalex_20260929/F07_low_label.json
OA_F08_knee,2026-09-29T20:18:43.726100+00:00,OpenAlex works API,F08_knee,LFP capacity degradation knee late life prediction,first 12 sorted by API relevance,raw metadata records in runs/L1_openalex_20260929,/Users/shane/Desktop/Arena 阶段 2 官方材料/research/phase2_literature_reassessment/runs/L1_openalex_20260929/F08_knee.json
OA_F09_transfer,2026-09-29T20:18:43.726100+00:00,OpenAlex works API,F09_transfer,lithium iron phosphate battery self supervised transfer health capacity,first 12 sorted by API relevance,raw metadata records in runs/L1_openalex_20260929,/Users/shane/Desktop/Arena 阶段 2 官方材料/research/phase2_literature_reassessment/runs/L1_openalex_20260929/F09_transfer.json
OA_F10_physics,2026-09-29T20:18:43.726100+00:00,OpenAlex works API,F10_physics,LFP physics informed model partial charge capacity degradation,first 12 sorted by API relevance,raw metadata records in runs/L1_openalex_20260929,/Users/shane/Desktop/Arena 阶段 2 官方材料/research/phase2_literature_reassessment/runs/L1_openalex_20260929/F10_physics.json
OA_F11_uncertainty,2026-09-29T20:18:43.726100+00:00,OpenAlex works API,F11_uncertainty,battery capacity health uncertainty calibration conformal prediction,first 12 sorted by API relevance,raw metadata records in runs/L1_openalex_20260929,/Users/shane/Desktop/Arena 阶段 2 官方材料/research/phase2_literature_reassessment/runs/L1_openalex_20260929/F11_uncertainty.json
OA_F12_dataset,2026-09-29T20:18:43.726100+00:00,OpenAlex works API,F12_dataset,LFP field battery dataset pack capacity label benchmark,first 12 sorted by API relevance,raw metadata records in runs/L1_openalex_20260929,/Users/shane/Desktop/Arena 阶段 2 官方材料/research/phase2_literature_reassessment/runs/L1_openalex_20260929/F12_dataset.json
A_AQ01,2026-09-29,web.search,,Krupp 2021 incremental capacity analysis state of health lithium-ion battery modules series connected cells,web surfaced results; count/page not exposed,fulltext_pdf ,notes/workstreams/A_partial_temperature/search_queries.csv
A_AQ02,2026-09-29,web.search,,Deng 2022 battery health evaluation using a short random segment constant current charging full text,web surfaced results; count/page not exposed,fulltext_html ,notes/workstreams/A_partial_temperature/search_queries.csv
A_AQ03,2026-09-29,web.search,,Berecibar 2016 state health estimation LiFePO4 battery packs differential voltage curves pdf full text,web surfaced results; count/page not exposed,abstract_introduction_only_paywall ,notes/workstreams/A_partial_temperature/search_queries.csv
A_AQ04,2026-09-29,web.search,,LiFePO4 hysteresis temperature aging state of health partial charging capacity estimation full text,web surfaced results; count/page not exposed,fulltext_europe_pmc_xml ,notes/workstreams/A_partial_temperature/search_queries.csv
A_AQ05,2026-09-29,web.search,,site:pmc.ncbi.nlm.nih.gov LiFePO4 battery capacity estimation partial charging temperature incremental capacity full text,web surfaced results; count/page not exposed,fulltext_europe_pmc_xml ,notes/workstreams/A_partial_temperature/search_queries.csv
A_AQ06,2026-09-29,web.search,,site:arxiv.org/html partial open circuit voltage capacity estimation battery one reference curve,web surfaced results; count/page not exposed,fulltext_html ,notes/workstreams/A_partial_temperature/search_queries.csv
A_AQ07,2026-09-29,web.search,,Figgener Bors Kuipers degradation mode estimation reconstructed open circuit voltage field data DOI published,web surfaced results; count/page not exposed,fulltext_pdf ,notes/workstreams/A_partial_temperature/search_queries.csv
A_AQ08,2026-09-29,web.search,,Attia knees lithium ion battery aging trajectories LFP 2022 DOI full text,web surfaced results; count/page not exposed,review_screened_out ,notes/workstreams/A_partial_temperature/search_queries.csv
A_AQ09,2026-09-29,web.search,,LiFePO4 temperature influence incremental capacity health estimation multi temperature full text mdpi,web surfaced results; count/page not exposed,candidate_not_assessed ,notes/workstreams/A_partial_temperature/search_queries.csv
A_AQ10,2026-09-29,web.search,,Berecibar Garmendia Gandiaga differential voltage 2016 pdf author accepted manuscript,web surfaced results; count/page not exposed,metadata_only ,notes/workstreams/A_partial_temperature/search_queries.csv
A_AQ11,2026-09-29,web.search,,"""Degradation mode estimation using reconstructed open circuit voltage curves"" DOI 2025",web surfaced results; count/page not exposed,preprint_version_verified ,notes/workstreams/A_partial_temperature/search_queries.csv
A_AQ12,2026-09-29,web.search,,"""Effects of cycling on lithium-ion battery hysteresis and overvoltage"" DOI",web surfaced results; count/page not exposed,doi_verified ,notes/workstreams/A_partial_temperature/search_queries.csv
A_AQ13,2026-09-29,web.search,,"""Bias-Compensated State of Charge and State of Health Joint Estimation"" DOI IEEE 2024",web surfaced results; count/page not exposed,doi_journal_version_metadata_verified ,notes/workstreams/A_partial_temperature/search_queries.csv
A_AQ14,2026-09-29,web.search,,"""Learning Li-ion battery health and degradation modes from data"" DOI 2025",web surfaced results; count/page not exposed,doi_journal_version_metadata_verified ,notes/workstreams/A_partial_temperature/search_queries.csv
A_AQ15,2026-09-29,web.search,,"""State of health estimation algorithm of LiFePO4 battery packs"" filetype:pdf",web surfaced results; count/page not exposed,no_legal_fulltext_found ,notes/workstreams/A_partial_temperature/search_queries.csv
A_AQ16,2026-09-29,web.search,,"""Berecibar"" ""2016"" ""differential voltage"" ""pdf""",web surfaced results; count/page not exposed,no_legal_fulltext_found ,notes/workstreams/A_partial_temperature/search_queries.csv
A_AQ17,2026-09-29,web.search,,"""Aging behavior of LiFePO4-based battery cells at stack level"" pdf",web surfaced results; count/page not exposed,fulltext_pdf ,notes/workstreams/A_partial_temperature/search_queries.csv
B_BQ01,2026-09-29,web_search,,BattGP field lithium iron phosphate battery fault detection Gaussian process Schaeffer 2024 full text data Zenodo,top results,Schaeffer2024 plus Zenodo and GitHub search engine discovery only,notes/workstreams/B_search_queries.csv
B_BQ02,2026-09-29,web_search,,LiFePO4 SOC SOH joint estimation voltage bias capacity high OCV slope Yi Du 2024 arxiv,top results,Yi2024 search engine discovery only,notes/workstreams/B_search_queries.csv
B_BQ03,2026-09-29,web_search,,series connected lithium ion battery module incremental capacity analysis Krupp 2021 full text,top results,Krupp2021 DLR PDF search engine discovery only,notes/workstreams/B_search_queries.csv
B_BQ04,2026-09-29,web_search,,lithium ion battery capacity estimation voltage relaxation Zhu 2022 Nature Communications full text,top results,Zhu2022 secondary candidate not priority for B because full charge non-LFP,notes/workstreams/B_search_queries.csv
B_BQ05,2026-09-29,web_search,,site:arxiv.org/html/2407.06639 ageing aware equivalent circuit Gaussian process battery capacity impedance Zhou Aitio Howey,top results,ZhouAitioHowey2025 exact HTML then author PDF,notes/workstreams/B_search_queries.csv
B_BQ06,2026-09-29,web_search,,site:arxiv.org/html/2401.08136 Bias-Compensated State of Charge State of Health Joint Estimation LFP full,top results,Yi2024 source opened exact HTML,notes/workstreams/B_search_queries.csv
B_BQ07,2026-09-29,web_search,,site:mdpi.com/2313-0105/7/1/2 incremental capacity series connected module Krupp 2021,top results,Krupp2021 DLR alternative MDPI web open internal error,notes/workstreams/B_search_queries.csv
B_BQ08,2026-09-29,web_search,,site:arxiv.org OR site:pmc.ncbi.nlm.nih.gov battery capacity estimation series connected cells imbalance total voltage cutoff experiment,top results,screened series and parallel candidates scope mixed,notes/workstreams/B_search_queries.csv
B_BQ09,2026-09-29,web_search,,battery capacity identifiability state of charge open circuit voltage flat curve Fisher information original paper lithium iron phosphate capacity estimation,top results,Shi2026 and Yi2024 search engine discovery only,notes/workstreams/B_search_queries.csv
B_BQ10,2026-09-29,web_search,,observability identifiability battery capacity state of charge voltage measurements SOC SOH estimation original paper,top results,identifiability candidate list non-LFP method contrasts,notes/workstreams/B_search_queries.csv
B_BQ11,2026-09-29,web_search,,LiFePO4 battery pulse resistance capacity state of health relationship temperature original experimental paper open access,top results,Zhang2011 and Gasper2025 search engine discovery only,notes/workstreams/B_search_queries.csv
B_BQ12,2026-09-29,web_search,,series connected lithium iron phosphate pack capacity imbalance group terminal voltage cutoff experimental original paper,top results,Krupp2021 and Cornejo2026 per-cell cutoff differs from official group cutoff,notes/workstreams/B_search_queries.csv
B_BQ13,2026-09-29,web_search,,"Searching for a Pulse ""Evaluating the Use"" rapid DC pulses full text pdf",top results,Gasper2025 OSTI full PDF original publication,notes/workstreams/B_search_queries.csv
B_BQ14,2026-09-29,web_search,,Searching for a Pulse battery health state of charge safety 2025 DOI,top results,Gasper2025 DOI corroboration original institution record,notes/workstreams/B_search_queries.csv
B_BQ15,2026-09-29,web_search,,Cycling degradation of an automotive LiFePO4 lithium-ion battery Zhang 2010 DOI,top results,Zhang2011 author PDF plus journal metadata author filename year differs publication year,notes/workstreams/B_search_queries.csv
B_BQ16,2026-09-29,web_search,,Estimating the Health and State of Charge of Each Cell in a Second-Life Battery System from Field Data arxiv 2026,top results,Cornejo2026 original preprint recent unreviewed,notes/workstreams/B_search_queries.csv
B_BQ17,2026-09-29,web_search,,Learning battery model parameter dynamics from data with recursive Gaussian process regression DOI journal,top results,Aitio2023/2025 and RWTH record preprint-to-journal version crosswalk,notes/workstreams/B_search_queries.csv
B_BQ18,2026-09-29,web_search,,Learning Li-ion battery health and degradation modes from data with aging-aware circuit models DOI journal,top results,ZhouAitioHowey2025 and journal DOI preprint-to-journal version crosswalk,notes/workstreams/B_search_queries.csv
B_BQ19,2026-09-29,web_search,,Searching for a Pulse: Evaluating the Use DOI 2025 Gasper,top results,Gasper2025 institution metadata original institution record,notes/workstreams/B_search_queries.csv
B_BQ20,2026-09-29,web_search,,An Adaptive Estimation Approach based on Fisher Information journal 2026 DOI,top results,Shi2026 Chalmers author version capacity assumed known,notes/workstreams/B_search_queries.csv
B_BQ21,2026-09-29,data_repository_API,,https://zenodo.org/api/records/13715694,record v1.0.0,BattGP README downloaded and license checked 1.7GB ZIP not downloaded,notes/workstreams/B_search_queries.csv
B_BQ22,2026-09-29,code_repository_API,,https://api.github.com/repos/JoachimSchaeffer/BattGP/commits/main,main commit plus recursive file tree,code cloned at 6d5e1db3337f0de5f3a533acbc09eddccc178e9d static review only,notes/workstreams/B_search_queries.csv
B_BQ23,2026-09-29,data_repository_API,,https://zenodo.org/api/records/22281620,record metadata,Cornejo2026 software/data archive present 19.5MB ZIP not unpacked,notes/workstreams/B_search_queries.csv
B_BQ24,2026-09-29,backward_citation,,Krupp2021 References 8 10 15 and Gasper2025 References 9 10 12 15,reference lists,Weng2016 Berecibar2016 Gasper2022 etc shortlisted not full forward citation census,notes/workstreams/B_search_queries.csv
B_BQ25,2026-09-29,forward_title_search,,Incremental Capacity Analysis as a State of Health Estimation Method for Lithium-Ion Battery Modules with Series-Connected Cells cited by 2024 2025 capacity imbalance,top results,2026 series-pack candidate abstract found no accessible direct citing full text verified,notes/workstreams/B_search_queries.csv
B_BQ26,2026-09-29,forward_title_search,,Gaussian process-based online health monitoring and fault analysis cited by 2025 2026 capacity estimation,top results,version mismatch surfaced arXiv v3 29/232/131M vs journal 28/224/133M not a full citation-index audit,notes/workstreams/B_search_queries.csv
B_BQ27,2026-09-29,forward_title_search,,Searching for a Pulse cited by 2026 battery capacity pulse validation,top results,no decision-changing original citing experiment secured search engine limited,notes/workstreams/B_search_queries.csv
B_BQ28,2026-09-29,forward_title_search,,Learning Li-ion battery health and degradation modes cited by 2026 OCV resistance identifiability,top results,journal original reconfirmed and other pulsing route surfaced no decision-changing citing full text secured,notes/workstreams/B_search_queries.csv
C_Cq01,2026-09-29,web.search academic+publisher,GP,LFP battery state of health capacity sparse labels gaussian process field data BattGP full text,first returned results; count not exported,BattGP; Richardson 2017; BattGP official source checked ,notes/workstreams/C_search_queries.csv
C_Cq02,2026-09-29,web.search academic+publisher,SSL,lithium ion battery capacity estimation transfer learning self supervised few shot LFP full text arxiv,first returned results; count not exported,followed self-supervised and transfer items ,notes/workstreams/C_search_queries.csv
C_Cq03,2026-09-29,web.search academic+publisher,physics,battery state of health physics informed neural network sparse data LFP capacity full text,first returned results; count not exported,Wen; later PINN candidates ,notes/workstreams/C_search_queries.csv
C_Cq04,2026-09-29,web.search academic+publisher,uncertainty,battery capacity uncertainty quantification conformal prediction state of health open dataset full text,first returned results; count not exported,Silva preprint; AAAI page only ,notes/workstreams/C_search_queries.csv
C_Cq05,2026-09-29,web.search repository,data,site:zenodo.org/records/13715694 BattGP dataset files license columns capacity,first returned results; count not exported,opened Zenodo and README ,notes/workstreams/C_search_queries.csv
C_Cq06,2026-09-29,web.search academic+repository,data,Che Dataset 3 lithium ion battery original data charge capacity 11 LiFePO4 cells data description,first returned results; count not exported,followed Mendeley v9 and local MAT ,notes/workstreams/C_search_queries.csv
C_Cq07,2026-09-29,web.search repository,data,He ESSL1 Zenodo 102Ah LFP battery pack 16S dataset raw data,first returned results; count not exported,Zenodo 20132842 and ESSL1 zip inspected ,notes/workstreams/C_search_queries.csv
C_Cq08,2026-09-29,web.search academic+repository,data,Xu 1P10S lithium iron phosphate module dataset 53Ah capacity calibration DOI,first returned results; count not exported,found Xu Mendeley 4nww8p6vxf.1 ,notes/workstreams/C_search_queries.csv
C_Cq09,2026-09-29,web.search preprint,SSL,site:arxiv.org battery state health self supervised pretraining capacity estimation LFP,first returned results; count not exported,Arunan/Yao candidates ,notes/workstreams/C_search_queries.csv
C_Cq10,2026-09-29,web.search preprint,SSL,site:arxiv.org battery capacity estimation transfer learning few shot lithium iron phosphate dataset,first returned results; count not exported,followed transfer items ,notes/workstreams/C_search_queries.csv
C_Cq11,2026-09-29,web.search preprint,uncertainty,site:arxiv.org lithium ion battery health conformal prediction capacity interval coverage,first returned results; count not exported,Silva full PDF ,notes/workstreams/C_search_queries.csv
C_Cq12,2026-09-29,web.search preprint,physics,site:arxiv.org physics informed battery state health estimation capacity degradation LFP dataset,first returned results; count not exported,Wen full PDF ,notes/workstreams/C_search_queries.csv
C_Cq13,2026-09-29,web.search academic+publisher,SSL,self-supervised pretraining battery health estimation masked charging data capacity LFP paper,first returned results; count not exported,Arunan and J Energy Chem links ,notes/workstreams/C_search_queries.csv
C_Cq14,2026-09-29,web.search academic+publisher,SSL,contrastive representation learning battery capacity estimation state of health cross domain LFP paper,first returned results; count not exported,IFAC full PDF blocked 403; no detail claims ,notes/workstreams/C_search_queries.csv
C_Cq15,2026-09-29,web.search academic+publisher,GP,battery health prognostics transfer learning Gaussian process multi task cells hierarchical model capacity few data paper,first returned results; count not exported,Richardson 2019 full PDF ,notes/workstreams/C_search_queries.csv
C_Cq16,2026-09-29,web.search academic+repository,GP,Battery health prediction under generalized conditions using a Gaussian process transition model pdf Richardson Howey,first returned results; count not exported,arXiv 1807.06350 downloaded ,notes/workstreams/C_search_queries.csv
C_Cq17,2026-09-29,web.search preprint,benchmark,site:arxiv.org Data-driven prediction of battery cycle life before capacity degradation Severson,first returned results; count not exported,not included in C cards; shared dataset caution ,notes/workstreams/C_search_queries.csv
C_Cq18,2026-09-29,web.search repository,data,Che-Dataset3.mat Capacity 11 cells original paper,first returned results; count not exported,exact filename search did not identify record; used DOI from original source ,notes/workstreams/C_search_queries.csv
C_Cq19,2026-09-29,web.search publisher,data,Yagci 180Ah LFP battery dataset reference performance tests DOI,first returned results; count not exported,Zenodo version 1.1 README downloaded ,notes/workstreams/C_search_queries.csv
C_Cq20,2026-09-29,web.search repository,data,1P10S capacity calibration Zenodo expansion force,first returned results; count not exported,Xu Mendeley primary record found in follow-up ,notes/workstreams/C_search_queries.csv
C_Cq21,2026-09-29,web.search publisher,data,Study of Expansion Force Distribution during Lithium-ion Battery Operation and Ageing dataset,first returned results; count not exported,Xu publisher paper + Mendeley data ,notes/workstreams/C_search_queries.csv
C_Cq22,2026-09-29,web.search publisher,data,Increasing generalization capability of battery health estimation using continual learning Dataset 3 capacity,first returned results; count not exported,Che full author PDF and v9 record ,notes/workstreams/C_search_queries.csv
C_Cq23,2026-09-29,web.search publisher,data,n3b54nsw8m Dataset3 Capacity,first returned results; count not exported,Mendeley version comparison clarifies normalization ,notes/workstreams/C_search_queries.csv
C_Cq24,2026-09-29,web.search publisher,benchmark,site:nature.com/articles/s41467-025-66819-0 BatteryGPT MIT LFP 46 full lifecycle labels,first returned results; count not exported,screened as lifecycle-supervised contrast; no C deep card to avoid team duplication ,notes/workstreams/C_search_queries.csv
D_access_Zhu2022,2026-09-29,old-reference source re-verification,cross-cutting,10.1038/s41467-022-29837-w,publisher/arXiv original plus source manifest,fulltext_read; include_indirect,notes/workstreams/D_old_refs/screening.csv
D_access_Zhou2026_dynamic_ICA,2026-09-29,old-reference source re-verification,cross-cutting,10.1109/TIE.2026.3665970,publisher/arXiv original plus source manifest,fulltext_read; include_indirect,notes/workstreams/D_old_refs/screening.csv
D_access_Cheng2024,2026-09-29,old-reference source re-verification,cross-cutting,10.48550/arXiv.2412.10044,publisher/arXiv original plus source manifest,fulltext_read; include_mechanism_only,notes/workstreams/D_old_refs/screening.csv
D_access_BatteryGPT2025,2026-09-29,old-reference source re-verification,cross-cutting,10.1038/s41467-025-66819-0,publisher/arXiv original plus source manifest,fulltext_read; include_indirect,notes/workstreams/D_old_refs/screening.csv
E_access_Bilfinger2024,2026-09-29,OpenAlex forward citation plus publisher/author access,F02 F06,10.1016/j.etran.2024.100356,publisher/TUM source access attempts,fulltext_pdf_read; include_direct_mechanism_indirect_capacity,notes/workstreams/E_forward_pack/screening.csv
E_access_Bilfinger2026,2026-09-29,OpenAlex forward citation plus publisher/author access,F02 F06,10.1016/j.etran.2026.100589,publisher/TUM source access attempts,metadata_abstract_only; screen_followup_limited,notes/workstreams/E_forward_pack/screening.csv
F01,2026-09-29,web_search,F03 F09,Rapid health estimation of in-service battery packs limited labels domain adaptation Xu,Deng2024_and_author_repo,Title attribution corrected to Deng first author,notes/workstreams/F_forward_limited/search_queries.csv
F02,2026-09-29,web_search,F03 F09,Rapid health estimation of in-service battery packs pdf Deng Xu Liu,first_author_ResearchGate_fulltext,Full web text readable; PDF 404,notes/workstreams/F_forward_limited/search_queries.csv
F03,2026-09-29,web_search,F03 F09,An adaptive capacity estimation approach 10-min relaxation voltage Jiang pdf,publisher_abstract_only,ResearchGate request-full-text only,notes/workstreams/F_forward_limited/search_queries.csv
F04,2026-09-29,OpenAlex_API,F03 F09,10.1016/j.energy.2022.125802,closed_no_repository_fulltext,Do not deeply rate without Methods,notes/workstreams/F_forward_limited/search_queries.csv
F05,2026-09-29,GitHub_API,F03 F09,BatICM/Charging-test-data-of-in-service-electric-vehicles,one_MAT_one_README,Downloaded and audited both,notes/workstreams/F_forward_limited/search_queries.csv
