scenario,common_Q_Ah,truth_capacity_Ah,truth_min_cell_V,below_2p5V
0,93.5024835849517,93.20160264245438,2.643496046572997,False
1,93.17397847054538,92.25531336975546,2.5568382180867846,False
2,98.1426796549688,96.9456965184607,2.6824613999027727,False
3,97.4558505614145,95.92671766727506,2.569231983099053,False
4,91.54154113626771,90.91838753370875,2.5666091266674957,False
5,92.66787839274161,92.01038514190289,2.6343512177825903,False
6,92.93395523247656,91.02054798193599,2.7547540183122945,False
7,94.91052684431504,93.11447357115159,2.5962756117953045,False
8,94.11823034667832,94.3997237417417,2.6633261956812952,False
9,96.34647876694382,95.9894981418976,2.6268154767142784,False
10,94.15138987056861,94.00503776721993,2.573573773764381,False
11,99.66405195588034,97.99081996158849,2.6437660200138424,False
12,96.88635992958106,95.80915122538022,2.692147669661433,False
13,97.76702977737119,96.4918626365898,2.6740575400267366,False
14,95.97440025860917,95.33524402655084,2.7064364429170107,False
15,92.82539226964423,91.35235630802615,2.436151221159779,True
16,99.49193060586765,99.36305447419313,2.6095427376299467,False
17,99.4785790445233,97.82672378980206,2.6245601195522776,False
18,97.39241101617058,96.78848578315457,2.445232817893329,True
19,90.67581879344209,89.38227237254281,2.6530499375985297,False
20,90.0705805608711,87.46857064800957,2.540404610466206,False
21,90.62021235372697,88.79166313128302,2.608194175584495,False
22,98.93094219739196,98.90266992743636,2.5829311613884443,False
23,97.19547895709655,96.27336872922356,2.573401396957255,False
24,95.41171308441737,93.8456026434116,2.5413384321325903,False
25,90.134074374535,89.95573214219324,2.6956087411658283,False
26,94.53627022527631,92.76244506673973,2.7651923007612926,False
27,94.16293207369931,93.01230854287711,2.5690902053248745,False
28,96.09374416310993,95.8053385511461,2.6661827528438806,False
29,99.99662709732802,99.26365205416067,2.5659623032233836,False
30,97.09416835620712,95.94166732533971,2.657586453065128,False
31,97.92487448237752,95.48965905099604,2.6230823847688023,False
32,96.53670861812638,96.65586981939965,2.7513165194099667,False
33,98.53652408591556,98.14524679773884,2.6029429494458127,False
34,94.39034159684108,93.37907977307226,2.5616810535399335,False
35,94.96115019922259,94.72546802414759,2.6847943003477526,False
36,94.04737896666751,93.1502163221622,2.5558437397230893,False
37,94.09255776365698,93.35221429330588,2.51703316273122,False
38,96.5950111458541,96.71214421118462,2.546645336923775,False
39,97.16801860117285,97.08638008158465,2.6789043404478874,False
40,90.4303526997579,91.31358611784923,2.426996646113094,True
41,96.47977808047055,95.71555640159586,2.681930490581318,False
42,93.63004647852304,93.91432871082908,2.4598279493854336,True
43,90.92741378836091,88.75077397750844,2.5449943422903383,False
44,90.21444948076638,89.62613425080245,2.587521273728536,False
45,97.79058259483679,97.30176462932491,2.62166233781821,False
46,91.45605630421767,89.47905407054395,2.4950864321816355,True
47,99.69821372409365,99.55591033759744,2.6040791906219223,False
48,96.04538652695965,95.44279032922677,2.6096768369922314,False
49,98.70547090712596,97.89756908661826,2.650962311026393,False
50,92.80870439079219,92.8220985885533,2.463838418833871,True
51,95.81864223319249,94.20648533346741,2.7225939062192794,False
52,90.50504474005524,89.18849003064082,2.5561827486943605,False
53,91.77276509428471,92.17125505514625,2.469981276715368,True
54,98.76027672762694,98.27611017326677,2.734057190718122,False
55,97.09723471980729,94.75206225278723,2.5730900062163875,False
56,97.43920995905016,96.73966633842254,2.4925313889513125,True
57,96.99723729829508,96.60862610100614,2.7303795896352296,False
58,91.34339708406726,90.52432955458141,2.6586060842085066,False
59,90.49485852053154,89.36490354630533,2.7176663546520174,False
60,91.27433985044499,91.25588835944139,2.4947258307388926,True
61,95.75222118032883,95.24647414721355,2.535619277375727,False
62,96.88126297428381,95.96921861452468,2.689520194810305,False
63,94.4007459223098,95.2904682525377,2.7065350137997997,False
64,93.9034694879801,92.08040978058345,2.739600584140699,False
65,96.76229232052441,96.68015984919307,2.6818186406682805,False
66,99.94506770120437,98.6261559412647,2.6266481137647193,False
67,91.17968288155356,89.3358465136622,2.5683774503908,False
68,97.7449489898963,98.78752825887003,2.6816176362071946,False
69,98.35201019987198,96.26371023888423,2.6188974720542584,False
70,97.32511361496536,95.39028715185329,2.621342535185332,False
71,95.25383578407592,94.72026252768201,2.665895016827836,False
72,98.1525033603289,98.0815739126519,2.7713238521984302,False
73,92.57838708818771,91.23299979017416,2.673702803785303,False
74,90.89671370824904,89.43677481004548,2.51770521110848,False
75,99.79007019993878,99.71113660867374,2.5490328680419387,False
76,94.58090775675369,93.38395059589033,2.6389262671620983,False
77,93.10195979235084,94.18337297377906,2.588240680919925,False
78,95.26200971883004,93.96076876364276,2.6556547430169837,False
79,99.32535460817196,99.4545679432203,2.244005702823146,True
80,90.05519847937074,91.54239295563589,2.6403631271885275,False
81,98.09128723245635,97.76345624709862,2.6645474902880957,False
82,92.42378032562078,92.4321252116244,2.6197073935460864,False
83,90.4763188446562,88.3632814972642,2.625959760075498,False
84,95.6266619376807,95.72775872644326,2.635873157900459,False
85,97.58144922052763,94.41131116971712,2.605663303178334,False
86,97.4783493200597,96.65955963095053,2.6275717030285217,False
87,95.16538985667457,94.87406339272677,2.6391019722788522,False
88,94.16170601624702,92.41867969125954,2.681915529674992,False
89,94.72664125915874,93.3477582190211,2.614638247276396,False
90,99.41313871056458,97.82532076810044,2.550573020242137,False
91,97.10695685264886,97.30867287717804,2.72706332907473,False
92,94.18838447055816,93.01839430778213,2.6158190948266613,False
93,90.56100397857331,88.6018960597431,2.6561960198354515,False
94,96.77807670902098,97.15435620557822,2.674894382334044,False
95,99.9255366813006,99.42392674837014,2.5664180162921575,False
96,95.9689488036332,94.97086731029607,2.4746634757848742,True
97,90.52185408154533,91.01273222448799,2.6099545118716407,False
98,94.03230700592447,93.5749134395682,2.5671104628927197,False
99,97.5795776823196,95.88764951541722,2.705061248193569,False
100,92.1878528979622,90.25640603072932,2.6405530324393056,False
101,94.93004388008762,93.89111271975922,2.6155756655038735,False
102,97.38033720991218,95.54832942303807,2.7235872768595684,False
103,95.75612849519452,93.10646493857078,2.7060288699530495,False
104,90.77504511733837,89.01428443903559,2.4301505975082702,True
105,98.67411302060133,98.46083470736757,2.6392643144652745,False
106,96.88172670734828,95.50112769877889,2.6008626106580506,False
107,96.88415175808686,97.12340475332645,2.722938279728599,False
108,93.52193863963075,92.72652670452851,2.4610127589237143,True
109,90.6163974930198,88.89403372641605,2.649897378768011,False
110,96.63579025156992,96.19444862353906,2.7181041753452537,False
111,97.98529382825447,96.98136029414478,2.5301148779243143,False
112,98.59261342784094,96.93049433858168,2.429922988743934,True
113,90.78112184846108,91.17626624254251,2.621143359562161,False
114,98.00131685742205,97.92997651805736,2.5716607216996987,False
115,90.64050703673753,90.52647518248517,2.5359279287672334,False
116,93.14293757131398,92.4307515578583,2.669596587498137,False
117,98.20175009990359,96.76846465507279,2.406175068210033,True
118,94.71460268921687,95.96083733708113,2.5368777991517297,False
119,92.10663503656755,90.2782424359198,2.406795946178205,True
120,91.02875425693844,91.16016294385237,2.625602816080094,False
121,90.16119989481768,88.50306005423508,2.609197871151804,False
122,90.34270496783729,88.88665435526201,2.713754827902206,False
123,94.78575286276327,94.46259934855978,2.384246555950258,True
124,91.35624203599045,89.42381176444513,2.5758386844451007,False
125,99.51643769374424,99.92157705208865,2.5962819438126505,False
126,94.78796967265617,93.05847373592835,2.541011870502987,False
127,90.96415647365946,90.99607562720426,2.6050812487262314,False
128,91.23550333339713,89.39070524508159,2.6858448225233387,False
129,93.10770000522567,90.92032025032444,2.612033243827766,False
130,98.40199370047864,96.1662681164749,2.46839208706465,True
131,99.92745445288901,98.80691090418084,2.5318784352664037,False
132,90.19643668466011,88.57202387271218,2.4384153332303597,True
133,99.128421351277,98.30458891717046,2.5997692107283057,False
134,99.48788295885926,97.3468874862705,2.49514820275781,True
135,98.44384400352094,97.08613539427026,2.6012415344059985,False
136,98.97948828671679,96.60066243234992,2.7467141967764435,False
137,94.42090021941486,93.31264890924716,2.5835518443288255,False
138,93.56674334567032,93.09947942245006,2.6842428964625227,False
139,92.41533195035342,91.58110838588838,2.7100217318022177,False
140,96.64374358688856,96.34845201063249,2.6413735823595648,False
141,90.44836828600076,90.76568305131208,2.6595048738621268,False
142,96.92519404858064,94.06625339443092,2.5605227015012293,False
143,91.84663680641252,90.57488018058223,2.61443284002232,False
144,96.43018056710353,96.29756132966602,2.6196491962038833,False
145,94.41863057893798,95.29674976565649,2.5552706914813963,False
146,95.55150729877619,95.4615836823933,2.5712866036707998,False
147,96.98740579319465,95.76828023253387,2.5660044639920407,False
148,90.18879588703109,88.61038643192224,2.383288227695642,True
149,92.32348640806529,91.6747160860932,2.5151576428293616,False
150,92.97192626058076,91.61280674081125,2.761662525099215,False
151,94.76968447406163,93.1548470608507,2.5460161235826186,False
152,97.55473980014358,97.4817405233023,2.546114808674197,False
153,93.75958828892297,93.06793358452566,2.4794441526831945,True
154,93.20500216706834,91.45510039624949,2.522585398636843,False
155,97.99696298256632,97.33203111062585,2.5777830969705358,False
156,94.47180689269824,92.29867876758887,2.6253646379567215,False
157,96.01667444188473,95.28209411068106,2.675507797651404,False
158,94.2874430390743,92.63794541987349,2.680686673722269,False
159,92.90204671449315,91.77655020206811,2.5811506610562964,False
160,90.0687177598148,89.68064275301863,2.621794353357004,False
161,90.49293511702405,90.32222817646769,2.4735396137266967,True
162,98.4056426349458,96.4091252771726,2.6981647882259803,False
163,96.62270058450125,95.56657105633494,2.705633462663349,False
164,93.47365116369852,92.84393759575347,2.510573844861251,False
165,98.42746440886546,99.50314871738547,2.6686254551120148,False
166,94.61214530305028,93.16193878899263,2.6284429441408315,False
167,97.17046901036792,95.3546738695013,2.578849957946603,False
168,96.21067149952947,96.10552110130538,2.5634679098401336,False
169,90.63300093201318,89.5540675017177,2.669578405451185,False
170,95.45773471330028,94.5858889396489,2.3439491905559606,True
171,91.38227858430609,91.24166440123474,2.637134700583519,False
172,92.96276839775562,93.56108164029645,2.684051327836333,False
173,99.64816767947431,97.8563669181413,2.462381561205239,True
174,99.57095422684014,95.64420814182945,2.736110994476595,False
175,91.22101366630646,89.82533510521452,2.667854181304055,False
176,92.09050522960366,91.06261370210784,2.6666879574293714,False
177,91.34069495705114,90.83011523414746,2.4914121425416833,True
178,96.07358464990794,94.699016716113,2.491746060913871,True
179,93.73107506146498,92.70632284926043,2.3275281088333712,True
180,97.77143547583657,98.27623892601802,2.6403201205504203,False
181,95.81475298830792,95.26033432988353,2.6283313072960564,False
182,99.49102143066227,98.4919959614844,2.679248235175647,False
183,92.14858695579225,92.76711087171834,2.516431528356052,False
184,94.76212600490418,94.52741577031573,2.6514610944644716,False
185,99.96056485707736,98.15521708442164,2.5679355515950872,False
186,97.29899033794275,96.19751175619093,2.590182156025109,False
187,92.35730544831706,90.94742682707275,2.5898200016265633,False
188,95.46983743304718,95.54301659311915,2.635503071417672,False
189,91.19802454309219,89.65826728842784,2.642864858425763,False
190,97.48453514618272,94.40339158676001,2.627542393025128,False
191,96.4101251113569,95.89421982124937,2.457584447007301,True
192,92.06437795136645,91.86367359113247,2.558486932375441,False
193,96.22477168706702,95.34334868517962,2.6592485739714062,False
194,98.57360694245239,99.40936241700878,2.5621364751845364,False
195,90.91634799975655,89.8575647892088,2.5474917984053165,False
196,97.58421716943026,95.71168105063832,2.6424713202388492,False
197,96.25057287177883,94.61648604795255,2.6615824662608434,False
198,99.2549368159574,98.5680791758337,2.599036089340301,False
199,90.40286550495466,90.53251098827832,2.721657168100196,False
200,95.47478933649712,94.27364335594079,2.481845673048152,True
201,98.77837054302698,97.52642212910935,2.69634391868287,False
202,91.41415380646689,91.26757037311863,2.5392163369468417,False
203,92.76488897701971,90.40733182379019,2.647748962020712,False
204,92.72988168900008,93.02640842079845,2.680584476770587,False
205,90.71369533025327,89.33768063185238,2.49619887810935,True
206,90.40351009704841,90.55158221813595,2.585572445366285,False
207,92.35463226656704,88.60703215933266,2.6299877086272394,False
208,98.61575805081625,97.58844576655085,2.5375571438687174,False
209,97.20634014821144,96.91569924100399,2.4581720822511817,True
210,98.31236671582592,98.4771571882938,2.6365056422976036,False
211,98.7877762530587,98.16895772147373,2.36606310996133,True
212,97.02451429858671,95.76094778332036,2.5524550090448455,False
213,97.92400710724753,96.24524485095212,2.5030947688450857,False
214,99.75504793447392,97.76370309570049,2.6883717390200284,False
215,94.81064951420223,94.682285913272,2.43222450748046,True
216,93.41697925750802,92.43933757756535,2.6714086193121425,False
217,92.47041076985793,90.87618929662037,2.727312618572717,False
218,92.40645485682872,91.57276007087503,2.4063340340112607,True
219,94.73905562507962,93.65087278740033,2.559318444073406,False
220,94.23195215633127,91.85892932609946,2.6630137280633197,False
221,95.3285017849584,95.11043353052287,2.41352645708897,True
222,96.76143962150485,95.83712902507722,2.4246975481058475,True
223,96.04670044602575,94.68949489644267,2.5728296972686526,False
224,98.97955298780911,97.54184350357116,2.6436189581667695,False
225,96.64649802706579,97.19486562627796,2.5765374476105642,False
226,97.60355871544368,95.89836059769594,2.554995597403139,False
227,92.01578971923979,90.88381872907716,2.682260245312595,False
228,92.2121716490661,90.28287812025886,2.6842550300703873,False
229,92.87771857135758,93.2604739668899,2.689325470282793,False
230,91.99054185726474,91.17276992501148,2.556609845780883,False
231,90.89658665160538,89.94186200988722,2.4925492174736967,True
232,97.92739554645247,97.10719029688664,2.5266278837109186,False
233,98.36835385257118,97.68884500396554,2.7067662405264517,False
234,92.45323383097573,91.92861386232374,2.712937282869653,False
235,90.84131764351558,89.81907738118178,2.5165620172843717,False
236,94.6191023412506,93.5202436105539,2.720565282444016,False
237,92.46945484964169,91.45031252273783,2.504875822738669,False
238,97.64975729997876,96.87085447678363,2.7009404672399824,False
239,99.13061492330954,97.90297742758398,2.679757369533078,False
240,99.66491989330606,96.74283545463503,2.677042436685503,False
241,92.68642190521898,92.83778698135667,2.6702160479354555,False
242,96.74347109694051,95.20167543997172,2.6306218302912168,False
243,99.75817035098808,98.1437713261367,2.45692916445793,True
244,98.32114019275511,97.53363829061644,2.420393561929899,True
245,98.75649787922362,99.29108186119748,2.690269721929394,False
246,95.61544709979947,94.45618622645355,2.574385588483186,False
247,96.4139056736407,95.47139705253309,2.66982181212393,False
248,95.82983855247511,95.92732799871688,2.556238111064915,False
249,91.27798192124081,89.90011028446061,2.534702088178246,False
250,99.24199608609503,99.73294601041397,2.497636546804861,True
251,95.97353068359813,93.77075569476374,2.628894354424117,False
252,95.00058404982792,92.69063816795591,2.6331049695214923,False
253,99.5070367718298,96.42636125385489,2.593331951406175,False
254,94.14165578812327,93.68219412808338,2.6205141964470235,False
255,99.69113869160188,98.95985161275127,2.572065202888207,False
256,91.85743892665944,92.49093109460323,2.454577786246139,True
257,99.93094946636468,99.54440754684582,2.6139878203324587,False
258,98.14363157977536,95.40402456560876,2.6558006443278823,False
259,93.82740769716679,92.96807187587582,2.622708895535723,False
260,98.05299669765321,96.73739192571193,2.588250884892157,False
261,99.02314597199802,99.77201314247401,2.683962190258829,False
262,99.8076235541493,98.23685971159395,2.5319737998460767,False
263,93.46001144423799,91.57752045252288,2.52222140121993,False
264,92.89090228790897,92.45560563907381,2.4064826841048963,True
265,94.73185804018689,95.54277802656408,2.5957452768820954,False
266,94.04996241601461,93.94406658378131,2.56734456623668,False
267,95.30283715777205,94.90827552016081,2.4299701644569196,True
268,95.91320478184707,94.78621933678173,2.576944167875678,False
269,90.76127492515039,90.71724591352222,2.7373659229588543,False
270,94.06406907367347,93.75917320845917,2.649653367227438,False
271,95.61823243022612,93.82755682744259,2.4885739690191144,True
272,97.65766126959598,96.54122130717413,2.676694708975675,False
273,94.96616640119011,92.14074649118976,2.660946307467716,False
274,98.46883135268264,96.58780739197834,2.491051204799967,True
275,91.3340810652195,90.29994672097385,2.379898255779177,True
276,90.36580072873701,90.25669666181334,2.4877629754520294,True
277,93.18343447555182,91.84731566575978,2.6880100213350073,False
278,96.81795319601041,97.23645580139429,2.56486408792567,False
279,92.88012743784584,91.13441501740444,2.4970971783868663,True
280,91.86438675833764,92.25739977755218,2.665102903442536,False
281,96.4240448045756,98.07670278854737,2.6208685520927513,False
282,91.8827705485945,90.44541529725586,2.397756311497707,True
283,97.24786649783226,95.1247046920652,2.738816561866283,False
284,96.09786530267824,95.80162179288305,2.4953164232815874,True
285,97.61548211513815,97.13545276135672,2.5009209092134888,False
286,99.82126611840314,98.10143603901813,2.649299680325863,False
287,91.95079645873547,91.49626536853259,2.5168860726017233,False
288,99.34609978368803,99.88339120404865,2.6535207926135786,False
289,90.78193130414866,89.26136211096245,2.4793275132935655,True
290,91.22032370357321,89.63710722787647,2.4878401341380267,True
291,99.8533066734384,98.9553259491485,2.6966259169900773,False
292,99.41947782322943,98.50501444758926,2.6197767548439947,False
293,94.49911977690299,93.01326776334516,2.7235762689797807,False
294,96.81512169192261,97.27991105609345,2.6688193094161,False
295,99.84103168816996,98.33439157142641,2.730755413669021,False
296,93.99842331572634,94.16676125302811,2.5935305803426596,False
297,95.34550922757543,94.36781673517356,2.7217245977847493,False
298,97.10939193348577,94.81614317039946,2.625822129871839,False
299,91.96283867377765,89.16497270246374,2.5594020155245625,False
300,90.78845972037244,88.8235149872566,2.498419415831001,True
301,95.73204344441278,95.70027751624569,2.547034370339055,False
302,97.89297284157844,96.2578045880392,2.5048155049304115,False
303,91.98949106721423,90.04006791987399,2.5237358569185404,False
304,94.83623887097976,92.86398344876443,2.4645079220327424,True
305,91.60070364811766,90.9658887478288,2.56895165356977,False
306,96.4866507881213,96.02717156338929,2.6321874390947055,False
307,94.97290471758313,94.28974696059184,2.4577652192928903,True
308,95.32064562122933,93.60149249777155,2.508507720126987,False
309,92.23737312838286,92.37662932019363,2.708743794675303,False
310,90.19275471325705,91.47373464722271,2.6954187561849117,False
311,96.82188776750607,96.13333395922888,2.65449996567504,False
312,96.01655966834579,96.70525841257997,2.660099690465784,False
313,92.33246395375751,91.55180945092525,2.542805828625806,False
314,90.64407344177262,89.54156571251009,2.624871797519699,False
315,99.00294512943145,98.11624295429921,2.6128799867868344,False
316,91.98404836062073,90.97129179471074,2.435346793734587,True
317,98.57692063307208,98.1102347772529,2.4205761757057767,True
318,97.63642318759341,95.15877552646926,2.7161405662965974,False
319,90.42467548048613,89.90276724859152,2.737403183172622,False
320,98.4831398009355,96.39912216879856,2.5957616227666365,False
321,92.46529878450379,93.10216433347867,2.403427888989426,True
322,91.96532560165845,91.50922352397562,2.5113341875601836,False
323,97.72822137487556,96.55720620887294,2.5804217827165314,False
324,92.46562258291209,91.37233142087662,2.6705417014296233,False
325,96.17979876141221,94.73197994838402,2.5968043202475344,False
326,94.57888214782841,93.28894471730847,2.5582894148468474,False
327,95.40852003793941,95.57986427653033,2.637329423068054,False
328,98.12912956278255,96.85494859659865,2.493066113474566,True
329,95.23232528302498,92.63982376029955,2.682848485578827,False
330,94.29979496093947,92.28820638726167,2.590045837841822,False
331,92.8953111896738,92.51141696106241,2.4845867420593106,True
332,90.61334142582294,89.49602195957189,2.6064818595426416,False
333,97.36267904809475,95.94428050393053,2.6136023094503793,False
334,92.96876542739203,91.52073611164549,2.6514610455810077,False
335,99.86706371514153,98.68110842793004,2.6447557766308805,False
336,96.13772655546312,95.09252233363804,2.6757665434364823,False
337,90.29858273767535,88.34703459243917,2.7062908039526175,False
338,94.39173726026502,92.80449241256169,2.749569063907313,False
339,99.14662882428412,98.87332510766001,2.7213459440114045,False
340,99.63804057015845,97.64615152961235,2.606981072513536,False
341,96.60122560054351,95.24256716285302,2.42577522498853,True
342,91.8975363568706,89.20852470953254,2.675707111813743,False
343,97.70268007516883,98.39400750949021,2.4882581210490486,True
344,99.45825457598318,98.283195451651,2.7011807262106515,False
345,93.88896688034986,93.27850116095293,2.608965452523484,False
346,94.25664373200364,94.43099193389769,2.576126219330291,False
347,90.9530491649931,91.69643664862417,2.575466466620013,False
348,95.41193968385815,94.51948295160541,2.7717696244982735,False
349,91.42653535862408,90.74948206569688,2.4870407276562636,True
350,95.41739653080076,94.32184546896585,2.6404073741495546,False
351,91.33511199435611,91.32632113707568,2.6696409697705596,False
352,92.53517908847944,89.51295627978361,2.5364838862045604,False
353,99.61252009146166,99.97114103990356,2.5980158232769655,False
354,97.80244970120165,97.12417974064516,2.5503787782603475,False
355,97.04741487421776,95.0317636055491,2.6375638624849556,False
356,92.26685433542212,91.40476200997664,2.645495774177993,False
357,94.89760695704929,93.21898533817362,2.4531955187692156,True
358,95.43594245905604,95.4471751337055,2.669165485941412,False
359,98.90877197107002,99.14640056706673,2.5555404194613343,False
360,90.36966732230883,89.4823186133858,2.635558495464405,False
361,95.07446971769396,93.5406260157798,2.651254192271494,False
362,99.61525870133745,97.19230416716644,2.578719489519458,False
363,99.78495131071631,100.12172327886178,2.5739789218121127,False
364,93.1436572001153,94.05284537680794,2.6569629637676915,False
365,95.7560449126803,95.37152449714458,2.7376297007598196,False
366,98.24356090656998,97.5783996702117,2.576877994585624,False
367,99.49666727526689,96.31344438042343,2.5676138776141655,False
368,95.2195166440737,95.19249491186315,2.5855809562448897,False
369,93.81262793482404,93.54222963754887,2.6164549471809604,False
370,90.39537146151521,87.77814469944046,2.534068562357447,False
371,91.1791081790455,91.25301031790626,2.61690513394476,False
372,96.07722157450903,94.94022472503839,2.6554470767445957,False
373,92.04679678211888,92.67343215332187,2.6089507771613776,False
374,94.68828743767384,92.49625552272613,2.6817835254838513,False
375,98.77430201911274,99.0200990851132,2.670985593328931,False
376,98.33328620404366,97.7816566442541,2.6966349483277563,False
377,90.77910232044258,90.23699783544383,2.622025045675448,False
378,94.10904829151649,92.31490361020484,2.5316458564996798,False
379,95.1203201699448,93.11736200770429,2.621575610480326,False
380,97.07054566520274,96.5784691106144,2.6479084965050403,False
381,90.91952035900995,90.10219014076308,2.5453402789163366,False
382,93.79809628888685,93.18752624832602,2.4414756309823034,True
383,99.67451204852402,99.1691239266499,2.674280772128323,False
384,90.46502075825654,90.79263207115679,2.5643964846088436,False
385,96.99089091893632,94.94952565773055,2.6359448336930797,False
386,98.72538239289756,97.73640134626216,2.7337807823489473,False
387,97.62986142001579,96.26875806682119,2.4459137184749213,True
388,96.20314103642995,96.09640944432077,2.5646978151933126,False
389,98.67632454063774,97.45573601017772,2.6224765357530915,False
390,92.42399706020922,89.48555383993774,2.576290413298586,False
391,97.04648345367836,96.46368730620165,2.5445132634906895,False
392,97.31800525283563,95.92644380217978,2.6999452037494547,False
393,90.27317088985562,89.86071859720124,2.6654562749673114,False
394,90.65110151147931,89.84629295061649,2.6325824445093384,False
395,99.02859840067033,98.48410628152821,2.754959542874263,False
396,96.8297451189929,95.7400310239874,2.434193352594388,True
397,95.13293853576359,93.57731995225063,2.6688286945705744,False
398,90.66401937119386,89.50780788487698,2.6426542746789576,False
399,97.87281241753705,96.91167090024473,2.6690227277219125,False
400,95.10935759964977,93.92990458604336,2.4994457328340824,True
401,91.78863052164577,90.09258545850854,2.5095496933928505,False
402,98.55710248766674,97.7166456503818,2.7263571377511746,False
403,98.3970360101242,97.07916307725672,2.5409852192394613,False
404,93.00338019109411,93.5548083103177,2.3247256239119536,True
405,92.56290718453548,91.24158909702977,2.6100168125690644,False
406,91.44692318503745,90.56769433933032,2.4252598607847142,True
407,93.5068197189965,91.97519000222728,2.608697935338899,False
408,94.29746545829525,91.92098565108094,2.5769824085382447,False
409,97.25332182096064,96.50786262117018,2.670047129543418,False
410,94.83184502510785,93.03318622864923,2.540012686425013,False
411,90.56551118841568,90.25160658346363,2.6284537044506124,False
412,94.39189690404262,94.86049818886485,2.690638885986053,False
413,96.0473869235869,95.15940492729446,2.3985043352034814,True
414,98.0663314452834,96.65487527810289,2.6863287156931146,False
415,96.85368468243091,95.24325993938531,2.7054212620300593,False
416,90.48076732645464,90.1679361545495,2.528666312426062,False
417,92.21248002527177,90.63805298630669,2.6523176512001396,False
418,95.64363776955956,93.84512923135426,2.608282050906383,False
419,97.53773863156579,96.02100181945829,2.6971348037664837,False
420,91.23808100170278,88.54300909418191,2.5932875571667826,False
421,96.39702537784699,96.00979203334128,2.6569366341886087,False
422,94.88020510858824,93.02709000358104,2.6095524433723476,False
423,94.40569088699525,91.82855300904312,2.5398523037159975,False
424,98.9727297415696,97.13204371636438,2.6065510553570403,False
425,98.81194315539362,96.91011898899981,2.588166160134718,False
426,93.74512056193234,93.0106830374306,2.569382051306733,False
427,94.873150376111,91.89315890288348,2.5273256975559004,False
428,97.6630416666534,96.64589465524907,2.548905704884695,False
429,90.50005801465144,88.58883607051163,2.47864389189129,True
430,99.42715506592128,100.46649937579586,2.6462758553715076,False
431,94.47313804927447,93.57960104682596,2.6424618397336626,False
432,98.0390158754014,96.51155444226515,2.6905682322293263,False
433,92.40960318378598,91.02664616502193,2.5629607126533287,False
434,94.44165297467856,92.62165582092405,2.529740120079252,False
435,97.52106514288253,96.67034062269724,2.6017178878100236,False
436,95.75298734749636,96.47843593095914,2.270053944759081,True
437,97.19936368623934,97.47020758296178,2.7219641207805325,False
438,91.74998218153664,91.02497959813778,2.681996410107073,False
439,98.64325583664008,97.39550938914493,2.648070568435692,False
440,92.40877335234545,90.6208112114545,2.4476356084019746,True
441,96.92500012315297,95.5973967117303,2.558162794633213,False
442,91.75950951369988,90.57236308461341,2.706753244143073,False
443,96.14719809937526,94.28735184556612,2.703380728430719,False
444,95.77828743457383,93.39287697817055,2.63051556978771,False
445,92.60098833326293,91.49189547628905,2.753859059253442,False
446,95.35053975997297,93.84222320569923,2.5148166182736995,False
447,94.96353470432953,93.69659910715114,2.519826083641629,False
448,99.32799756354139,99.35227895125551,2.687096303380118,False
449,99.91819207709398,98.93565538699976,2.605529698295717,False
450,91.25612578715683,89.86215012541032,2.745738983226541,False
451,90.40569783982451,89.12047779742385,2.625456572967447,False
452,99.6546088225584,98.35149001616732,2.5499847845498027,False
453,97.50774469582139,97.5697949434448,2.575267753636913,False
454,91.47617064916692,91.39102929176111,2.5047934758042065,False
455,92.1986129511586,92.85345072811363,2.6058359759607534,False
456,95.38389091913271,94.72557885263147,2.4514250913309,True
457,90.71197379602968,89.85813472539868,2.6195342680275755,False
458,92.87890677837937,91.43269605223993,2.3812029905225964,True
459,90.41685597211452,89.78742912879162,2.5551952296419236,False
460,99.5363001519244,97.7348266127066,2.687497743987818,False
461,91.87285436681744,93.5935412480964,2.6344785202067014,False
462,91.14830419536496,91.72990047171356,2.4290617668040473,True
463,98.55328408732467,96.63668733270129,2.4643732112982892,True
464,97.13512879398706,95.18703978705099,2.685212062351703,False
465,97.1051025015681,95.08223887442017,2.597113358893528,False
466,97.56722357927974,97.94864601171788,2.71137063253849,False
467,95.45242674633127,94.20696410473846,2.503012789703215,False
468,98.27128823557102,96.9621003459033,2.4864192283650697,True
469,91.03836147313456,91.02235805541613,2.7170284250015797,False
470,96.53192506739667,95.85021763749442,2.7021826462318965,False
471,95.06696694252061,92.23412007607209,2.653835772741795,False
472,93.83778723978541,92.13467722425884,2.6496164114514853,False
473,95.69532919713548,94.25161001161578,2.5058012121678135,False
474,94.2527379627167,93.54164865317713,2.5984658669400837,False
475,91.62027892547171,92.4534158832422,2.672537035213749,False
476,96.00609667707648,95.78278105886842,2.3635122041151218,True
477,91.33494333010285,91.86075326767447,2.686560036594052,False
478,98.76507651260269,98.59971960287349,2.4510785921953984,True
479,97.16967781126189,98.32415882117165,2.5268684379996484,False
480,90.45460484718933,89.90166949382001,2.595682705878571,False
481,90.54015758638313,89.02794292914277,2.5965849830986807,False
482,91.60347989441382,89.9118529031596,2.617321270739244,False
483,95.58201885980426,94.84294258052903,2.56412750976452,False
484,98.30323260023455,97.48301535123403,2.6585900693865807,False
485,91.65225919047566,91.5016004014031,2.531460309227081,False
486,93.01009615494493,92.06481584891398,2.661979535734603,False
487,91.18064566682175,89.40073579264086,2.474417845305299,True
488,97.6853182492849,96.99175471694686,2.614845669730198,False
489,94.89359256151047,93.8871212254677,2.662472932249909,False
490,90.29801868457427,89.55277421619938,2.4471324562883536,True
491,91.95283985822859,92.09074504713836,2.6521858705382266,False
492,94.7547497686886,94.16278759198643,2.6540101138106875,False
493,97.65353821090618,97.13888701613352,2.6201859145473447,False
494,93.75220117829068,92.68363095997404,2.4346158519637564,True
495,95.0869394328111,93.9506673584573,2.6022314696067856,False
496,99.5342226176228,99.15459278006487,2.7039740490253648,False
497,93.20439903394814,93.46139573393035,2.650263778830948,False
498,91.4751567707455,92.97476297604479,2.596310020441213,False
499,93.60001645842596,91.41980386721424,2.4474717550725296,True
500,96.39539110695193,93.2498078298166,2.6000348053357762,False
501,93.55759608043537,94.06338278492622,2.683049609316679,False
502,91.96710245625071,91.26690635288843,2.6545985747754495,False
503,97.72098589280863,97.74740623420664,2.522553083701399,False
504,93.05973104683868,93.20223885013206,2.696479041781163,False
505,91.7607678989494,90.18497315101688,2.6310411680187444,False
506,91.08520215454517,89.19618841955904,2.7073833645213448,False
507,92.15375102111467,90.01896106107837,2.6338137434720585,False
508,92.61005158961912,92.16713654464643,2.7443327499918797,False
509,92.41216724113777,92.45894136230504,2.598671684224093,False
510,93.2617337725905,91.77724992989403,2.50100313892785,False
511,93.0765067544818,90.66795709876673,2.6925272209554896,False
512,95.42577879766115,94.26840986880492,2.5399404300162574,False
513,99.33593215294421,100.13443280350083,2.6204140062842396,False
514,99.91365152713172,98.71306114955682,2.4140246688778375,True
515,90.93830356867026,90.11272094608036,2.6488718391157624,False
516,98.69874068599412,97.85148236642948,2.7009621628674783,False
517,96.12047992188826,95.60006780324466,2.764170017459883,False
518,93.30350767239464,92.52207788459344,2.5279540124978492,False
519,90.9533013498627,89.21875063726979,2.5501899062854028,False
520,96.73466070102842,95.2034453570526,2.6407053426642046,False
521,92.38877286468714,89.79739044800016,2.5483057595056624,False
522,97.84915636674246,96.51454268440219,2.6535645484857873,False
523,94.1199586860004,91.11640113974215,2.632391246294501,False
524,92.06544881370613,91.42211343328479,2.522923621866319,False
525,95.98265114188676,94.90507629083896,2.7386233205929256,False
526,93.54341972394356,93.59549252861689,2.6797392193336744,False
527,93.84994896704553,92.36258045124475,2.6493531815923697,False
528,97.36615927081816,94.44156796748418,2.6185739696101287,False
529,94.54304649271508,93.62355567488915,2.6215271355590244,False
530,96.87961591629387,96.72479856770003,2.7016885708913665,False
531,95.0896163755339,95.47169602517843,2.6395676938923422,False
532,91.35138841217297,89.77603585574634,2.723212763001266,False
533,91.93198358070488,90.82234243885077,2.7234332212642367,False
534,99.15187269714386,97.19460388143307,2.6493976464191378,False
535,93.77267039009737,92.14927701934178,2.5155064550331923,False
536,97.15252666910243,96.93566765328738,2.5599737103996105,False
537,95.67213665751585,94.90303866300042,2.59475713046514,False
538,92.11514641340557,92.71613646673667,2.6268384993749097,False
539,92.37618594647529,90.75434632918423,2.57528006109761,False
540,92.47449653662979,91.9191843236009,2.620962341345751,False
541,90.59346582552652,89.70891313284038,2.7569630956765954,False
542,95.87480421083033,94.09300806787162,2.478505069352894,True
543,91.44589720008358,90.9426430434712,2.6173774858567924,False
544,93.34684633306706,93.19237800869715,2.5012238870541608,False
545,97.83660979259443,95.74038303125319,2.580482496194367,False
546,94.95070770155294,92.22397268799492,2.507268107185077,False
547,98.49412572019058,97.310242739506,2.4624115555925887,True
548,99.85159053657149,99.44942805178782,2.5215559256264406,False
549,97.46756445852684,97.36798894282579,2.6293849367186364,False
550,92.0519167548209,89.67254532924099,2.582835584457311,False
551,90.79067882476198,89.27517960394243,2.4729820502024173,True
552,90.18912916016895,89.65348080305365,2.492600882571597,True
553,98.83873922138682,98.47801410074781,2.6608761687201863,False
554,97.5898779286836,96.96703916479973,2.641731166121502,False
555,90.89038535745097,88.89510818861731,2.5746390571877495,False
556,93.44107814953452,93.57570913095574,2.6758272616975356,False
557,92.62608692023257,91.87598942495964,2.613268784900895,False
558,93.51366225186707,94.75804649450767,2.6999923475751553,False
559,96.64110003768258,95.80354666519048,2.494507163151752,True
560,95.09737080833959,95.81352018926552,2.493341671850555,True
561,97.70953458095639,98.40535577920974,2.5939253468242693,False
562,93.90827956636366,92.76282028464892,2.6360481140526257,False
563,97.56153336475263,95.91531572113598,2.6317139594493844,False
564,97.77186970717209,95.63879422715992,2.591560655468135,False
565,91.36996750857587,90.8485785979289,2.627533590439908,False
566,90.92385224379254,89.60801970708171,2.531479639433988,False
567,99.4739792910882,97.00587104595087,2.7311084335072784,False
568,99.86453120034318,96.72046317585131,2.640659381916416,False
569,90.94118478670173,90.01663590281832,2.430898198455723,True
570,95.18207861829295,93.56234242533841,2.5835644874548804,False
571,99.5429061088363,96.9480510851108,2.699686097067911,False
572,91.55156985039,92.08441275432072,2.3700229607279173,True
573,91.36044831290995,88.62156246049832,2.5903014278686722,False
574,97.87962069738148,95.86154076111278,2.558525931420212,False
575,91.46459972827225,92.18053765376804,2.6292979505754133,False
576,90.44806982965099,91.05824242879132,2.7338385917970065,False
577,90.20679709606914,90.68143177754044,2.6546755313535018,False
578,91.22971683365796,90.28151521359328,2.6526976703618104,False
579,97.47710380624903,97.04643326748683,2.652562715172615,False
580,99.33440385050298,98.63077953189155,2.577341669057806,False
581,93.26449238345957,91.9428142239316,2.5322740203434306,False
582,98.07889199538897,98.24625610772407,2.5645583104442617,False
583,98.16989040860776,96.03044736118937,2.578657139222902,False
584,92.395710844117,91.38447166903221,2.5663461248369592,False
585,99.31541125355811,99.144263625002,2.617483749347375,False
586,93.39130295813723,93.0716410462772,2.640130886650846,False
587,90.37179668369944,89.84037649779431,2.548594392866889,False
588,92.93182199583715,91.76816654711567,2.715114135763777,False
589,92.12997450411592,91.37478540777232,2.668564665060324,False
590,95.04648593748936,93.79347051068211,2.4489005461061724,True
591,93.01055625912498,92.26569615259716,2.757749070260064,False
592,97.75551444572967,97.94437196388226,2.5349929440495536,False
593,98.88315724134559,97.98515121042345,2.5143647983657598,False
594,95.52624628946417,94.34408166214807,2.6356725957819873,False
595,94.97493613078686,93.18554743504102,2.5686363545783877,False
596,97.28957901381268,96.47822584860982,2.5570244215742646,False
597,94.89279393907998,94.50920449007893,2.5500114504628004,False
598,97.34206725460007,97.32603236328573,2.6283014426136226,False
599,94.68659250446595,93.50091059458045,2.4356522778189804,True
