upper_V,lower_V,minus2mV_Ah,nominal_Ah,plus2mV_Ah,valid,max_abs_relative_shift_pct
13.01,13.0,1.0890000000000128,1.105000000000004,1.0400000000000063,True,5.882352941176244
13.02,13.01,0.8249999999999886,0.9759999999999991,1.0139999999999958,True,15.471311475410921
13.03,13.02,1.0450000000000017,1.0900000000000034,1.0330000000000013,True,5.229357798165319
13.04,13.03,1.1060000000000088,1.1659999999999968,1.2600000000000051,True,8.061749571184267
13.05,13.04,1.573999999999998,1.4390000000000072,1.735999999999997,True,20.63933287004784
13.06,13.05,2.479999999999997,2.7679999999999936,2.952999999999996,True,10.404624277456552
13.07,13.06,4.091999999999999,4.636000000000003,4.914999999999999,True,11.73425366695435
13.08,13.07,5.255000000000003,5.265999999999998,5.57,True,5.772882643372619
13.09,13.08,6.5319999999999965,6.600999999999999,6.597000000000001,True,1.0452961672474266
13.1,13.09,4.911999999999999,5.006,4.155000000000001,True,16.99960047942467
13.11,13.1,2.9750000000000014,2.426000000000002,2.433,True,22.629843363561378
13.12,13.11,1.8930000000000007,1.6049999999999969,1.445999999999998,True,17.943925233645132
13.13,13.12,1.3659999999999997,1.041000000000004,0.8870000000000005,True,31.219980787703605
13.14,13.13,0.7689999999999984,0.7289999999999992,0.7580000000000027,True,5.486968449931302
13.15,13.14,0.5840000000000032,0.6499999999999986,0.5940000000000012,True,10.153846153845468
13.16,13.15,0.5859999999999985,0.5129999999999981,0.49799999999999756,True,14.230019493177517
13.17,13.16,0.4860000000000042,0.534000000000006,0.5559999999999974,True,8.988764044944059
13.18,13.17,0.5339999999999989,0.5649999999999977,0.5720000000000027,True,5.486725663716625
13.19,13.18,0.5689999999999991,0.5969999999999978,0.597999999999999,True,4.690117252931122
13.2,13.19,0.6829999999999998,0.7700000000000031,0.7940000000000005,True,11.298701298701681
13.21,13.2,0.9809999999999981,0.8869999999999969,1.0620000000000012,True,19.729425028185442
13.22,13.21,1.1320000000000014,1.2600000000000016,1.2399999999999984,True,10.158730158730155
13.23,13.22,1.8339999999999996,1.9529999999999994,2.3569999999999993,True,20.686123911930366
13.24,13.23,3.3260000000000005,3.5109999999999992,3.8810000000000002,True,10.538308174309345
13.25,13.24,5.645,6.200000000000003,6.666,True,8.951612903225856
13.26,13.25,16.829,15.787999999999998,14.331000000000001,True,9.228527995946271
