paper_id,local_file,source_url,retrieved_utc_date,carrier,sha256,bytes,status,notes,license_or_rights
Zhu2022,research/phase2_literature_reassessment/papers/D_old_refs/Zhu2022.html,https://www.nature.com/articles/s41467-022-29837-w,2026-09-29,html,6b1a8708b6315bf463de7b0924e2ec5a6a313c2dcb74de318f77233a2bfc4f9f,453344,downloaded_fulltext_or_supplement,,CC BY 4.0 (publisher article/supplement)
Zhu2022,research/phase2_literature_reassessment/papers/D_old_refs/Zhu2022.pdf,https://www.nature.com/articles/s41467-022-29837-w.pdf,2026-09-29,pdf,7bb10cfb5f361711f4b383456686eeaeead28fa6128e43f8bc888c1899786846,6974034,downloaded_fulltext_or_supplement,,CC BY 4.0 (publisher article/supplement)
Zhu2022,research/phase2_literature_reassessment/papers/D_old_refs/Zhu2022_MOESM1.pdf,https://media.springernature.com/original/springer-static/esm/art%3A10.1038%2Fs41467-022-29837-w/MediaObjects/41467_2022_29837_MOESM1_ESM.pdf,2026-09-29,pdf,6e45f07415f2d22aa60956c63a3717deca98535c31eb5ed38d001f3ddb889f9a,2111906,downloaded_fulltext_or_supplement,,CC BY 4.0 (publisher article/supplement)
Zhou2026_dynamic_ICA,research/phase2_literature_reassessment/papers/D_old_refs/Zhou2025_arxiv.html,https://arxiv.org/html/2502.19586,2026-09-29,html,2c450f88d34307ca2a765550ffc5fcfdfea83ba027f487a6ec10a0bdbf0b3719,260290,downloaded_fulltext_or_supplement,,"arXiv public fulltext; license per arXiv record, no redistribution assumed"
Zhou2026_dynamic_ICA,research/phase2_literature_reassessment/papers/D_old_refs/Zhou2025_arxiv.pdf,https://arxiv.org/pdf/2502.19586,2026-09-29,pdf,74312f5e163b0b4e19d47f23de3c07d1945afef501a08cc94a50252820d5bd26,1237881,downloaded_fulltext_or_supplement,,"arXiv public fulltext; license per arXiv record, no redistribution assumed"
Zhou2026_dynamic_ICA,research/phase2_literature_reassessment/papers/D_old_refs/Zhou2026_accepted.pdf,https://websites.umich.edu/~racelab/static/Webpublication/Zhou_SOHmNN2026.pdf,2026-09-29,pdf,f7f74cf35afb6604b3029a11dcff88097960f6b1862599f7c8902ed14eb44efb,1798632,downloaded_fulltext_or_supplement,author-hosted accepted manuscript; personal-use copyright,"IEEE personal use; author-hosted accepted copy, no redistribution"
Cheng2024,research/phase2_literature_reassessment/papers/D_old_refs/Cheng2024_arxiv.html,https://arxiv.org/html/2412.10044,2026-09-29,html,37bda471f3494773649c33b34166fd338050295ff890306c6f4087654cea6dc9,143829,downloaded_fulltext_or_supplement,,"arXiv public fulltext; license per arXiv record, no redistribution assumed"
Cheng2024,research/phase2_literature_reassessment/papers/D_old_refs/Cheng2024_arxiv.pdf,https://arxiv.org/pdf/2412.10044,2026-09-29,pdf,4ec987d2125268136ae13d3f63bbcb9c256962718226c8e7ca8cd6f6a092a694,6353543,downloaded_fulltext_or_supplement,,"arXiv public fulltext; license per arXiv record, no redistribution assumed"
BatteryGPT2025,research/phase2_literature_reassessment/papers/D_old_refs/BatteryGPT2025.html,https://www.nature.com/articles/s41467-025-66819-0,2026-09-29,html,56067e157f4de6007d8ebb5bca30d49c2a0231aa29413a49b0bc0eeb74715051,406340,downloaded_fulltext_or_supplement,,CC BY-NC-ND 4.0 (publisher article/supplement)
BatteryGPT2025,research/phase2_literature_reassessment/papers/D_old_refs/BatteryGPT2025.pdf,https://www.nature.com/articles/s41467-025-66819-0.pdf,2026-09-29,pdf,71d01abf586d171467bb71b1aec4a65ed37234774eb5b9b2d7217ced560f8d66,3726171,downloaded_fulltext_or_supplement,,CC BY-NC-ND 4.0 (publisher article/supplement)
BatteryGPT2025,research/phase2_literature_reassessment/papers/D_old_refs/BatteryGPT2025_MOESM1.pdf,https://media.springernature.com/original/springer-static/esm/art%3A10.1038%2Fs41467-025-66819-0/MediaObjects/41467_2025_66819_MOESM1_ESM.pdf,2026-09-29,pdf,0bb8e7181939f938796718f06447db77a7c6cabe269c5ab9c5ece3b3cfbc2c66,1030966,downloaded_fulltext_or_supplement,,CC BY-NC-ND 4.0 (publisher article/supplement)
Zhou2026_dynamic_ICA,research/phase2_literature_reassessment/papers/D_old_refs/Zhou2026_crossref.json,https://api.crossref.org/works/10.1109/TIE.2026.3665970,2026-09-29,json,4307946f004508b0450788382c17651cd57ecaf011027d7f73795f3001360bdb,12707,downloaded_bibliographic_metadata,Crossref DOI registration for version and issue metadata,Crossref public bibliographic metadata
BatteryGPT2025,research/phase2_literature_reassessment/papers/D_old_refs/BatteryGPT2025_crossref.json,https://api.crossref.org/works/10.1038/s41467-025-66819-0,2026-09-29,json,2a585e96216b7f5d30dba7822425323ef0c7de609e8b01fe97fdd28dfa69ccd9,26350,downloaded_bibliographic_metadata,Crossref DOI registration for version and issue metadata,Crossref public bibliographic metadata
