quality,method,calibration_scenarios,test_scenarios,rank,half_width_Ah,test_coverage
M4_unidentified,oracle_quality_gate,300,300,271,3.9296613524668373,0.8666666666666667
M4_unidentified,selected_blend,300,300,271,3.9296613524668373,0.8666666666666667
M4_unidentified,uniform,300,300,271,3.9296613524668373,0.8666666666666667
high_quality,oracle_quality_gate,300,300,271,0.8930020008620971,0.9133333333333333
high_quality,selected_blend,300,300,271,0.8930020008620971,0.9133333333333333
high_quality,uniform,300,300,271,0.9368068268884997,0.9066666666666666
low_quality,oracle_quality_gate,300,300,271,2.6813137769069613,0.8966666666666666
low_quality,selected_blend,300,300,271,2.6813137769069613,0.8966666666666666
low_quality,uniform,300,300,271,2.6813137769069613,0.8966666666666666
moderate_quality,oracle_quality_gate,300,300,271,2.0224205965854622,0.95
moderate_quality,selected_blend,300,300,271,2.0224205965854622,0.95
moderate_quality,uniform,300,300,271,2.0224205965854622,0.95
oracle,oracle_quality_gate,300,300,271,0.05276800591585129,0.89
oracle,selected_blend,300,300,271,0.05276800591585129,0.89
oracle,uniform,300,300,271,0.28383701359683755,0.8966666666666666
ultra_quality,oracle_quality_gate,300,300,271,0.21370226998666908,0.8833333333333333
ultra_quality,selected_blend,300,300,271,0.21370226998666908,0.8833333333333333
ultra_quality,uniform,300,300,271,0.3340535787158103,0.8566666666666667
