query_id,date_utc,entry_type,query_or_access,range_seen,selected_or_action,limitation
BQ01,2026-09-29,web_search,BattGP field lithium iron phosphate battery fault detection Gaussian process Schaeffer 2024 full text data Zenodo,top results,Schaeffer2024 plus Zenodo and GitHub,search engine discovery only
BQ02,2026-09-29,web_search,LiFePO4 SOC SOH joint estimation voltage bias capacity high OCV slope Yi Du 2024 arxiv,top results,Yi2024,search engine discovery only
BQ03,2026-09-29,web_search,series connected lithium ion battery module incremental capacity analysis Krupp 2021 full text,top results,Krupp2021 DLR PDF,search engine discovery only
BQ04,2026-09-29,web_search,lithium ion battery capacity estimation voltage relaxation Zhu 2022 Nature Communications full text,top results,Zhu2022 secondary candidate,not priority for B because full charge non-LFP
BQ05,2026-09-29,web_search,site:arxiv.org/html/2407.06639 ageing aware equivalent circuit Gaussian process battery capacity impedance Zhou Aitio Howey,top results,ZhouAitioHowey2025,exact HTML then author PDF
BQ06,2026-09-29,web_search,site:arxiv.org/html/2401.08136 Bias-Compensated State of Charge State of Health Joint Estimation LFP full,top results,Yi2024 source opened,exact HTML
BQ07,2026-09-29,web_search,site:mdpi.com/2313-0105/7/1/2 incremental capacity series connected module Krupp 2021,top results,Krupp2021 DLR alternative,MDPI web open internal error
BQ08,2026-09-29,web_search,site:arxiv.org OR site:pmc.ncbi.nlm.nih.gov battery capacity estimation series connected cells imbalance total voltage cutoff experiment,top results,screened series and parallel candidates,scope mixed
BQ09,2026-09-29,web_search,battery capacity identifiability state of charge open circuit voltage flat curve Fisher information original paper lithium iron phosphate capacity estimation,top results,Shi2026 and Yi2024,search engine discovery only
BQ10,2026-09-29,web_search,observability identifiability battery capacity state of charge voltage measurements SOC SOH estimation original paper,top results,identifiability candidate list,non-LFP method contrasts
BQ11,2026-09-29,web_search,LiFePO4 battery pulse resistance capacity state of health relationship temperature original experimental paper open access,top results,Zhang2011 and Gasper2025,search engine discovery only
BQ12,2026-09-29,web_search,series connected lithium iron phosphate pack capacity imbalance group terminal voltage cutoff experimental original paper,top results,Krupp2021 and Cornejo2026,per-cell cutoff differs from official group cutoff
BQ13,2026-09-29,web_search,"Searching for a Pulse" "Evaluating the Use" rapid DC pulses full text pdf,top results,Gasper2025 OSTI full PDF,original publication
BQ14,2026-09-29,web_search,"Searching for a Pulse" battery health state of charge safety 2025 DOI,top results,Gasper2025 DOI corroboration,original institution record
BQ15,2026-09-29,web_search,"Cycling degradation of an automotive LiFePO4 lithium-ion battery" Zhang 2010 DOI,top results,Zhang2011 author PDF plus journal metadata,author filename year differs publication year
BQ16,2026-09-29,web_search,"Estimating the Health and State of Charge of Each Cell in a Second-Life Battery System from Field Data" arxiv 2026,top results,Cornejo2026 original preprint,recent unreviewed
BQ17,2026-09-29,web_search,"Learning battery model parameter dynamics from data with recursive Gaussian process regression" DOI journal,top results,Aitio2023/2025 and RWTH record,preprint-to-journal version crosswalk
BQ18,2026-09-29,web_search,"Learning Li-ion battery health and degradation modes from data with aging-aware circuit models" DOI journal,top results,ZhouAitioHowey2025 and journal DOI,preprint-to-journal version crosswalk
BQ19,2026-09-29,web_search,"Searching for a Pulse: Evaluating the Use" DOI 2025 Gasper,top results,Gasper2025 institution metadata,original institution record
BQ20,2026-09-29,web_search,"An Adaptive Estimation Approach based on Fisher Information" journal 2026 DOI,top results,Shi2026 Chalmers author version,capacity assumed known
BQ21,2026-09-29,data_repository_API,https://zenodo.org/api/records/13715694,record v1.0.0,BattGP README downloaded and license checked,1.7GB ZIP not downloaded
BQ22,2026-09-29,code_repository_API,https://api.github.com/repos/JoachimSchaeffer/BattGP/commits/main,main commit plus recursive file tree,code cloned at 6d5e1db3337f0de5f3a533acbc09eddccc178e9d,static review only
BQ23,2026-09-29,data_repository_API,https://zenodo.org/api/records/22281620,record metadata,Cornejo2026 software/data archive present,19.5MB ZIP not unpacked
BQ24,2026-09-29,backward_citation,Krupp2021 References 8 10 15 and Gasper2025 References 9 10 12 15,reference lists,Weng2016 Berecibar2016 Gasper2022 etc shortlisted,not full forward citation census
BQ25,2026-09-29,forward_title_search,"Incremental Capacity Analysis as a State of Health Estimation Method for Lithium-Ion Battery Modules with Series-Connected Cells" cited by 2024 2025 capacity imbalance,top results,2026 series-pack candidate abstract found,no accessible direct citing full text verified
BQ26,2026-09-29,forward_title_search,"Gaussian process-based online health monitoring and fault analysis" cited by 2025 2026 capacity estimation,top results,version mismatch surfaced arXiv v3 29/232/131M vs journal 28/224/133M,not a full citation-index audit
BQ27,2026-09-29,forward_title_search,"Searching for a Pulse" cited by 2026 battery capacity pulse validation,top results,no decision-changing original citing experiment secured,search engine limited
BQ28,2026-09-29,forward_title_search,"Learning Li-ion battery health and degradation modes" cited by 2026 OCV resistance identifiability,top results,journal original reconfirmed and other pulsing route surfaced,no decision-changing citing full text secured
