query_id,date_utc,entry,family,exact_query,observed_scope,selection_or_gap
Cq01,2026-09-29,web.search academic+publisher,GP,"LFP battery state of health capacity sparse labels gaussian process field data BattGP full text","first returned results; count not exported","BattGP; Richardson 2017; BattGP official source checked"
Cq02,2026-09-29,web.search academic+publisher,SSL,"lithium ion battery capacity estimation transfer learning self supervised few shot LFP full text arxiv","first returned results; count not exported","followed self-supervised and transfer items"
Cq03,2026-09-29,web.search academic+publisher,physics,"battery state of health physics informed neural network sparse data LFP capacity full text","first returned results; count not exported","Wen; later PINN candidates"
Cq04,2026-09-29,web.search academic+publisher,uncertainty,"battery capacity uncertainty quantification conformal prediction state of health open dataset full text","first returned results; count not exported","Silva preprint; AAAI page only"
Cq05,2026-09-29,web.search repository,data,"site:zenodo.org/records/13715694 BattGP dataset files license columns capacity","first returned results; count not exported","opened Zenodo and README"
Cq06,2026-09-29,web.search academic+repository,data,"Che Dataset 3 lithium ion battery original data charge capacity 11 LiFePO4 cells data description","first returned results; count not exported","followed Mendeley v9 and local MAT"
Cq07,2026-09-29,web.search repository,data,"He ESSL1 Zenodo 102Ah LFP battery pack 16S dataset raw data","first returned results; count not exported","Zenodo 20132842 and ESSL1 zip inspected"
Cq08,2026-09-29,web.search academic+repository,data,"Xu 1P10S lithium iron phosphate module dataset 53Ah capacity calibration DOI","first returned results; count not exported","found Xu Mendeley 4nww8p6vxf.1"
Cq09,2026-09-29,web.search preprint,SSL,"site:arxiv.org battery state health self supervised pretraining capacity estimation LFP","first returned results; count not exported","Arunan/Yao candidates"
Cq10,2026-09-29,web.search preprint,SSL,"site:arxiv.org battery capacity estimation transfer learning few shot lithium iron phosphate dataset","first returned results; count not exported","followed transfer items"
Cq11,2026-09-29,web.search preprint,uncertainty,"site:arxiv.org lithium ion battery health conformal prediction capacity interval coverage","first returned results; count not exported","Silva full PDF"
Cq12,2026-09-29,web.search preprint,physics,"site:arxiv.org physics informed battery state health estimation capacity degradation LFP dataset","first returned results; count not exported","Wen full PDF"
Cq13,2026-09-29,web.search academic+publisher,SSL,"self-supervised pretraining battery health estimation masked charging data capacity LFP paper","first returned results; count not exported","Arunan and J Energy Chem links"
Cq14,2026-09-29,web.search academic+publisher,SSL,"contrastive representation learning battery capacity estimation state of health cross domain LFP paper","first returned results; count not exported","IFAC full PDF blocked 403; no detail claims"
Cq15,2026-09-29,web.search academic+publisher,GP,"battery health prognostics transfer learning Gaussian process multi task cells hierarchical model capacity few data paper","first returned results; count not exported","Richardson 2019 full PDF"
Cq16,2026-09-29,web.search academic+repository,GP,"Battery health prediction under generalized conditions using a Gaussian process transition model pdf Richardson Howey","first returned results; count not exported","arXiv 1807.06350 downloaded"
Cq17,2026-09-29,web.search preprint,benchmark,"site:arxiv.org Data-driven prediction of battery cycle life before capacity degradation Severson","first returned results; count not exported","not included in C cards; shared dataset caution"
Cq18,2026-09-29,web.search repository,data,"Che-Dataset3.mat Capacity 11 cells original paper","first returned results; count not exported","exact filename search did not identify record; used DOI from original source"
Cq19,2026-09-29,web.search publisher,data,"Yagci 180Ah LFP battery dataset reference performance tests DOI","first returned results; count not exported","Zenodo version 1.1 README downloaded"
Cq20,2026-09-29,web.search repository,data,"1P10S capacity calibration Zenodo expansion force","first returned results; count not exported","Xu Mendeley primary record found in follow-up"
Cq21,2026-09-29,web.search publisher,data,"Study of Expansion Force Distribution during Lithium-ion Battery Operation and Ageing dataset","first returned results; count not exported","Xu publisher paper + Mendeley data"
Cq22,2026-09-29,web.search publisher,data,"Increasing generalization capability of battery health estimation using continual learning Dataset 3 capacity","first returned results; count not exported","Che full author PDF and v9 record"
Cq23,2026-09-29,web.search publisher,data,"n3b54nsw8m Dataset3 Capacity","first returned results; count not exported","Mendeley version comparison clarifies normalization"
Cq24,2026-09-29,web.search publisher,benchmark,"site:nature.com/articles/s41467-025-66819-0 BatteryGPT MIT LFP 46 full lifecycle labels","first returned results; count not exported","screened as lifecycle-supervised contrast; no C deep card to avoid team duplication"
